id,category,slokamrtam_reference,sloka_title,sloka_text,scripture_reference,word_by_word_meaning,translation
1,Maṅgalācaraṇa,0.1,,"vande 'haṁ śrī-guroḥ śrī-yuta-pada-kamalaṁ śrī-gurūn vaiṣṇavāṁś ca
 śrī-rūpaṁ sāgrajātaṁ saha-gaṇa-raghunāthānvitaṁ taṁ sa-jīvam
 sādvaitaṁ sāvadhūtaṁ parijana-sahitaṁ kṛṣṇa-caitanya-devaṁ
 śrī-rādhā-kṛṣṇa-pādān saha-gaṇa-lalitā-śrī-viśākhānvitāṁś ca",,"vande—offer my respectful obeisances; aham—I; śrī-guroḥ—of my spiritual master; śrī-yuta-pada-kamalam—unto the opulent lotus feet; śrī-gurūn—unto the spiritual masters; vaiṣṇavān—unto all Vaiṣṇavas; ca—and; śrī-rūpam—unto Śrīla Rūpa Gosvāmī; sa-agra-jātam—with his elder brother, Śrī Sanātana Gosvāmī; saha-gaṇa-raghunātha-anvitam—with Raghunātha dāsa Gosvāmī and his associates; tam—unto him; sa-jīvam—with Jīva Gosvāmī; sa-advaitam—with Advaita Ācārya; sa-avadhūtam—with Lord Nityānanda; parijana-sahitam—and with all the other associates; kṛṣṇa-caitanya-devam—unto Lord Śrī Kṛṣṇa Caitanya Mahāprabhu; śrī-rādha-kṛṣṇa-pādān—unto the lotus feet of Rādhā and Kṛṣṇa; saha-gana—with associates; lalitā-śrī-viśākhā-anvitān—accompanied by Lalitā and Śrī Viśākhā; ca—also.","I offer praṇāma to the lotus feet of Śrī Gurudeva (who includes śrī dīkṣā-guru and bhajana śikṣā-guru), guru-varga (our entire disciplic succession) and all other Vaiṣṇavas, to Śrī Rūpa Gosvāmī, his elder brother Śrī Sanātana Gosvāmī, Śrī Raghunātha Dāsa Gosvāmī, Jīva Gosvāmī and their associates, to Śrī Advaita Prabhu, Śrī Nityānanda Prabhu, Śrī Kṛṣṇa Caitanya Mahāprabhu and His associates, and to the lotus feet of Śrī Rādhā and Kṛṣṇa accompanied by Śrī Lalitā and Viśākhā and all the other sakhīs."
2,Maṅgalācaraṇa,0.2,Samasta Praṇāma,"gurave gauracandrāya rādhikāyai tadālaye
 kṛṣṇāya kṛṣṇa-bhaktāya tad-bhaktāya namo namaḥ",,gurave—unto Śrī Guru; gauracandrāya—unto Gauracandra; rādhikāyai—unto Śrīmatī Rādhikā; tadālaye—unto Her pastime places such as Śrī Vṛndāvana (or Her associates); kṛṣṇāya—unto Kṛṣṇa; kṛṣṇa-bhaktāya—unto Kṛṣṇa's devotees; tad-bhaktāya—unto the devotees of the devotees of Kṛṣṇa; namo namaḥ—I offer my obeisances time and again.,"I offer my obeisances unto Śrī Gurudeva, Śrī Gauracandra, Śrīmatī Rādhikā and Her associates, Śrī Kṛṣṇa and His devotees, and to all Vaiṣṇavas."
3,Maṅgalācaraṇa,0.3,Śrī Guru Praṇāma,"ajñāna-timirāndhasya jñānāñjana-śalākayā
 cakṣur unmīlitaṁ yena tasmai śrī-gurave namaḥ",Śrī Prema-bhakti-candrikā,ajñāna—of ignorance; timira—by the darkness; andhasya—of one who was blinded; jñāna-añjana-by the ointment of spiritual knowledge; śalākayā-a medical instrument used in treating cataracts; cakṣuḥ-eyes; unmīlitam-were opened; yena-by whom; tasmai-unto him; śrī-gurave-unto my spiritual master; namaḥ-obeisances.,"O Gurudeva, you are so merciful. I offer my humble obeisances unto you and I pray from the core of my heart that, with the torchlight of divine knowledge, you open my eyes that have been blinded by the darkness of ignorance."
4,Maṅgalācaraṇa,0.18,Śrī Sambandhādhideva Vandanā (glorification),"jayatāṁ suratau paṅgor mama manda-mater gatī
 mat-sarvasva-padāmbhojau rādhā-madana-mohanau",CC Ādi 1.15,"jayatām—all glory to; su-ratau—most merciful, or attached in conjugal love; paṅgoḥ—of one who is lame; mama—of me; manda-mateḥ—foolish; gatī—refuge; mat—my; sarva-sva—everything; pada ambhojau—whose lotus feet; rādhā-madana-mohanau—Rādhā who enchants the enchanter of Cupid (Madana-mohana).","All glories to the all-merciful Śrī Rādhā-Madana-Mohana! Although I am lame, foolish and devoid of intelligence, Your lotus feet are my refuge and my everything!"
5,Maṅgalācaraṇa,0.19,Śrī Abhidheyādhideva Dhyāna (meditation),"dīvyad-vṛndāraṇya-kalpa-drumādhaḥ
 śrīmad-ratnāgāra-siṁhāsana-sthau
 śrīmad-rādhā-śrīla-govinda-devau
 preṣṭhālībhiḥ sevyamānau smarāmi",CC Ādi 1.16,dīvyat—shining; vṛndā-araṇya—in the forest of Vṛndā-devī; kalpa-druma—desire tree; adhaḥ—beneath; śrīmat—most beautiful; ratna-āgāra—in a temple of jewels; siṁha-āsana-sthau—sitting on a throne; śrīmat—very beautiful; rādhā—Śrīmatī Rādhikā; śrīla-govinda-devau—and Śrī Govindadeva; preṣṭha-ālībhiḥ—by most confidential associates; sevyamānau—being served; smarāmi—I remember.,"I meditate upon Śrī Śrī Rādhā-Govinda-deva, who are seated beneath a kalpa-vṛkṣa tree on an effulgent bejeweled siṁhāsana in the supremely beautiful land of Vṛndāvana, where They are always being served by Their beloved sakhīs, headed by Lalitā and Viśākhā."
6,Maṅgalācaraṇa,0.2,Śrī Prayojanādhideva Vandanā,"śrīmān rāsa-rasārambhī vaṁśīvaṭa-taṭa-sthitaḥ
 karṣan veṇu-svanair gopīr gopīnāthaḥ śriye 'stu naḥ",CC Ādi 1.17,gopī-nāthaḥ—He whose lords are the gopīs; śrīmān—the beautiful; ārambhī—the initiator; rasa—of the conjugal mellow; rāsa—of the rāsa dance; taṭasthitaḥ—situated nearby; vaṁśī-vaṭa—the banyan tree renowned by the name of vaṁśī; karṣan—attracting; gopīḥ—the milkmaids; svanaiḥ—by the sounds; veṇu—of His flute; astu—let Him be; naḥ—ours; śriye—in benediction.,"Śrī Gopīnātha, who originated the transcendental mellow of the rāsa dance, always stands beneath the Vaṁśī-vaṭa tree, attracting all the kiśorī-gopīs with the sound of His flute, thereby showering me with auspiciousness."
7,Maṅgalācaraṇa,0.21,Śrī Tulasī Praṇāma,"vṛndāyai tulasī-devyai priyāyai keśavasya ca
 kṛṣṇa-bhakti-prade devi! satyavatyai namo namaḥ",,vṛndāyai—unto Vṛndā; tulasī-devyai—unto Tulasī Devī; priyāyai—who is dear; keśavasya—to Lord Keśava; ca—and; kṛṣṇa-bhakti—devotional service to Lord Kṛṣṇa; prade—who bestows; devi—O goddess; satya-vatyai—unto Satyavatī or unto the embodiment of the highest truth; namaḥ namaḥ—repeated obeisances.,"I offer praṇāma again and again to Tulasī-devī, who is most dear to Śrī Kṛṣṇa, and is also renowned as Vṛṇdā-devī and Satyavatī. O Devi! You are bestowing kṛṣṇa-bhakti upon all!"
8,Maṅgalācaraṇa,0.22,Śrī Pañca-tattva Praṇāma,"pañca-tattvātmakaṁ kṛṣṇaṁ bhakta-rūpa-svarūpakam
 bhaktāvatāraṁ bhaktākhyaṁ namāmi bhakta-śaktikam",,"pañca-tattva-ātmakam—five transcendental features in one person; kṛṣṇam—unto Lord Kṛṣṇa; bhakta-rūpa—in the form of a devotee (Mahāprabhu); sva-rūpakam—in the expansion of a devotee (Nityānanda); bhakta-avatāram—in the incarnation of a devotee (Advaita); bhakta-ākhyam—known as a devotee (Śrīvāsa); namāmi—I offer my obeisances; bhakta-śaktikam—the embodiment of svarūpa-śakti, the energy of the Lord (Gadādhara).","I offer praṇāma unto Śrī Caitanya Mahāprabhu in His five features as a bhakta, bhakta-rūpa, bhakta-svarūpa, bhakta-avatāra, and bhakta-śakti."
9,Maṅgalācaraṇa,0.23,Śrī Pañca-tattva Mantra,"(jaya) śrī-kṛṣṇa-caitanya prabhu-nityānanda
 śrī-advaita gadādhara śrīvāsādi-gaura-bhakta-vṛnda",,"[jaya— all glories to] śrī kṛṣṇa caitanya— Śrī Kṛṣṇa who has descended as the embodiment of cetana (the living force) and with the mood (bhāva) and golden lustre of Śrīmatī Rādhikā; prabhu-nityānanda— Nityānanda-rāma, the incarnation of Baladeva; śrī advaita—Advaita Ācārya, Sadāśiva, Mahā-Viṣṇu; gadādhara—the incarnation of Śrīmatī Rādhikā; śrīvāsādi- the incarnation of Nārada Muni and all other pure devotees; gaura-bhakta-vṛnda—all the associates and devotees of Śrī Gaurāṅga.","All glories to Śrī Kṛṣṇa Caitanya Mahāprabhu, Nityānanda Prabhu, Advaita Ācārya, Gadādhara Paṇḍita, Śrīvāsa Ṭhākura and all the devotees who follow in their footsteps."
10,Maṅgalācaraṇa,,Śrī Mahā Mantra,"hare kṛṣṇa hare kṛṣṇa kṛṣṇa kṛṣṇa hare hare
 hare rāma hare rāma rāma rāma hare hare",,"hare—Śrīmatī Rādhikā (the personified svarūpa-śakti, the divine energy of the Lord); kṛṣṇa—the all-attractive Vrajendra-nandana Śyāmasundara; rāma—Rādhā-Ramaṇa, the giver of pleasure to Śrī Rādhikā or the reservoir of pleasure.","O Rādhe, O Kṛṣṇa, O Rādhā-Ramaṇa – please bestow upon me loving devotional service unto You."
11,Maṅgalācaraṇa,0.25,Śrī Śukadeva Gosvāmī (The universal Guru) Praṇāma,"yaṁ pravrajantam anupetam apeta-kṛtyaṁ
 dvaipāyano viraha-kātara ājuhāva
 putreti tan-mayatayā taravo 'bhinedus
 taṁ sarva-bhūta-hṛdayaṁ munim ānato 'smi",Śrīmad Bhāgavatam 1.2.2,yam—whom; pravrajantam—while running away to the forest (renounced order of life); anupetam—without being reformed by the sacred thread; apeta—not undergoing ceremonies; kṛtyam—prescribed duties; dvaipāyanaḥ—Vyāsadeva; viraha—separation; kātaraḥ—being afflicted by; ājuhāva—exclaimed; putra iti—O my son; tat-mayatayā—being absorbed in that way; taravaḥ—all the trees; abhineduḥ—responded; tam—unto him; sarva—all; bhūta—living entities; hṛdayam—heart; munim—sage; ānataḥ asmi—offer obeisances.,"I offer praṇāma to Śrī Śukadeva Gosvāmī, who can enter the hearts of all people. When he left home without undergoing the purificatory processes such as accepting the sacred thread (since he was Rādhikā's parrot, there was no necessity), his father Vyāsa cried out, ""O my son!"" (because he was hankering for sādhu-saṅga). As if they were absorbed in that same feeling of separation, only the trees echoed in response to his call."
12,Maṅgalācaraṇa,0.26,Śrī Vṛndā-Devī Praṇāma,"bhaktyā vihīnā aparādha-lakṣaiḥ
 kṣiptāś ca kāmādi-taraṅga-madhye
 kṛpāmayi tvāṁ śaraṇaṁ prapannā
 vṛnde numas te caraṇāravindam",Śrī Vṛndā Devy-aṣṭakam 8,"bhaktyā—bhakti; vihīnā—being bereft of; aparādha—offences; lākṣaiḥ—hundreds of thousands of; kṣiptāḥ—thrown; ca—and; kāmādi—lust, anger, greed, etc.; taraṇga—waves; madhye—in the midst; kṛpāmayi—O merciful one; tvāṁ—of you; śaraṇaṁ—shelter; prapannā—I take; vṛnde—O Vṛnda Devi; numas te—I offer my obeisances; caraṇa-aravindam—to your lotus feet.","O merciful Vṛndā-devi, devoid of devotion and guilty of unlimited offences, I am being tossed about in the ocean of material existence by the turbulent waves of lust, anger, greed and other inauspicious qualities. Therefore, I take shelter of you as I offer praṇama unto your lotus feet."
13,Maṅgalācaraṇa,0.27,Śrī Rādhā-Kṛṣṇa Dhyāna (meditation),"aṅga-śyāmalima-chaṭābhir abhito mandīkṛtendīvaraṁ
 jāḍyaṁ jāguḍa-rociṣāṁ vidadhataṁ paṭṭāmbarasya śriyā
 vṛndāraṇya-nivāsinaṁ hṛdi lasad-dāmābhir āmodaraṁ
 rādhā-skandha-niveśitojjvala-bhujaṁ dhyāyema dāmodaram",Stava-mālā,aṅga—limbs; śyāmalima—dark; chaṭābhiḥ—splendor; abhitaḥ—everywhere; mandī-kṛta—eclipsed; indīvaram—blue lotuses; jāḍyam—coldness; jāguḍa—of kuṅkuma; rociṣām—splendor; vidadhatam—doing; paṭṭāmbarasya—garments; śriyā—splendor; vṛndāraṇya—Vṛndāvana forest; nivāsinam—resident; hṛdi—in the heart; lasat—splendid; dāmabhiḥ—with garlands; amodaram—fragrant; rādhā—of Rādhā; skandha—the shoulders; niveśita—placed; ujjvala—splendid; bhujam—splendid; dhyayema—we meditate; dāmodaram—Śrī Kṛṣṇa who is bound by the rope of Śrī Rādhikā's prema.,"I meditate upon that Śrī Dāmodara – whose dark bodily luster is millions of times more beautiful than the blue lotus flower, whose brilliant yellow garments rebuke the radiance of golden kuṅkuma, whose residence is Śrī Vṛndāvana-dhāma, whose chest is beautified by a swinging vaijayantī garland, and whose splendorous left hand rests upon the right shoulder of Śrīmatī Rādhikā."
14,Maṅgalācaraṇa,0.28,Śrī Rādhā-Prārthanā (prayer),"śyāmasundara śikhaṇḍa-śekhara
 smera-hāsa muralī-manohara
 rādhikā-rasika māṁ kṛpā-nidhe
 sva-priyā-caraṇa-kiṅkarīṁ kuru",Śrī Rādhā-Prārthanā 2,śyāmasundara—O You who have a beautifully radiant blackish-blue colour; śikhaṇḍa-śekhara—O You who wear a peacock feather; smera-hāsa—O You whose smile evokes or captivates Cupid; muralī-manohara—O You who play enchantingly on Your Muralī flute; rādhikā-rasika—O You who is expert in relishing the mellows of Śrīmatī Rādhikā; kṛpā-nidhe—O ocean of mercy; kuru—make; māṁ—me; sva-priyā-caraṇa-kiṅkarīṁ—a maidservant at the feet of Your beloved.,"O Śyāmasundara! O You whose head is adorned with peacock feathers! Your face is always graced with a playful smile, Your flute-playing is enchanting, and You are expert in relishing rasa with Śrīmatī Rādhikā. Because You are an ocean of mercy, I am appealing to You to please make me a kiṅkarī (maidservant) at the feet of Your beloved Rādhikā."
15,Maṅgalācaraṇa,0.29,Śrī Rādhā Vijñapti (supplication),"hā devi kāku-bhara-gadgadayādya vācā
 yāce nipatya bhuvi daṇḍavad udbhaṭārtiḥ
 asya prasādam abudhasya janasya kṛtvā
 gāndharvike nija-gaṇe gaṇanāṁ vidhehi",Śrī Gāndharvā-samprārthanāṣṭakam,gandharvike—O Rādhā; hā devi—O illustrious enactor of pleasure-pastimes; udbhaṭārtiḥ—being afflicted with distress; kāku-bhara—filled with emotion; gadgadayādya—with choked voice and so forth; vācā—with words; nipatya—falling down; bhuvi—on the ground; daṇḍavat—like a stick; yace—I beg; kṛtvā—being merciful; vidhehi gaṇanām—please count; asya—of him; abudhasya—foolish; janasya—person; nija-gaṇe—amongst Your own associates.,O Devi Gāndharvike! In utter desperation I throw myself on the ground like a stick and with a choked voice humbly implore You to be merciful to this fool and count him as one of Your own.
16,Maṅgalācaraṇa,0.3,Śrī Rādhikā Dhyāna,"bhajāmi rādhāṁ aravinda-netrāṁ
 smarāmi rādhāṁ madhura-smitāsyāṁ
 vadāmi rādhāṁ karuṇā-bharārdrāṁ
 tato mamānyāsti gatir na kāpi",Śrī Stavāvali,bhajāmi—I worship; rādhām—Rādhā; aravinda—lotus; netrām—eyes; smarāmi—I remember; rādhām—Rādhā; madhura—sweet; smita—smile; asyām—face; vadāmi—I glorify; rādhām—Rādhā; karuṇā—of mercy; bhara—with an abundance; ardrām—melting; tataḥ—other than that; mama—for me; anyā—another; asti—is; gatiḥ—goal; na—not; ka-api—anything else.,"I worship Rādhā who has lotus eyes, I remember Rādhā who has a sweet smile, and I speak of Rādhā who is melted with compassion. There is nothing else for me. She is my life and soul."
17,Maṅgalācaraṇa,0.31,Vijñapti,"tavaivāsmi tavaivāsmi na jīvāmi tvayā vinā
 iti vijñāya devi (radhe) tvaṁ naya māṁ caraṇāntikam",Śrī Stavāvali,tava—Yours; eva—indeed; asmi—I am; tava—Yours; eva—indeed; asmi—I am; na—not; jīvāmi—I live; tvayā—You; vinā—without; iti—thus; vijñāya—understanding; devi— Śrīmati Rādhikā; tvam—You; naya—please lead; mām—me; caraṇāntikam—to the tips of Your feet.,"""I am Yours! I am Yours! I cannot live without You! O Devi (Rādhikā), please understand this and bring me to Your lotus feet."""
18,Maṅgalācaraṇa,0.32,The reason for offering maṅgalācaraṇa is explained by Śrīla Kṛṣṇadāsa Kavirāja Gosvāmī,"granthera ārambhe kari 'maṅgalācaraṇa'
 guru, vaiṣṇava, bhagavān,—tinera smaraṇa
 tinera smaraṇe haya vighna-vināśana
 anāyāse haya nija vāñchita-purāṇa",CC Ādi 1.20-21,granthera—of this book; ārambhe—in the beginning; kari—I make; maṅgala-ācaraṇa—auspicious invocation; guru—the spiritual master; vaiṣṇava—the devotees of the Lord; bhagavān—the Supreme Personality of Godhead; tinera—of these three; smaraṇa—remembering; tinera—of these three; smaraṇe—by remembrance; haya—there is; vighna-vināśana—the destruction of all difficulties; anāyāse—very easily; haya—there is; nija—our own; vāñchita—of the desired object; pūraṇa—fulfillment.,"""In the beginning of this narration, simply by remembering Guru, Vaiṣṇavas and Bhagavān, I have invoked their benedictions. Such remembrance destroys all difficulties and very easily enables one to fulfill his innermost desires."""
19, Guru-tattva,1,"The three symptoms of pure bhakti, elucidated by Śrīla Rūpa Gosvāmī in this key śloka, must be present in the real Guru","anyābhilāṣitā-śūnyaṁ
 jñāna-karmādy-anāvṛtam
 ānukūlyena kṛṣṇānu-
 śīlanaṁ bhaktir uttamā",BRS 1.1.11,"anya-abhilāṣitā-śūnyam—without desires other than those for the service of Lord Kṛṣṇa (or without material desires, especially meat-eating, illicit sex, gambling and addiction to intoxicants); jñāna—knowledge aimed at impersonal liberation; karma—fruitive, reward seeking activities; ādi—artificial renunciation, yoga aimed at attaining mystic powers, and so on; anāvṛtam—not covered by; ānukūlyena—favourable; kṛṣṇa-anuśīlanaṁ—cultivation of service to Kṛṣṇa; bhaktiḥ uttamā—first-class devotional service. (The prefix ānu indicates ānugatya – 'following, being under guidance'. Ānu also indicates 'continuous, uninterrupted')","Uttama-bhakti, pure devotional service, is the cultivation of activities that are meant exclusively for the pleasure of Śrī Kṛṣṇa. In other words, it is the uninterrupted flow of service to Śrī Kṛṣṇa, performed through all endeavors of body, mind and speech, as well as through the expression of various spiritual sentiments (bhāvas). It is not covered by jñāna (knowledge aimed at impersonal liberation), karma (reward-seeking activity), yoga or austerities; and it is completely free from all desires other than the aspiration to bring happiness to Śrī Kṛṣṇa."
20, Guru-tattva,1.1,Definition of a Sad-Guru,"tasmād guruṁ prapadyeta
 jijñāsuḥ śreya uttamam
 śābde pare ca niṣṇātaṁ
 brahmaṇy upaśamāśrayam",SB 11.3.21,"tasmāt—therefore; gurum—a spiritual master; prapadyeta—one should take shelter of; jijñāsuḥ—being inquisitive; śreyaḥ uttamam—about the highest good; śābde—in the Vedas; pare—in the Supreme Lord [Śrī Kṛṣṇa]; ca—and; niṣṇātam—perfectly knowledgeable, fully realised; brahmaṇi—(in these two aspects) of the Absolute Truth; upaśama-āśrayam—fixed in detachment from material desires and conceptions.","Therefore [because we do not have peace or happiness in this material world], a person who seriously desires the ultimate spiritual perfection must seek a bona fide spiritual master and take shelter of him. The qualifications of the sad-guru is that he has realised the Vedic scriptures (śabda-brahma) and the Supreme Absolute Truth (parabrahman), and the mundane world holds no charm for him whatsoever."
21, Guru-tattva,1.2,"At the lotus feet of such a sad-guru, divine relationship, practice, and the ultimate objective (sambandha, abhidheya and prayojana) are all achieved","tatra bhāgavatān dharmān / śikṣed gurv-ātma-daivataḥ
 amāyayānuvṛttyā yais / tuṣyed ātmātma-do hariḥ",SB 11.3.22,tatra—there (in the association of the spiritual master); bhāgavatān dharmān—the knowledge of devotional service; śikṣet—should learn; guru-ātma-daivataḥ—he for whom the Guru is his very life and soul; amāyayā—without deceit; anuvṛttyā—by faithful service; yaiḥ—by which (devotional knowledge); tuṣyet—can be satisfied; ātmā—the Supreme Soul; ātma-daḥ—who bestows His own self; hariḥ—Lord Hari.,"Those divine practices of pure devotional service that please the self-giving Śrī Hari (who gives Himself to His pure devotees) will be learned by continuously serving such a Guru with full sincerity, knowing him to be one's dearmost well-wishing friend and the supremely worshipable embodiment of Śrī Hari."
22, Guru-tattva,1.3,One must accept a sad-guru who has fully realised both Śāstra and Kṛṣṇa,"tad-vijñānārthaṁ sa gurum evābhigacchet
 samit-pāṇiḥ śrotriyaṁ brahma-niṣṭham",Mundaka Upanisad 1.2.12,"tat-vijñāna-ārtham—to learn that transcendental subject matter; saḥ—one; gurum—a spiritual master; eva—certainly; ābhigacchet—must approach; samit-pāniḥ—carrying the firewood (of sublime faith); śrotriyam—expert in understanding the Vedic conclusions; brahma-niṣṭham—has fully realised Kṛṣṇa, directly engaged in His service in the nitya-līlā.","To acquire transcendental knowledge of Śrī Bhagavān, one must approach a Guru who knows the real import of the Vedic śāstra and who has fully realised Kṛṣṇa. One should offer him firewood for the yajña [i.e. the yajña of service to Śrī Hari, assist him in the saṅkīrtana yajña, offer him one's life and soul]. Such a spiritual master must be fixed in the Absolute Truth, having received it in the disciplic succession."
23, Guru-tattva,1.4,Guru-Devatātmā – Accepting Śrī Guru as one's life and soul,"bhayaṁ dvitīyābhiniveśataḥ syād
 īśād apetasya viparyayo 'smṛtiḥ
 tan-māyayāto budha ābhajet taṁ
 bhaktyaikayeśaṁ guru-devatātmā",SB 11.2.37,bhayam—fear; dvitīya—in something seeming to be other than the Lord; abhiniveśataḥ—because of absorption; syāt—it will arise; īśāt—from the Supreme Lord; apetasya—for one who has turned away; viparyayaḥ—misidentification; asmṛtiḥ—forgetfulness; tat—of the Lord; māyayā—by the illusory energy; ataḥ—therefore; budhaḥ—an intelligent person; ābhajet—should worship fully; tam—Him; bhaktyā—with devotion; ekayā—unalloyed; īśam—the Lord; guru-devatā-ātmā—one who sees his spiritual master as his lord and his life-and-soul.,"Fear arises when a living entity misidentifies himself as the material body because of absorption in the external, illusory energy of the Lord. When the living entity thus turns away from the Supreme Lord, he also forgets his own constitutional position as a servant of the Lord. This bewildering, fearful condition is caused by the potency for illusion, called māyā. Therefore, an intelligent person should engage unflinchingly in the unalloyed devotional service of the Lord, under the guidance of a bona fide spiritual master, whom he should accept as his worshipable deity and as his very life and soul."
24, Guru-tattva,1.5,The essence of śāstra is revealed to he who is exclusively devoted to both Guru and Kṛṣṇa,"yasya deve parā bhaktir
 yathā deve tathā gurau
 tasyaite kathitā hy arthāḥ
 prakāśante mahātmanaḥ",Śvetāśvatara Upaniṣad 6.23,yasya—of whom; deve—in the Supreme Lord; parā—transcendental; bhaktiḥ—devotion; yathā-deve—as in the Lord; tathā—in the same way; gurau—in the spiritual master; tasya—to him; ete—these; kathitāḥ—as described; hi—certainly; arthāḥ—the imports; prakāsante—are revealed; mahātmanaḥ—of those great souls.,The conclusive essence of the scriptures is revealed only to those great souls who have parā-bhakti unto Śrī Bhagavān and who have an equal amount of bhakti for Śrī Gurudeva. [parā-bhakti here refers to bhakti which is under the direct shelter of Śrīmatī Rādhārāṇī].
25, Guru-tattva,1.6,Śrī Kṛṣṇa tells Uddhava that Śrī Guru is His own svarūpa,"ācāryaṁ māṁ vijānīyān
 nāvamanyeta karhicit
 na martya-buddhyāsūyeta
 sarva-deva-mayo guruḥ",SB 11.17.27,ācāryam—the spiritual master; mām—Myself; vijānīyāt—one should know; naavamanyeta—one should never disrespect; karhicit—at any time; na—never; martya-buddhyā—with the idea of his being an ordinary man; asūyeta—one should be envious; sarva-deva—of all demigods; mayaḥ—representative; guruḥ—the spiritual master.,"""Oh Uddhava! The spiritual master is known to be My very svarūpa. At no time should one neglect or disrespect the Guru as an ordinary mortal – out of envy, nor should he be viewed as having any faults. The Guru is the sum total of all the demigods."""
26, Guru-tattva,1.7,Śrī Guru is the direct representative of Śrī Kṛṣṇa,"sākṣād-dharitvena samasta-śāstrair
 uktas tathā bhāvyata eva sadbhiḥ
 kintu prabhor yaḥ priya eva tasya
 vande guroḥ śrī-caraṇāravindam",Śrī Gurvāṣṭakam 7,sākṣāt—directly; hari-tva—endowed with the quality of Śrī Hari; samasta—all; śāstraiḥ—by scriptures; uktaḥ—acknowledged; tathā—thus; bhāvyate—is considered; eva—also; sadbhiḥ—by great saintly persons; kintu—however; prabhoḥ—of the Lord; yaḥ—who; priyaḥ—dear; eva—certainly; tasya—of him (the Guru); vande—I offer obeisances; guroḥ—of my spiritual master; śrī—auspicious; caraṇa-aravindam—unto the lotus feet.,"All the scriptures proclaim Śrī Gurudeva to be sākṣāt hari, endowed with the quality of Śrī Hari, and considered to be His nondifferent, direct representative. Because Śrī Gurudeva is so dear to the Lord, being His confidential servitor, I offer prayers unto his lotus feet."
27, Guru-tattva,1.8,ācāryavān puruṣo veda,ācāryavān puruṣo veda,Candogya Upaniṣad 6.14.2,ācārya—the ācārya; vān—possesses or follows; puruṣo—a person; veda—knows.,Only one who has a Guru can know the truth; only one who follows the disciplic succession of ācāryas knows things in truth.
28, Guru-tattva,1.9,"Śrī Guru must be approached with surrender, service attitude, and inquiries","tad viddhi praṇipātena
 paripraśnena sevayā
 upadekṣyanti te jñānaṁ
 jñāninas tattva-darśinaḥ",BG 4.34,"tat—this knowledge (of the Absolute Truth); viddhi—you must understand; praṇipātena—[by approaching Guru through] prostrated obeisances; paripraśnena—relevant and submissive inquiries; sevayā—rendering devotional service; upadekṣyanti—will reveal; te—unto you; jñānam—that knowledge; jñāninaḥ—the self-realised, those in knowledge; tattva-darśinaḥ—those who have seen the Absolute Truth.","To acquire spiritual knowledge, one must approach a sad-guru by offering him prostrated obeisances, by asking relevant questions from him and by rendering service to him. The jñānīs, those who are expert in the imports of śāstra, and the tattva-darśīs, those who have realised the Absolute Truth, will enlighten you with that transcendental knowledge."
29, Guru-tattva,1.1,Śrī Guru serves in the nitya-lilā,"nikuñja-yūno rati-keli-siddhyai
 yā yālibhir yuktir apekṣanīyā",Śrī Gurvaṣṭakam 6,"nikuñja-yūnaḥ—of Rādhā and Kṛṣṇa, the youthful Divine Couple within the groves; rati—conjugal love; keli—of the pastimes; siddhyai—for the perfection; yā yā—whatever; ālibhiḥ—by the gopīs; yuktiḥ—arrangements; apekṣaṇīyā—desirable.","Śrī Gurudeva is always present with the sakhīs, planning the arrangements for the perfection of yugala-kiśora's amorous pastimes (rati-keli) within the kuñjas of Vṛndāvana."
30, Guru-tattva,1.11,"A Guru is a 'gosvāmī', master of his senses, and he can subdue the six urges","vāco vegaṁ manasaḥ krodha-vegaṁ
 jihvā-vegam udaropastha-vegam
 etān vegān yo viṣaheta dhīraḥ
 sarvām apīmāṁ pṛthivīṁ sa śiṣyāt",Upadeśāmṛta 1,vācaḥ—of speech; vegam—the impetus; manasaḥ—of the mind; krodha—of anger; vegam—urge; jihvā—of the tongue; vegam—urge; udara-upastha—of the belly and genitals; vegam—urge; etān—these; vegān—urges; yaḥ—whoever; viṣaheta—can subdue; dhīraḥ—sober person; sarvām—entire; api—certainly; imām—this; pṛthivīm—world; saḥ—that personality; śiṣyāt—he can instruct.,"A wise and self-composed person who can subdue the impetus to speak, the agitation of the mind, the onset of anger, the vehemence of the tongue, the urge of the belly and the agitation of the genitals can instruct the entire world. In other words, all persons may become disciples of such a self-controlled Guru."
31, Guru-tattva,1.12,The first limb of the 64 aṅgas of Bhakti is taking shelter of Śrī Guru,"guru-pādāśraya, dīkṣā, gurura sevana
 sad-dharma-śikṣā-pṛcchā, sādhu-mārgānugamana",CC Mad 22.115,guru-pāda-āśraya—shelter at the feet of a bona fide Guru; dīkṣā—initiation by the spiritual master; gurura sevana—service to the spiritual master; sat-dharma-śikṣā—instruction in the transcendental process of devotional service; pṛcchā—and inquiry; sādhu-mārga—the path of transcendental devotional service; anugamana—following strictly.,"On the path of regulative devotional service, one must observe the following items: (1) One must accept a bona fide spiritual master. (2) One must accept initiation from him. (3) One must serve him. (4) One must receive instructions from the spiritual master and make inquiries in order to learn devotional service. (5) One must follow in the footsteps of the previous ācāryas and follow the directions given by the spiritual master."
32, Guru-tattva,1.13,Śrī Guru is the mercy manifestation of Kṛṣṇa,"brahmāṇḍa bhramite kona bhāgyavān jīva
 guru-kṛṣṇa-prasāde pāya bhakti-latā-bīja",CC Mad 19.151,brahmāṇḍa bhramite—wandering in this universe; kona—some; bhāgyavān—most fortunate; jīva—living being; guru—of the spiritual master; kṛṣṇa—of Kṛṣṇa; prasāde—by the mercy; pāya—gets; bhakti-latā—of the creeper of devotional service; bīja—the seed.,"According to their karma, all living entities are wandering throughout the entire universe. Out of many millions of wandering living entities, one who is very fortunate gets an opportunity, by the mercy of both Kṛṣṇa and Guru, to receive the seed of the creeper of devotional service."
33, Guru-tattva,1.14,,"yasya prasādād bhagavat-prasādo
 yasyāprasādān na gatiḥ kuto 'pi",Śrī Gurvaṣṭakam 8,"prasādāt—by the grace; yasya—of whom (the Guru); prasādaḥ—(one receives)the mercy; bhagavat—of Kṛṣṇa; aprasādāt—without the grace; yasya—of Him; na—(there is) no; gatiḥ—(spiritual) perfection, goal; kutaḥ api—(to be attained) nowhere.","By the mercy of the spiritual master one receives the benediction of Kṛṣṇa. Without the grace of the spiritual master, one cannot attain the goal (of spiritual perfection)."
34, Guru-tattva,1.15,By the Mercy of Śrī Guru one attains Kṛṣṇa,"tāte kṛṣṇa bhaje, kare gurura sevana
 māyā-jāla chuṭe, pāya kṛṣṇera caraṇa",CC Mad 22.25,tāte—therefore; kṛṣṇa bhaje—if one worships Lord Kṛṣṇa; kare—performs; gurura sevana—service to his spiritual master; māyā-jāla chuṭe—gets free from the binding net of māyā; pāya—gets; kṛṣṇera caraṇa—shelter at the lotus feet of Kṛṣṇa.,"""If the conditioned soul engages in the service of the Lord and simultaneously carries out the orders of his spiritual master and serves him, he can get out of the clutches of māyā and become eligible for shelter at Kṛṣṇa's lotus feet."""
35, Guru-tattva,1.16,Guru may manifest in many forms,"cintāmaṇir jayati somagirir gurur me
 śikṣā-guruś ca bhagavān śikhi-piñcha-mauliḥ
 yat-pāda-kalpataru-pallava-śekhareṣu
 līlā-svayaṁvara-rasaṁ labhate jayaśrīḥ",Kṛṣṇa Karṇāmṛta,cintāmaṇiḥ jayati—all glory to Cintāmaṇi; soma-giriḥ—Somagiri (his initiating Guru); guruḥ—spiritual master; me—my; śikṣā-guruḥ—instructing spiritual master; ca—and; bhagavān—the Supreme Lord; śikhi-piñcha—with peacock feathers; mauliḥ—whose head; yat—whose; pāda—of the lotus feet; kalpa-taru—like desire trees; pallava—like new leaves; śekhareṣu—at the toe nails; līlā-svayam-vara—of conjugal pastimes; rasam—the mellow; labhate—obtains; jaya-śrī—Śrīmatī Rādhīka.,"""All glories to Cintāmaṇi and my initiating spiritual master, Somagiri. All glories to my instructing spiritual master, Bhagavān Śrī Kṛṣṇa, who wears peacock feathers in His crown. Under the shade of His lotus feet, which are like desire trees, Jayaśrī [Rādhārāṇī] enjoys the transcendental mellow of an eternal consort."""
36, Guru-tattva,1.17,Sri Guru is a manifestation of Kṛṣṇa,"kṛṣṇa, gurudvaya, bhakta, śakti, avatāra, prakāśa
 kṛṣṇa ei chaya-rūpe karena vilāsa",CC Ādi 1.32,"kṛṣṇa—the Supreme Lord, Śrī Kṛṣṇa; gurudvaya—both dīkṣā and śikṣā gurus; bhakta—the devotees; śakti—the potencies; avatāra—the incarnations; prakāśa—plenary portions; kṛṣṇa—Lord Kṛṣṇa; ei chaya-rūpe—in these six features; karena vilāsa—enjoys.","Lord Kṛṣṇa enjoys by manifesting Himself as the spiritual masters, the devotees, the diverse energies, the incarnations and the plenary portions. They are all six in one."
37, Guru-tattva,1.19,The dīkṣā Guru is Kṛṣṇa's rūpa,"guru kṛṣṇa-rūpa hana śāstrera pramāṇe
 guru-rūpe kṛṣṇa kṛpā karena bhakta-gaṇe",CC Ādi 1.45,guru—the spiritual master; kṛṣṇa-rūpa—as good as Kṛṣṇa; hana—is; śāstrera—of revealed scriptures; pramāṇe—by the evidence; guru-rūpe—in the form of the spiritual master; kṛṣṇa—Lord Śrī Kṛṣṇa; kṛpā—mercy; karena—distributes; bhakta-gaṇe—unto His devotees;,"According to śāstra, the Guru is a manifestation of Kṛṣṇa. Kṛṣṇa comes in the form of the Guru to show His mercy to the devotees."
38, Guru-tattva,1.2,The sikṣā Guru is Kṛṣṇa's svarūpa,"śikṣā-guruke ta' jāni kṛṣṇera svarūpa
 antaryāmī, bhakta-śreṣṭha,—ei dui rūpa",CC Ādi 1.47,śikṣā-guruke—the spiritual master who instructs; ta'—indeed; jāni—I know; kṛṣṇera—of Kṛṣṇa; sva-rūpa—the direct representative; antaryāmī—the indwelling Supersoul; bhakta-śreṣṭha—the best devotee; ei—these; dui—two; rūpa—forms.,"One should know the śikṣā Guru to be Kṛṣṇa Himself. In the form of caittya-guru, Kṛṣṇa gives encouragement and as the topmost devotee (ācārya) He gives association and śikṣā."
39, Guru-tattva,1.21,Kṛṣṇa appears externally as the ācārya and internally as the Supersoul,"naivopayanty apacitiṁ kavayas taveśa
 brahmāyuṣāpi kṛtam ṛddha-mudaḥ smarantaḥ
 yo 'ntar bahis tanu-bhṛtām aśubhaṁ vidhunvann
 ācārya-caittya-vapuṣā sva-gatiṁ vyanakti",SB 11.29.6,na eva—not at all; upayanti—are able to express; apacitim—their gratitude; kavayaḥ—learned devotees; tava—Your; īśa—O Lord; brahma-āyuṣā—with a lifetime equal to Lord Brahmā's; api—in spite of; kṛtam—magnanimous work; ṛddha—increased; mudaḥ—joy; smarantaḥ—remembering; yaḥ—who; antaḥ—within; bahiḥ—outside; tanu-bhṛtām—of those who are embodied; aśubham—misfortune; vidhunvan—dissipating; ācārya—of the spiritual master; caittya—of the Supersoul; vapuṣā—by the forms; sva—own; gatim—path; vyanakti—shows.,"[Śrī Uddhava said:] ""O my Lord! Transcendental poets and experts in spiritual science could not fully express their indebtedness to You, even if they were endowed with the prolonged lifetime of Brahmā, for You appear in two features—externally as the ācārya and internally as the Supersoul—to deliver the embodied living being by directing him how to come to You."""
40, Guru-tattva,1.22,"The jīva cannot see the Supersoul, therefore Kṛṣṇa appears as Śrī Guru","jīve sākṣāt nāhi tāte guru caittya-rūpe
 śikṣā-guru haya kṛṣṇa-mahānta-svarūpe",CC Ādi 1.58,"jīve—by the living entity; sākṣāt—direct experience; nāhi—there is not; tāte—therefore; guru—the spiritual master; caittya-rūpe—in the form of the Supersoul; śikṣā-guru—the spiritual master who instructs; haya—appears; kṛṣṇa—Kṛṣṇa; mahānta—the topmost devotee, the ācārya; sva-rūpe—in the form of.","Since a conditioned soul cannot directly experience the presence of the Supersoul [caittya-guru], He appears before us as a pure devotee. Such an exalted devotee is non-different than Kṛṣṇa Himself."
41, Guru-tattva,1.23,Bhagavān can only be worshiped through Śrī Guru,"prathaman tu guruṁ pūjyāṁ tataś caiva mamārcanam
 kurvan siddhim avāpnoti hy anyathā niṣphalaṁ bhavet",HBV 4.344,prathaman—firstly; tu—most importantly; guruṁ—Śrī Guru; pūjyām—should be worshipped; ca eva—and certainly; tataḥ—thereafter; mama arcanam—My worship; hi—certainly; kurvan—so doing; avāpnoti—one attains; siddhim—perfection; anyathā—otherwise; bhavet—(one's life) will become; niṣphalaṁ—fruitless.,"Śrī Kṛṣṇa says, ""One must always worship one's Guru first and only then worship Me. If one follows this process properly, one will naturally attain all perfection, but if one neglects this process then everything will be fruitless."""
42, Guru-tattva,1.24,One must approach the Lord through a Guru,"nārāyaṇo 'pi vikṛtiṁ yāti / guroḥ pracyutasya durbuddheḥ
 kamalaṁ jalād apetaṁ / śoṣayati ravir na poṣayati",Jaladākhyāna Saṁhitā,raviḥ—the sun; śoṣayati—dries; na poṣayati—does not nourish it; kamalam—the lotus; apetam—detached; jalāt—from the water; api—similarly; nārāyaṇaḥ—Lord Nārāyaṇa; yāti—becomes; vikṛtim—alienated; durbuddheḥ—from that evil minded person; pracyutasya—who has left; guroḥ—his Guru.,"When a lotus flower is situated in water, the rays of the sun cause it to blossom. The same sun, however, will wither a lotus which is not situated in water. In this example the Guru is compared to water and the Supreme Lord is compared with the sun."
43, Guru-tattva,1.25,Śrī Gurudeva as very dear to Śrī Mukunda,guru-varaṁ mukunda-preṣṭhatve smara param ajasram,Manaḥ-śikṣā 2,,Always remember and meditate on Śrī Gurudeva as very dear to Śrī Mukunda (because he is the intimate (maid)servant of Śrīmatī Rādhikā).
44, Guru-tattva,1.26,"If one is well-versed in kṛṣṇa-tattva, he should be accepted as Guru","kibā vipra, kibā nyāsī, śūdra kene naya
 yei kṛṣṇa-tattva-vettā, sei 'guru' haya",CC Mad 8.128,kibā—whether; vipra—a brāhmaṇa; kibā—whether; nyāsī—a sannyāsī; śūdra—a śūdra; kene—why; naya—not; yei—anyone who; kṛṣṇa-tattva-vettā—a knower of kṛṣṇa-tattva; sei—that person; guru—the spiritual master; haya—is.,"Whether one is a brāhmaṇa, a sannyāsī, a śūdra or whatever, if he is fully conversant with kṛṣṇa-tattva, he is eligible to become a Guru."
45, Guru-tattva,1.27,A Guru must be a Vaiṣṇava,"ṣaṭ-karma-nipuno vipro mantra-tantra viśāradaḥ
 avaiṣṇavo gurur na syād vaiṣṇavaḥ śvapaco guruḥ",HBV,ṣaṭ-karma—in the six prescribed duties of a brāhmaṇa; nipuṇaḥ—expert; vipraḥ—a brāhmaṇa; mantra—in the matter of hymns and mantras; tantra—and rules and regulations; viśāradaḥ—very skilled; avaiṣṇavaḥ—not a devotee of Kṛṣṇa; guruḥ—a spiritual master; na—not; syāt—may become; vaiṣṇavaḥ—a devotee of Kṛṣṇa; śva-pacaḥ—even though born in a family of dog-eaters; guruḥ—may become a Guru.,"A brāhmaṇa, though expert in the six kinds of activities of the performance of yajña, sacrifice, study of the śāstra and teaching it to others, giving in charity and accepting gifts from others, the skillful recitation of mantras, and who is learned in the science of tantra – cannot be accepted as Guru if he is not a Vaiṣṇava. On the other hand, if a person is born in the family of caṇdalas (dog eaters) but is devotedly engaged in the worship of Śrī Viṣṇu, he is fit to be accepted as Guru according to the śāstric injunction."
46, Guru-tattva,1.28,One must accept a sad-guru,"guru-śuśrūṣayā bhaktyā / sarva-labdhārpaṇena ca
 saṅgena sādhu-bhaktānām / īśvarārādhanena ca
 śraddhayā tat-kathāyāṁ ca / kīrtanair guṇa-karmaṇām
 tat-pādāmburuha-dhyānāt / tal-liṅgekṣārhaṇādibhiḥ",SB 7.7.30-31,"guru-śuśrūṣayā—by rendering service to the bona fide spiritual master; bhaktyā—with faith and devotion; sarva—all; labdha—of material gains; arpaṇena—by offering (to Śrī Guru, or to Kṛṣṇa through the Guru); ca—and; saṅgena—by the association; sādhu-bhaktānām—of devotees and saintly persons; īśvara—of the Supreme Personality of Godhead; ārādhanena—by the worship; ca—and; śraddhayā—with great faith; tat-kathāyām—in discourses about the Lord; ca—and; kīrtanaiḥ—by glorifications; guṇa-karmaṇām—of the transcendental qualities and activities of the Lord; tat—His; pāda-amburuha—on the lotus feet; dhyānāt—by meditation; tat—His; liṅga—forms (Deities); īkṣa—observing; arhaṇa-ādibhiḥ—and by worshiping.","""One must accept the bona fide Guru and render service unto him with great devotion and faith. Whatever one has in one's possession should be offered to Guru, and one must be in the association of saintly persons and devotees. One should worship the Lord, hear the glories of the Lord with faith, glorify the transcendental qualities and activities of the Lord, always meditate on the Lord's lotus feet, and worship the Deity of the Lord strictly according to the injunctions of śāstra and Guru."""
47, Guru-tattva,1.29,Faithful service to one's Guru pleases Kṛṣṇa the most,"nāham ijyā-prajātibhyāṁ / tapasopaśamena vā
 tuṣyeyaṁ sarva-bhūtātmā / guru-śuśrūṣayā yathā",SB 10.80.34,na—not; aham—I; ijyā—by ritual worship; prajātibhyām—the higher birth of brāhmaṇa initiation; tapasā—by austerity; upaśamena—by self-control; vā—or; tuṣyeyam—can be satisfied; sarva—of all; bhūta—beings; ātmā—the Soul; guru—to one's Guru; śuśrūṣayā—by faithful service; yathā—as.,"""I, the Soul of all beings, am not as satisfied by arcana (deity worship), brahminical initiation, tapasya or self-discipline as I am by faithful service rendered to one's spiritual master."""
48, Guru-tattva,1.3,Kṛṣṇa reveals Himself only to whom He chooses,"nāyam ātmā pravacanena labhyo
 na medhayā na bahunā śrutena
 yam evaiṣa vṛṇute tena labhyas
 tasyaiṣa ātmā vivṛṇute tanūṁ svām",Kaṭha Upaniṣad 1.2.23,nāyam—mundane knowledge; ātmā—knowledge of the Self; pravacanena—by discussing; labhyaḥ—comprehensible; na—not; medhayā—by mental power; na—not; bahunā—much; śrutena—by hearing; yam—for such a person; eva—indeed; eṣa—this knowledge; vṛṇute—is concealed; tena—by Him; labhyaḥ—comprehensible; tasya—His; eṣa—this; ātmā—knowledge of Himself; vivṛṇute—He reveals; tanūm—His own form; svām—by His own will.,"The Supreme Personality of Godhead, the Abolute Truth, is beyond all sense perception; beyond mental or intellectual powers, beyond any intelligence or philosophy. Kṛṣṇa reveals Himself only to whom He chooses to reveal Himself. Only that person can realise Him, no one else. Being pleased with that person's attitude of service (to one's Guru), Kṛṣṇa manifests to him His own form."
49, Guru-tattva,1.31,A qualified Guru and Disciple are very rare,"śravaṇayāpi bahubhir yo na labhyaḥ
 śṛṇvanto 'pi bahavo yaṁ na vidyuḥ
 āścaryo vaktā kuśalo 'sya labdhā
 āścaryo 'sya jñātā kuśalānuśiṣṭaḥ",Kathā Upaniṣad 1.2.7,,"Many cannot hear about the soul, and even after hearing about it many cannot understand it, because it is hard to find a Guru who is a genuine seer of the truth. Such a qualified Guru is a great soul and is very rare. Only those who follow his teachings can realise the truth and become expert in the science of God. Such disciples are also very rare."
50, Guru-tattva,1.32,Bogus 'Gurus' are common but a real Guru is rare,"guravo bahavaḥ santi śiṣya-vittāpahārakāḥ
 durlabhaḥ sad-gurur devi śiṣya-santāpahārakaḥ",Purāṇa-vākya,,"[Lord Śiva to Pārvatī:] Many 'Gurus' take advantage of their disciples and plunder them. They exploit their disciples and use them to amass wealth, but a Guru who can remove the miseries of his disciples is very rare."
51, Guru-tattva,1.33,The śāstras enjoin to Abandon a Bogus Guru,"guror apy avaliptasya / kāryākāryam ajānataḥ
 utpatha-pratipannasya / parityāgo vidhīyate",Mahābhārata,"apy—even; guroḥ—(one who has accepted the duty of) a Guru; avaliptasya—who is attached to sense gratification (rather than the practices of bhakti); ajānataḥ—who is unaware; kārya-akāryam—of what should and should not be done; utpatha-pratipannasya—who has taken to a sinful path, deviating from pure bhakti; vidhīyate—should be; parityāgaḥ—abandoned.","It is one's duty to give up a Guru who is attached to sense gratification rather than the practices of bhakti, who does not know what he should or should not do, and who deviates from the path of pure bhakti, either because of bad association or because he is opposed to Vaiṣṇavas."
52, Guru-tattva,1.34,Both the bogus Guru and his disciples go to hell,"yo vyaktir nyāya-rahitam / anyāyena śṛṇoti yaḥ
 tāv ubhau narakaṁ ghoraṁ / vrajataḥ kālam akṣayam",HBV 1.101,,"One who poses as an ācārya, but speaks against the conclusions of Śrīmad Bhāgavatam and other scriptures, or performs kīrtana opposed to the proper glorification of Śrī Kṛṣṇa, certainly goes to hell for countless lifetimes along with his disciples and whoever else hears such non-devotional talks and kīrtanas."
53, Guru-tattva,1.35,"A materialistic, professional, or mundane Guru must be given up",paramārtha-gurvāśrayo vyavahārika-gurvādi parityāgenāpi kartavyaḥ,Bhakti-Sandarbha,,"One should not accept a spiritual master based on hereditary, social or ecclesiastical convention. Such a professional 'Guru' should be rejected. One must accept a qualified spiritual master, who can help one advance towards the ultimate goal of life, kṛṣṇa-prema."
54, Guru-tattva,1.36,Who rejects a false Guru must accept a real Guru,"avaiṣṇavopadiṣṭena / mantreṇa nirayaṁ vrajet
 punaś ca vidhinā samyag / grāhayed vaiṣṇavād guroḥ",HBV 4.144,,"One goes to hell if he accepts mantra from a non-Vaiṣṇava Guru, that is, one who is associating with women, and who is devoid of kṛṣṇa-bhakti. Therefore, according to the rules of śāstra, one must take mantra again from a Vaiṣṇava Guru."
55, Guru-tattva,1.37,Serving Śrī Guru culminates in ecstatic service to Śrī Kṛṣṇa,"yat-sevayā bhagavataḥ / kūṭa-sthasya madhu-dviṣaḥ
 rati-rāso bhavet tīvraḥ / pādayor vyasanārdanaḥ
 durāpā hy alpa-tapasyā / sevā vaikuṇṭha-vartmasu",SB 3.7.19-20,"yat—to whom; sevayā—by service; bhagavataḥ—of Bhagavān (both Guru and Kṛṣṇa); kūṭa-sthasya—of the unchangeable, fixed; madhu-dviṣaḥ—the enemy of the Madhu asura; rati-rāsaḥ—attachment in different relationships; bhavet—develops; tīvraḥ—highly ecstatic; pādayoḥ—of the feet; vyasana—distresses; ardanaḥ—vanquishing; durāpā—rarely obtainable; hi—certainly; alpa-tapasaḥ—of one whose austerity is meager; sevā—service; vaikuṇṭha—Vaikuṇṭha; vartmasu—on the path of.","By serving the feet of Śrī Guru, one is able to develop transcendental ecstasy in the service of Bhagavān who is the enemy of the Madhu demon and the remover of the sufferings of His pure devotees, and whose service vanquishes one's material distresses. For those whose austerity and pious credits are very meager, it is extremely difficult to obtain the service of such devotees who are very dear to Kṛṣṇa."
56, Guru-tattva,1.38,Devotion to Śrī Bhagavān automatically implies devotion to Śrī Guru,"yāvanti bhagavad-bhakter aṅgāni kathitānīha
 prāyas tāvanti tad-bhakta-bhakter api budhā viduḥ",BRS 1.2.219,,The wise recognize that almost all the practices of devotion for the Supreme Lord (described in BRS) also apply to the devotee of Bhagavān (Śrī Guru).
57, Guru-tattva,1.39,Śrī Guru is āśrayā Bhagavān,"ayatim niyatiṁ caiva [or] utpattiṁ pralayaṁ caiva
 bhūtānam agatiṁ gatim
 vetti vidyām avidyāṁ ca
 sa vācyo bhagavān iti",Viṣṇu Purāṇa 6.5.78,ayatim—inauspicious; niyatim—auspicious; ca—also; eva—certainly; bhūtānam—of living entities; agati—ominous destination; gatim—desirable destination; vetti—knows; vidyām—knowledge; avidyām—ignorance; ca—and; saḥ—he; vācyaḥ—is designated; bhagavān—the Supreme Lord; iti—thus.,"A person who knows the truth about knowledge and ignorance, the ultimate goal and the unfortunate conditioned state of all the living entities, the creation and the destruction, only such a person is addressed as 'bhagavān'."
58, Guru-tattva,1.4,The four defects do not occur in śāstra or in Guru,"bhrama, pramāda, vipralipsā, karaṇāpāṭava
 ārṣa-vijña-vākye nāhi doṣa ei saba",CC Ādi 2.86,bhrama—mistakes; pramāda—illusion; vipralipsā—cheating; karaṇa-apāṭava—imperfectness of the senses; ārṣa—of the authoritative sages; vijña-vākye—in the wise speech; nāhi—not; doṣa—faults; ei—these; saba—all.,"Mistakes, illusions, cheating and defective perception do not occur in the sayings of genuine sādhus [Śrī Guru is free from material defects and therefore everything he does and says is perfect]."
59, Guru-tattva,1.41,Who is ineligible to be a Guru,"gurur na sa syāt sva-jano na sa syāt 
 pitā na sa syāj jananī na sā syāt
 daivaṁ na tat syān na patiś ca sa syān 
 na mocayed yaḥ samupeta-mṛtyum",SB 5.5.18,"guruḥ—a spiritual master; na—not; saḥ—he; syāt—should become; sva-janaḥ—a relative; na—not; saḥ—such a person; syāt—should become; pitā—a father; na—not; saḥ—he; syāt—should become; jananī—a mother; na—not; sā—she; syāt—should become; daivam—the worshipable deity; na—not; tat—that; syāt—should become; na—not; patiḥ—a husband; ca—also; saḥ—he; syāt—should become; na—not; mocayet—can deliver; yaḥ—who; samupeta-mṛtyum—one who is in saṁsāra, the cycle of brth and death.","That Guru is not a Guru, that father is not a father, that mother is not a mother, that demigod is not a demigod and that relative is not a relative who cannot protect us from the clutches of death, cannot bestow eternal life upon and cannot protect us from ignorance, because of which we are deeply engrossed in this material world."
60, Guru-tattva,1.42,It is useless to take shelter of a Guru who is not fully realised,"śabda-brahmaṇi niṣṇāto / na niṣṇāyāt pare yadi
 śramas tasya śrama-phalo / hy adhenum iva rakṣataḥ",SB 11.11.18,śabda-brahmaṇi—in the Vedic literature; niṣṇātaḥ—expert through complete study; na niṣṇāyāt—does not absorb the mind; pare—in the Supreme; yadi—if; śramaḥ—labour; tasya—his; śrama—of great endeavor; phalaḥ—the fruit; hi—certainly; adhenum—a cow that gives no milk; iva—like; rakṣataḥ—of one who is protecting.,"Taking shelter of a 'Guru' who has great learning of the Vedic literature but who has not realised Parabrahman (Kṛṣṇa), is like protecting a barren cow who cannot give milk. It is useless labour and one does not achieve any real result."
61, Guru-tattva,1.43,Kṛṣṇa is the Guru of the whole world,vande kṛṣṇaṁ jagad-guruṁ,Śrī Garga saṁhitā,,My obeisances to Kṛṣṇa who is the Guru of the whole world.
62, Guru-tattva,1.44,"However, Śrīmatī Rādhikā is the Guru of Kṛṣṇa","rādhikāra prema—guru, āmi—śiṣya naṭa
 sadā āmā nānā nṛtye nācāya udbhaṭa", CC Ādi 4.124,rādhikāra—of Śrīmatī Rādhārāṇī; prema—ecstatic transcendental love; guru—teacher; āmi—I; śiṣya—disciple; naṭa—dancer; sadā—always; āmā—Me; nānā—various; nṛtye—in dances; nācāya—causes to dance; udbhaṭa—novel.,"Kṛṣṇa says, ""The prema of Rādhikā is My Guru, and I am Her dancing student. Her prema makes Me dance various novel dances."""
63, Guru-tattva,1.45,Diksa-Divine knowledge ,"divyaṁ jñānaṁ yato dadyāt
 kuryāt pāpasya saṅkṣayam
 tasmāt dīkṣeti sā proktā
 deśikais tattva-kovidaiḥ",Viṣṇu-yāmala,yataḥ—since; dadyāt—it can give; divyam—divine; jñānam—knowledge; kuryāt—can cause; saṅkṣayam—utter annihilation; pāpasya—of sin; tasmāt—therefore; sā—it; proktā—is described; iti—as; dīkṣā—dī-kṣā; deśikaiḥ—by guides (Gurus); tattva-kovidaiḥ—who are learned in the science of transcendental truths.,That process which bestows transcendental knowledge (divya-jñāna) and destroys (kṣā) sinful desires for sense gratification is called dīkṣā by learned authorities in the absolute truth.
64, Guru-tattva,1.46,,divya-jñānaṁ kṣapayati iti dīkṣā,,,"Dīkṣā means... Di, divya-jñānam, transcendental knowledge (knowledge of one's svarūpa and one's iṣṭadeva); kṣā means to destroy; also ikṣā means darśana, to see, or kṣapayati, explain."
65, Guru-tattva,1.47,,"prabhu kahe,—""vaiṣṇava-deha 'prākṛta' kabhu naya
 'aprākṛta' deha bhaktera 'cid-ānanda-maya'
 dīkṣā-kāle bhakta kare ātma-samarpaṇa
 sei-kāle kṛṣṇa tāre kare ātma-sama
 sei deha kare tāra cid-ānanda maya
 aprākṛta-dehe tāṅra caraṇa bhajaya",CC 3.4.192-3,prabhu kahe—Śrī Caitanya Mahāprabhu said; vaiṣṇava deha—the body of a Vaiṣṇava; prākṛta—material; kabhu naya—is never; aprākṛta—transcendental; deha—body; bhaktera—of a devotee; cit-ānanda-maya—full of transcendental bliss; dīkṣā-kāle—at the time of initiation; bhakta—the devotee; kare—does; ātma—of himself; samarpaṇa—full dedication; sei-kāle—at that time; kṛṣṇa—Lord Kṛṣṇa; tāre—him; kare—makes; ātma-sama—as spiritual as Himself; sei deha—that body; kare—makes; tāra—his; cit-ānanda-maya—full of transcendental bliss; aprākṛta-dehe—in that transcendental body; tāṅra—His; caraṇa—feet; bhajaya—worships.,"Śrī Caitanya Mahāprabhu said, ""The body of a devotee is never material. It is considered to be transcendental, full of spiritual bliss. At the time of initiation, when a devotee fully surrenders to the spiritual master, Kṛṣṇa makes him like Himself. He transforms the devotee's body into spiritual substance; the devotee then worships the Lord in that spiritualized body."""
66, Guru-tattva,1.48,The mantra is non-different from the Guru,"yo mantraḥ sa guruḥ sākṣāt
 yo guruḥ sa hariḥ svayaṁ
 gurur yasya bhavet tuṣṭas
 tasya tuṣṭo hariḥ svayam",Vāmana-kalpa,,"The mantra (which is given by the Guru) is the Guru himself, and the Guru is directly the Supreme Lord Hari. There is no difference between Guru, mantra, and Hari. He with whom the Guru is pleased, also obtains the pleasure of Śrī Hari Himself."
67, Guru-tattva,1.49,Mantra received from a bogus Guru is useless,"sampradāya vihinā ye mantrās te niṣphalāḥ matāḥ
 śrī brahmā-rudra-sanakā vaiṣṇavāḥ kṣiti-pāvanāḥ",Padma Purāṇa,"sampradāya-vihinā—without being connected with a bona fide sampradāya, or disciplic succession; ye—which; mantraḥ—mantras; te—those; niṣphalāḥ—fruitless; matāḥ—are considered.","Vaiṣṇava ācāryas in the four authorized disciplic successions – namely Ramānujācārya in the Śrī-sampradāya, Sri Madhvācārya in the Brahma-sampradāya, Viṣṇusvāmī in the Rudra-sampradāya, and Nimbāditya in the Catuḥsana-sampradāya – purify the whole universe. Dīkṣā-mantras not received from the bona fide ācāryas in one of these four sampradāyas will be fruitless."
68, Guru-tattva,1.5,The power of a mantra given by a sad-guru to a sat-śiṣya,"kibā mantra dila gosāñi kibā tāra bala?
 japite japite mantra korila pāgala",CCĀdi 7.81,,"(Śrī Caitanya Mahāprabhu said:) O Gurudeva! What kind of a mantra have you given Me? What is its power? By continuously chanting this mantra I have become completely mad. Sometimes this mantra makes Me laugh, sometimes it makes Me cry or dance or roll on the ground."
69, Guru-tattva,1.51,Śrī Guru Takes one Beyond Jñāna to Pure Devotion,"evaṁ gurūpāsanayaika-bhaktyā
 vidyā-kuṭhāreṇa śitena dhīraḥ
 vivṛścya jīvāśayam apramattaḥ
 sampadya cātmānam atha tyajāstram",SB 11.12.24,evam—thus (with the knowledge I have given you); guru—of the spiritual master; upāsanayā—developed by worship; eka—unalloyed; bhaktyā—by loving devotional service; vidyā—of knowledge; kuṭhāreṇa—by the sword; śitena—sharp; dhīraḥ—one who is steady by knowledge; vivṛścya—cutting down; jīva—of the living entity; āśayam—the subtle body (filled with designations created by the three modes of material nature); apramattaḥ—being very careful in spiritual life; sampadya—achieving; ca—and; ātmānam—the Supreme Personality of Godhead; atha—then; tyaja—you should give up; astram—the means by which you achieved perfection.,"With steady intelligence you should develop unalloyed devotional service by careful worship of the spiritual master, and with the sharp sword of transcendental knowledge you should cut off the subtle material covering of the soul. Upon realizing the Supreme Personality of Godhead, you should then lay down the sword of knowledge (and replace it with bhakti)."
70, Guru-tattva,1.52,Offending the Guru is unpardonable,"harau ruṣṭe gurus trātā / gurau ruṣṭe na kaścana
 tasmāt sarva-prayatnena / gurum eva prasādayet",Adityā Purāṇa,harau—when Śrī Hari; ruṣṭe—is angered; guru—Śrī Guru; trātā—delivers (one); gurau—when Śrī Guru; ruṣṭe—is angered; na kaścana—no one (can save); tasmāt—therefore; sarva-prayatnena—with all endeavour; eva—certainly; prasādayet—one should please; gurum—Śrī Guru.,"If Krishna is angry, the spiritual master will save you. If the spiritual master is angry, no one can save you. Therefore make all efforts to please your spiritual master."
71, Guru-tattva,1.53,Even Harināma cannot absolve offences committed against a Vaiṣṇava,"hari-sthāne aparādhe tāre harināma
 vaiṣṇava-sthāne aparādhe nahika eḍāna",Ei-Bāra Karuṇā Kara,,Offences committed at the lotus feet of Śrī Hari are absolved by harināma. But for offences against a Vaiṣṇava there is absolutely no means of deliverance.
72, Guru-tattva,1.54,The bona fide spiritual master is not different from Kṛṣṇa,"sa vai priyatamaś cātmā / yato na bhayam aṇv api
 iti veda sa vai vidvān / yo vidvān sa gurur hariḥ",SB 4.29.51,saḥ—He; ātmā—the Supersoul; vai—certainly; priyatamaḥ—the most dear; ca—also; yataḥ—on account of Him; na—never; bhayam—fear; aṇu—little; api—even; iti veda—(one who) knows; saḥ—he; vai—certainly; vidvān—educated; yaḥ—he who; vidvān—educated; saḥ—he; guruḥ—spiritual master; hariḥ—(not different from) Śrī Hari.,"One who is engaged in devotional service has not the least fear in material existence. This is because the Supreme Personality of Godhead is the Supersoul and friend of everyone. One who knows this secret is actually educated, and one thus educated can become the spiritual master of the world. One who is actually a bona fide spiritual master, representative of Kṛṣṇa, is not different from Kṛṣṇa."
73, Guru-tattva,1.55,"One's body is the boat, Guru is the captain and Śāstras are the favourable winds","nṛ-deham ādyaṁ su-labhaṁ su-durlabhaṁ
 plavaṁ su-kalpaṁ guru-karṇadhāram
 mayānukūlena nabhasvateritaṁ
 pumān bhavābdhiṁ na taret sa ātma-hā",SB 11.20.17,nṛ—human; deham—body; ādyam—the source of all favorable results; su-labham—effortlessly obtained; su-durlabham—although impossible to obtain even with great endeavor; plavam—a boat; su-kalpam—extremely well suited for its purpose; guru—having the spiritual master; karṇa-dhāram—as the captain of the boat; mayā—by Me; anukūlena—with favorable; nabhasvatā—winds; īritam—impelled; pumān—a person; bhava—of material existence; abdhim—the ocean; na—does not; taret—cross over; saḥ—he; ātma-hā—the killer of his own soul.,"The human body, which can award all benefit in life, is automatically obtained by the laws of nature, although it is a very rare achievement. This human body can be compared to a perfectly constructed boat having the spiritual master as the captain and the instructions of the Personality of Godhead as favourable winds impelling it on its course. Considering all these advantages, a human being who does not utilize his human life to cross the ocean of material existence must be considered the killer of his own soul."
74, Guru-tattva,1.56,Who Thinks the Spiritual Master an Ordinary man Goes to Hell,"ārcye viṣṇau śilā-dhīr guruṣu nara-matir vaiṣṇave jāti-buddhir
 viṣṇor vā vaiṣṇavānāṁ kali-mala-mathane pāda-tīrthe 'mbu-buddhiḥ
 śrī-viṣṇor nāmni mantre sakala-kaluṣa-he śabda-sāmanya-buddhir
 viṣṇau sarveśvare tad-itara-sama-dhīr yasya vā nārakī saḥ",Pādma Purāṇa,ārcye—worshippable Deity; viṣṇau—of Lord Viṣṇu; śilā—as stone; dhīḥ—the conception; guruṣu—of the spiritual masters; nara—of being an ordinary man; matiḥ—the conception; vaiṣṇave—to the vaiṣṇavas; jāti—of birth; buddhiḥ—the conception; viṣṇoḥ—of Lord Viṣṇu; va—or; vaiṣṇavānām—of the Vaiṣṇavas; kali—of Kali-yuga; mala—of the impurity; mathane—in the destruction; pāda—of the feet; tīrthe—in the pilgrimage place; ambu—of water; buddhiḥ—the conception; śrī-viṣṇoḥ—of Lord Viṣṇu; nāmni—in the name; mantre—a mantra; sakala—all; kaluṣa—impurities; he—destroying; śabda—a sound; samanya—ordinary; buddhiḥ—the conception; viṣṇau—to Lord Viṣṇu; sarva—of all; īśvare—the master; tat—than Him; itara—others; sama—equal; dhīḥ—the conception; yasya—of whom; va—or; nārakī—a resident of hell; saḥ—he.,"Anyone who considers the worshippable Deity to be stone; who considers the Vaiṣṇava Guru to be a mortal man; who considers a Vaisnava to be limited by the confines of caste, lineage, or creed; who considers the holy foot-wash of Lord Vishnu (Gaṅgā water), or of a Vaiṣṇava (caraṇāmṛta), to be ordinary water; who considers the holy name (the Hare Kṛṣṇa mahā-mantra), which vanqishes all sins, to be material sound vibration; and who considers the God of gods, Lord Viṣṇu, to be merely on the level of demigods—such a person is a resident of hell."
75, Guru-tattva,1.57,,guruṣu nara-matir yasya vā nārakī saḥ,Pādma Purāṇa,,One who thinks of the spiritual master as an ordinary man is said to live in hell.
76, Guru-tattva,1.58,The danger of assuming the position of Guru without being qualified,"kṛpā kara vaiṣṇava ṭhākura
 sambandha jāniyā, bhajite bhajite, abhimāna hau dūra (1)
 

 'āmi ta' vaiṣṇava,' e buddhi haile, amānī nā ha'ba āmi
 pratiṣṭhāśā āsi', hṛdaya dūṣibe, haiba niraya-gāmī (2)
 

 tomāra kiṅkara, āpane jāniba, 'guru'-abhimāna tyaji'
 tomāra ucchiṣṭha, pada-jala-reṇu, sadā niṣkapaṭe bhaji (3)
 

 'nije śreṣṭha' jāni', ucchiṣṭhādi dāne, ha'be abhimāna-bhāra
 tāi śiṣya tava, thākiyā sarvadā, nā laiba pūjā kā'ra (4)
 

 amānī mānada, haile kīrtane, adhikāra dibe tumi
 tomāra caraṇe, niṣkapaṭe āmi, kādiyā luṭiba bhūmi (5)",Kṛpā Kara Vaiṣṇava Ṭhākura,,"O Vaiṣṇava Ṭhākura, please give me your mercy – knowledge of my relationship with Bhagavān and the ability to do bhajana, sending my false ego far away. If I think ""I am a Vaiṣṇava,"" then I will never become humble. My heart will become contaminated with the hope of receiving honor from others, and I will surely go to hell. Give me the mercy that I can renounce the false conception of my being Guru and can be your servant. Let me accept without duplicity your remnants and your foot-bath water. By thinking that I am superior (guru-abhimāna) and giving my remnants to others, I will be burdened with the weight of false pride. Let me always identify as your disciple and not accept worship or praise from others. In this way I can renounce the desire for honor for myself and can offer respect to others. Sincerely weeping at your lotus feet and rolling on the ground, I pray that you will give me the ability to perform kīrtana purely."
77, Guru-tattva,1.59,Śrī Guru Vandanā,"nāma-śreṣthaṁ manum api śacī-pūtram atra svarūpaṁ
 rūpaṁ tasyāgrajam uru-pūriṁ māthurīṁ goṣthavāṭīm
 rādhā-kuṇḍaṁ giri-varam aho! rādhikā-mādhavāśāṁ
 prāpto yasya prathita-kṛpayā śrī-guruṁ taṁ nato'smi",Śrī Muktā-carita,,"I am fully indebted to Śrī Gurudeva. Why? He has given me so many things: the highest conception of the holy name of Kṛṣṇa, the highest form of sound which contains the highest form of thought, aspiration, ideal, everything. And he has given me the service of our great savior, Śrī Caitanya Mahāprabhu, and His dearmost assistant, Svarūpa Dāmodara. He has brought me in connection with Śrī Rūpa, who was ordered to distribute the heart's innermost dealings, the highest devotional love, rāgānugā-"
78, Guru-tattva,1.6,Śrī Guru Praṇāma,"mūkaṁ karoti vācālaṁ / paṅguṁ laṅghayate girim
 yat-kṛpā tam ahaṁ vande / śrī-guruṁ dīna-tāraṇam",Bhavārtha Dipikā,mūkam—a dumb man; karoti—makes; vācālam—an eloquent speaker; paṅgum—a lame man; langhayate—cause to cross over; girim—a mountain; yat-kṛpā—whose mercy; tam—unto Him; aham—I; vande—offer obeisances; śrī gurum—(my) spiritual master; dīna—the fallen and destitude; tāraṇam—delivers.,"I offer my respectful obeisances unto my spiritual master, the deliverer of all fallen souls, whose mercy turns the dumb into eloquent speakers, and enables the lame to cross mountains."
79, Guru-tattva,1.61,,"namas te gurudevāya sarva-siddhi-pradāyine
 sarva-maṅgala-rūpāya sarvānanda-vidhāyine",SGG p. 6,,I offer praṇāma unto Śrīla Gurudeva who is the embodiment of all auspiciousness and who bestows all spiritual perfection and happiness.
80, Guru-tattva,1.62,Vijñapti,"he śrī-guro jñāna-da dīna-bandho svānanda-dātaḥ karuṇaika-sindho
 vṛndāvanāsīna hitāvatāra prasīda rādhā-praṇaya-pracāra",Arcana Paddhati,,"O Gurudeva! You bestow transcendental knowledge, you are the friend of the fallen, you bestow the spiritual bliss which exists within your own heart, you are an ocean of mercy, you reside in Vṛndāvana, you are the incarnation of auspiciousness, and you preach about Śrīmatī Rādhikā's love for Kṛṣṇa. Please be merciful to me."
81, Guru-tattva,1.63,,"trāyasva bho jagannātha guro saṁsāra-vahninā
 dagdhaṁ māṁ kāla-daṣṭaṁ ca tvām ahaṁ śaraṇaṁ gataḥ",Śrī Hari-bhakti-vilasa 101,trāyasva—save; bhaḥ—O; jagannātha—master of the worlds; guro—O spiritual master; saṁsāra-vahninā—by the fire of repeated birth and death; dagdham—burned; mām—me; kāla—by time; daṣṭam—bitten; ca—and; tvām—you; aham—I; śaraṇam—to the shelter; gataḥ—gone.,"""O Gurudeva, master of this world! Seeing that material existence is like a blazing forest fire which resembles the devouring teeth of Yamarāja, I take shelter of you and appeal to you for deliverance."" [or] ""O spiritual master, O master of the worlds, please rescue me, who am bitten by time and burned by the flames of repeated birth and death. I surrender to you and take shelter of you."""
82, Guru-tattva,1.64,Śrī Guru-Rūpa-Sakhī Praṇāma,"rādhā-sammukha-saṁsaktiṁ sakhī-saṅga-nivāsinīm
 tām ahaṁ satataṁ vande guru-rūpāṁ parāṁ sakhīm",Bṛhat-bhakti-tattva-sāra,aham—I; satatam—perpetually; vande—offer praise; tām—to that; guru-rūpām—form of Śrī Guru; parām—(as) the supreme; sakhīm—mañjarī friend (of Śrīmatī Rādhikā); saṁsaktīm—fully attached; rādhā-sammukha—to the company of Śrī Rādhā; nivasinam—dwelling; sakhī-saṅga—in the association of Her sakhīs.,I forever worship my Guru who in his form as an exalted sakhī mañjarī is happily immersed in the company of Śrīmatī Rādhikā and the other sakhīs.
83, Guru-tattva,1.65,A prayer of longing for Śrī Guru,"tvaṁ gopikā vṛṣa-raves tanayāntike 'si
 sevādhikāriṇi guro nija-pāda-padme
 dāsyaṁ pradāya kuru māṁ vraja-kānane śrī-
 rādhāṅghri-sevana-rase sukhinīṁ sukhābdhau",Stava Kalpadruma,"tvaṁ—You; asi—you are; gopikā—a gopī, beloved; antike—nearby; tanayā—the daughter; vṛṣa-raveḥ—of King Vṛṣabhānu; sevā-adhikāriṇi—You are encharged with Her service; guro—O Śrī Guru; pradāya—please bestow; dāsyaṁ—service; nija-pāda-padme—at your own lotus feet; kuru—make; māṁ—me; sukhinīm—happy; vraja-kānane—in the forest of Vraja; śrī-rādhāṅghri—Śrī-Rādhā's lotus feet; sukhābdhau—in the ocean of ecstatic bliss; sevana-rase—of the rasa of service to Her;","""O Gurudeva! You are the gopīkā beloved of Śrīmatī Rādhikā. You are immersed in an ocean of bliss and you can award transcendental service to Her. Please bestow upon me the shelter of your lotus feet so that I too can be ecstatically engaged in Her transcendental service in the kuñjas of Vraja."""
84, Guru-tattva,1.67,The lotus feet of Śrī Gurudeva are the treasure-house of Śrī (Śrīmatī Rādhikā),"śrī guru-caraṇa-padma, kevala bhakati-sadma,
 vando mui sāvadhāna-mate
 jāhāra prasāde bhāi, e bhava tariyā jāi,
 kṛṣṇa-prāpti haya jāhā ha'te (1)
 

 guru-mukha-padma-vākya, cittete kariyā aikya,
 āra nā kariha mane āśā
 śrī guru-caraṇe rati, ei se uttamā gati,
 je prasāde pūre sarva āśā (2)
 

 cakṣu-dāna dilā jei, janme janme prabhu sei,
 divya-jñāna hṛde prakāśita
 prema-bhakti jāhā haite, avidyā vināśa jāte,
 vede gāya jāhāra carita (3)
 

 śrī guru karuṇā-sindhu, adhama janāra bandhu,
 lokanātha lokera jīvana
 hā hā prabhu! kara dayā, deha more pada-chāyā,
 tuwā pade lainu śaraṇa (or) narottama loinu śaraṇa
 [ebe yaśa ghuṣuka tribhuvana] (4)",Śrī Guru-Caraṇa-Padma,,"The lotus feet of Śrī Gurudeva are the treasure-house of śrī, unalloyed prema-bhakti for Kṛṣṇa. I very carefully worship and serve those lotus feet (gurupāda padma). By his mercy, O brother, anyone can cross over this vast ocean of misery and attain the lotus feet of Śrī Kṛṣṇa.
 

 The words emanating from the lotus mouth of Śrī Gurudeva should be embraced within the heart. No aspiration beyond his words should enter because his instructions bring one to the highest goal – rati, or attachment for his lotus feet. By his grace all of our desires for spiritual perfection are fulfilled.
 

 He gives me the gift of transcendental vision and enlightens my heart with divine knowledge. He is my master birth after birth. From him emanates prema-bhakti, divine loving devotion, by which ignorance is destroyed. The Vedic scriptures sing of his character.
 

 Śrī Gurudeva is the ocean of mercy, the greatest friend of the shelterless, the life and soul of everyone! (O Lokanātha! You are the life of this world). O master, be merciful! Alas, Gurudeva, give me the shade of your lotus feet – at your feet I have surrendered (Narottama takes shelter of you). [Now your fame shall be spread all over the three worlds]"
85, Guru-tattva,1.68,O gurudeva! Your mercy is the essence of my existence,"gurudeva!
 kṛpā-bindu diyā, kara ei dāse, tṛṇāpekṣā ati hīna
 sakala sahane, bala diyā kara,
 nija-māne spṛhā-hīna (1)
 

 sakale sammāna, karite śakati,
 deha nātha! yathāyatha
 tabe ta' gāiba, harināma sukhe,
 aparādha ha'be hata (2)
 

 kabe hena kṛpā, labhiyā e jana,
 kṛtārtha haibe nātha!
 śakti-buddhi-hīna, āmi ati dīna,
 kara more ātma-sātha (3)
 

 yogyatā-vicāre, kichu nāhi pāi,
 tomāra karuṇā sāra
 karuṇā nā haile, kāndiyā kāndiyā,
 prāṇa nā rākhiba āra (4)",Gurudeva! Kṛpā-Bindu Diyā,,"Gurudeva! Give me a drop of mercy – make this servant more humble than a blade of grass. Give me the strength to tolerate all eventualities. Let me not hanker for my own honor and fame.
 

 Give me the power to honor all living entities according to what they are due (and all Vaiṣṇavas as befitting their platform). Then I will be able to chant the holy names blissfully, and all my offenses will be vanquished!
 

 O my master! When will I be benedicted with your mercy and finally be successful in my life? I am so fallen that I have no strength or intelligence. Kindly take me into your association.
 

 If I examine myself, I find no good qualities; Your mercy is the essence of my existence. If you are not merciful, then bitterly weeping I will no longer maintain my life."
86, Vaiṣṇava-tattva,2.1,Definition of a Vaiṣṇava,"gṛhīta-viṣṇu-dīkṣāko
 viṣṇu-pūjā-paro naraḥ
 vaiṣṇavo 'bhihito 'bhijñair
 itaro 'smād avaiṣṇavaḥ",Hari-bhakti-vilāsa 1.55,gṛhīta-viṣṇu—accepted into a Viṣṇu mantra; dīkṣāko—by initiation; viṣṇu-pūjā-paraḥ—engaged in the worship of Śrī Viṣṇu; naraḥ—a person; vaiṣṇavaḥ abhihitaḥ—is called a Vaiṣṇava; abhijñaiḥ—by the wise; itaraḥ asmād—other than him; avaiṣṇavaḥ—not a Vaiṣṇava.,"Learned scholars have determined that a Vaiṣṇava is one who is initiated into a Viṣṇu mantra in accordance with the regulations of śāstra, and who is engaged in the worship of Śrī Viṣṇu. All others are known as non-Vaiṣṇavas."
87, Vaiṣṇava-tattva,2.2,Definition of sādhaka – A practitioner of devotional service,"utpanna-ratayaḥ samyaṅ nairvighnyam anupāgatāḥ
 kṛṣṇa-sākṣāt-kṛtau yogyāḥ sādhakāḥ parikīrtitāḥ",BRS 2.1.276,,"One in whose heart rati (bhāva) toward Śrī Kṛṣṇa has already manifested, who has become qualified to perceive the direct manifestation of the Lord, but who has not yet obtained complete freedom from all obstacles, is called a sādhaka-bhakta."
88, Vaiṣṇava-tattva,2.3,Vaiṣṇava-aparādha,"hanti nindati vai dveṣṭi / vaiṣṇavān nābhinandati
 krudhyate yāti no harṣaṁ / darśane patanāni ṣaṭ",HBV 10.312,,"To beat a Vaiṣṇava, to slander him, to bear malice or envy against him, to fail to welcome or please him, to become angry with him, and to not feel pleasure upon seeing him – by these six types of vaiṣṇava-aparādha, one falls down to a degraded position."
89, Vaiṣṇava-tattva,2.4,The definition of aparādha (offences),apagata-rādho yasmāt iti aparādhaḥ,,apagata—disappear; rādho—affection; yasmāt—on account of which; iti—thus; aparādhaḥ—offence.,Any act or emotion which hinders the flow of love and affection; any activity which causes Kṛṣṇa to withdraw his affection and protection; any activity performed with an envious mood.
90, Vaiṣṇava-tattva,2.5,"A pure devotee is identical with Kṛṣṇa, who resides in his heart","īśvara-svarūpa-bhakta tāṅra adhiṣṭhāna
 bhaktera hṛdaye kṛṣṇera satata viśrāma",CC Ādi 1.61,īśvara—the Supreme Personality of Godhead; svarūpa—identical with; bhakta—the pure devotee; tāṅra—His; adhiṣṭhāna—abode; bhaktera—of the devotee; hṛdaye—in the heart; kṛṣṇera—of Lord Kṛṣṇa; satata—always; viśrāma—the resting place.,"A pure devotee constantly engaged in the loving service of Kṛṣṇa is identical with the Lord, who is always seated in his heart (Identical in the sense of being very dear to Kṛṣṇa and having the same mood, not in being non-distinct from Kṛṣṇa)."
91, Vaiṣṇava-tattva,2.6,Kṛṣṇa is controlled by the love of His bhaktas and sits only within their hearts,"ahaṁ bhakta-parādhīno
 hy asvatantra iva dvija
 sādhubhir grasta-hṛdayo
 bhaktair bhakta-jana-priyaḥ",SB 9.4.63,"[śrī-bhagavān uvāca—Śrī Bhagavān said,] aham—I; bhakta-parādhīnaḥ—am dependent on the will of My devotees; hi—indeed; asvatantraḥ—am not independent; iva—exactly like that; dvija—O brāhmaṇa; sādhubhiḥ—by pure devotees, completely free from all material desires; grasta-hṛdayaḥ—My heart is captivated; bhaktaiḥ—because they are devotees; bhakta-jana-priyaḥ—I am dependent not only on My devotee but also on My devotee's devotee (the devotee's devotee is extremely dear to Me).","[Śrī Bhagavān said to the brāhmaṇa (Durvāsā Muni)]: ""I am completely under the control of My devotees. Indeed, I am not at all independent. Because My devotees are completely devoid of material desires, I sit only within the cores of their hearts. What to speak of My devotee, even those who are devotees of My devotee are very dear to Me."""
92, Vaiṣṇava-tattva,2.7,"Kṛṣṇa says, ""pure devotees are My very heart""","sādhavo hṛdayaṁ mahyaṁ
 sādhūnāṁ hṛdayaṁ tv aham
 mad-anyat te na jānanti
 nāhaṁ tebhyo manāg api",SB 9.4.68,sādhavaḥ—the pure devotees; hṛdayam—in the core of the heart; mahyam—of Me; sādhūnām—of the pure devotees also; hṛdayam—in the core of the heart; tu—indeed; aham—I am; mat-anyat—anything else but me; te—they; na—not; jānanti—know; na—not; aham—I; tebhyaḥ—than them; manāk api—even by a little fraction.,"""The pure devotee is always within the core of My heart, and I am always in the heart of the pure devotee. My devotees do not know anything else but Me, and I do not recognize anyone besides them as mine."""
93, Vaiṣṇava-tattva,2.8,The Vaiṣṇavas see Kṛṣṇa's abode and can reveal it to you,"oṁ tad viṣṇoḥ paramaṁ padaṁ / sadā paśyanti sūrayo
 divīva cakṣur ātatam / tad viprāso vipanyavo
 jāgṛvāmsaḥ samindhate / viṣṇor yat paramaṁ padam",Ṛg Veda 1.22.20-21,oṁ—invocation; tad—that; viṣṇoḥ—of Lord Viṣṇu; paramam—the supreme; padam—abode; sadā—always; paśyanti—they see; sūrayaḥ—the devotees; divi iva—as in the sky; cakṣuḥ—the eye; ātatam—spread; tad—that; viprāsaḥ—the brāhmaṇas; vipanyavaḥ—the praiseworthy; jāgṛvāmsaḥ—spiritually awake; samindhate—they reveal; viṣṇoḥ—of Viṣṇu; yat—whose; paramam—supreme; padam—abode.,"The divine and learned Vaiṣṇavas always have the darśana of the supreme abode of Viṣṇu by their aprākṛta (spiritual) vision. Just as the sun's rays in the sky are extended to the mundane vision, so in the same way the pure devotees always see the supreme abode of Lord Viṣṇu. Because those highly praiseworthy and spiritually awake devotees are able to see the spiritual world, they are also able to reveal that supreme abode of Lord Viṣṇu to others."
94, Vaiṣṇava-tattva,2.9,The pure devotees are holy places personified,"bhavad-vidhā bhāgavatās / tīrtha-bhūtāḥ svayaṁ vibho
 tīrthī-kurvanti tīrthāni / svāntaḥ-sthena gadābhṛtā",SB 1.13.10,bhavat—your good self; vidhāḥ—like; bhāgavatāḥ—devotees; tīrtha—the holy places of pilgrimage; bhūtāḥ—converted into; svayam—personally; vibho—O powerful one; tīrthī-kurvanti—make into a holy place of pilgrimage; tīrthāni—the holy places; sva-antaḥ-sthena—having been situated in the heart; gadā-bhṛtā—Śrī Bhagavān.,"""My lord, devotees like your good self are verily holy places personified. Because you carry Śrī Bhagavān within your heart, you turn all places into places of pilgrimage."" (Yudhiṣṭhira to Vidura)"
95, Vaiṣṇava-tattva,2.1,The mahā-bhāgavata sees Kṛṣṇa everywhere,"sthāvara-jaṅgama dekhe, nā dekhe tāra mūrti
 sarvatra haya nija iṣṭa-deva-sphūrti",CC Mad 8.274,sthāvara-jaṅgama—movable and inert; dekhe—he sees; nā—not; dekhe—sees; tāra—its; mūrti—form; sarvatra—everywhere; haya—there is; nija—his own; iṣṭa-deva—worshipable Lord; sphūrti—manifestation.,"The mahā-bhāgavata, the advanced devotee, certainly sees everything mobile and immobile, but he does not exactly see their forms. Rather, everywhere he immediately sees manifest the form of of His worshipable Lord."
96, Vaiṣṇava-tattva,2.11,One who sees Kṛṣṇa everywhere can never lose Him,"yo māṁ paśyati sarvatra / sarvaṁ ca mayi paśyati
 tasyāhaṁ na praṇaśyāmi / sa ca me na praṇaśyati",BG 6.30,yaḥ—whoever; mām—Me; paśyati—sees; sarvatra—everywhere; sarvam—everything; ca—and; mayi—in Me; paśyati—sees; tasya—for him; aham—I; na—not; praṇaśyāmi—am lost; saḥ—he; ca—also; me—to Me; na—nor; praṇaśyati—is lost.,"For one who sees Me everywhere and sees everything in Me, I am never lost, nor is he ever lost to Me."
97, Vaiṣṇava-tattva,2.12,The only real dharma is that established by Vaiṣṇavas and Vaiṣṇava śāstra,"ei kali-kāle āra nāhi kona dharma
 vaiṣṇava, vaiṣṇava-śāstra, ei kahe marma",CC Mad 9.362,ei kali-kāle—in this age of Kali; āra—other; nāhi kona—there is not any; dharma—religious principle; vaiṣṇava—devotee; vaiṣṇava-śāstra—devotional literature; ei kahe marma—this is the purport.,In this age of Kali there are no genuine spiritual principles other than those established by Vaiṣṇava devotees and the Vaiṣṇava scriptures. This is the sum and substance of everything.
98, Vaiṣṇava-tattva,2.13,Even the learned cannot understand the words and actions of pure devotees,"yāṅra citte kṛṣṇa-premā karaye udaya
 tāṅra vākya, kriyā, mudrā vijñeha nā bujhaya",CC Mad 23.39,yāṅra citte—in whose heart; kṛṣṇa-premā—love of Kṛṣṇa; karaye udaya—awakens; tāṅra—his; vākya—words; kriyā—activities; mudrā—symptoms; vijñeha—even a learned scholar; nā bujhaya—does not understand.,"Even the most learned man cannot understand the words, activities and symptoms of the pure devotee in whose heart kṛṣṇa-prema has awakened."
99, Vaiṣṇava-tattva,2.14,Non-devotees cannot perceive the Vaiṣṇava's transcendental qualities,"dekhiyā nā dekhe yata abhaktera gaṇa
 ulūke nā dekhe yena sūryera kiraṇa",CC Ādi 3.86,dekhiyā—seeing; nā dekhe—they do not see; yata—all; abhaktera—of nondevotees; gaṇa—crowds; ulūke—the owl; nā dekhe—does not see; yena—just as; sūryera—of the sun; kiraṇa—rays.,"Non-devotees cannot perceive the Vaiṣṇava's transcendental qualities, just as an owl cannot see the rays of the sun, even though it has eyes."
100, Vaiṣṇava-tattva,2.15,"Harder than a thunderbolt, softer than a rose","vajrād api kaṭhorāṇi / mṛdūni kusumād api
 lokottarāṇāṁ cetāṁsi / ko nu vijñātum īśvaraḥ",CC Mad 7.73,vajrāt api—than a thunderbolt; kaṭhorāṇi—harder; mṛdūni—softer; kusumāt api—than a flower; loka-uttarāṇām—persons above the human platform of behavior; cetāṁsi—the hearts; kaḥ—who; nu—but; vijñātum—to understand; īśvaraḥ—able.,"Who can comprehend the heart of exalted, transcendental personalities, whose natures are harder than thunderbolts and more tender than lotus flowers?"
101, Vaiṣṇava-tattva,2.16,Three powerful substances of the pure devotee,"bhakta-pada-dhūli āra bhakta-pada-jala
 bhakta-bhukta-avaśeṣa—ei tina mahā-bala
 ei tina—sevā haite kṛṣṇa-premā haya
 punaḥ punaḥ sarva-śāstre phukāriyā kaya",CC Antya 16.60-61,bhakta-pada-dhūli—the dust of the lotus feet of a devotee; āra—and; bhakta-pada-jala—the water that washed the feet of a devotee; bhakta-bhukta-avaśeṣa—and the remnants of food eaten by a devotee; tina—three; mahā-bala—very powerful. ei tina-sevā—rendering service to these three; haite—from; kṛṣṇa-prema—ecstatic love for Kṛṣṇa; haya—there is; punaḥ punaḥ—again and again; sarva-śāstre—all the revealed scriptures; phu-kāriyā kaya—declare loudly.,"The dust of the lotus feet of devotees, the water that washes their feet, and their mahā-mahā prasādam remnants [both hari-kathā and prasādam] – these three are very powerful. By serving these three, one attains Kṛṣṇa prema. This has been proclaimed in all the śāstras again and again."
102, Vaiṣṇava-tattva,2.17,Vaiṣṇava-sevā and nāma-saṅkīrtana bestow Śrī Kṛṣṇa caraṇa,"prabhu kahe—""vaiṣṇava-sevā, nāma-saṅkīrtana
 dui kara, śīghra pābe śrī-kṛṣṇa-caraṇa""",CC Mad 16.70,"prabhu kahe—the Lord replied; vaiṣṇava-sevā—service to the Vaiṣṇavas; nāma-saṅkīrtana—chanting the holy name of the Lord; dui kara—you perform these two things; śīghra—very soon; pābe—you will get; śrī-kṛṣṇa-caraṇa—shelter at the lotus feet of the Lord, Śrī Kṛṣṇa.","Śrī Caitanya Mahāprabhu replied, ""You should engage yourself in the service of the servants of Kṛṣṇa and always chant the holy name of Kṛṣṇa. If you do these two things, you will very soon attain shelter at Kṛṣṇa's lotus feet."""
103, Vaiṣṇava-tattva,2.18,One-pointed devotees are fearless,"nārāyaṇa-parāḥ sarve / na kutaścana bibhyati
 svargāpavarga-narakeṣv / api tulyārtha-darśinaḥ",SB 6.17.28,"nārāyaṇa-parāḥ—pure devotees, who are interested only in the service of Nārāyaṇa, the Supreme Personality of Godhead; sarve—all; na—not; kutaścana—anywhere; bibhyati—are afraid; svarga—in the higher planetary systems; apavarga—in liberation; narakeṣu—and in hell; api—even; tulya—equal; artha—value; darśinaḥ—who see.","Devotees solely engaged in the devotional service of the Supreme Personality of Godhead, Nārāyaṇa, never fear any condition of life. For them the heavenly planets, liberation and the hellish planets are all the same, for such devotees are interested only in the service of the Lord."
104, Vaiṣṇava-tattva,2.19,All the good qualities of Kṛṣṇa and the demigods are manifested in one who has unflinching faith in Kṛṣṇa,"yasyāsti bhaktir bhagavaty akiñcanā
 sarvair guṇais tatra samāsate surāḥ
 harāv abhaktasya kuto mahad-guṇā
 manorathenāsati dhāvato bahiḥ",SB 5.18.12,yasya—of whom; asti—there is; bhaktiḥ—devotional service; bhagavati—unto Śrī Bhagavān; akiñcanā—without material desires; sarvaiḥ—all; guṇaiḥ—with good qualities; tatra—there; samāsate—live; surāḥ—the demigods; harau—unto the Lord; abhaktasya—of the nondevotee; kutaḥ—where; mahat-guṇāḥ—the high qualities; manaḥ-rathena—by mental concoction; asati—to temporary material happiness; dhāvataḥ—running; bahiḥ—externally.,"In one who has unflinching devotional faith in Kṛṣṇa, all the good qualities of Kṛṣṇa and the demigods are consistantly manifest. However, he who has no devotion to Śrī Bhagavān has no good qualifications because he is engaged by mental concoction in material existence, which is the external feature of the Lord."
105, Vaiṣṇava-tattva,2.2,The pure devotee selflessly preaches out of compassion,"mahad-vicalanaṁ nèṇāṁ / gṛhiṇāṁ dīna-cetasām
 niḥśreyasāya bhagavan / kalpate nānyathā kvacit",SB 10.8.4,mahat-vicalanam—the wandering of saintly persons; nèṇām—of human beings; gṛhiṇām—who are householders; dīna-cetasām—low-minded; niḥśreyasāya—for the ultimate benefit; bhagavan—O my Lord; na anyathā—not any other purpose; kalpate—one imagines; kvacit—at any time.,"My dear Lord, sometimes great saintly persons go to the homes of householders, although these householders are generally low-minded. When a saintly person visits their homes, one can understand that it is for no other purpose than to benefit the householders."
106, Vaiṣṇava-tattva,2.21,Practice what you preach,"āpane ācare keha, nā kare pracāra
 pracāra karena keha, nā karena ācāra
 'ācāra', 'pracāra'—nāmera karaha 'dui' kārya
 tumi—sarva-guru, tumi jagatera ārya",CC Antya 4.102-3,āpane—personally; ācare—behaves; keha—someone; nā kare pracāra—does not do preaching work; pracāra karena—does preaching work; keha—someone; nā karena ācāra—does not behave strictly according to the principles; ācāra pracāra—behaving well and preaching; nāmera—of the holy name; karaha—you do; dui—two; kārya—works; tumi—you; sarva-guru—everyone's spiritual master; tumi—you; jagatera ārya—the most advanced devotee within this world.,"(Śrīla Sanātana Gosvāmī said to Śrīla Haridāsa Ṭhākura:) ""A person may observe proper conduct but not preach, and another person may preach but not practice. You simultaneously perform both duties in relation to the holy name by your personal behavior and by your preaching. Therefore you are the spiritual master of the entire world, for you are the most advanced devotee in the world."""
107, Vaiṣṇava-tattva,2.23,,"manuṣyāṇāṁ sahasreṣu / kaścid yatati siddhaye
 yatatām api siddhānāṁ / kaścin māṁ vetti tattvataḥ",BG 7.3,manuṣyāṇām—of men; sahasreṣu—out of many thousands; kaścit—someone; yatati—endeavors; siddhaye—for perfection; yatatām—of those so endeavoring; api—indeed; siddhānām—of those who have achieved perfection; kaścit—someone; mām—Me; vetti—does know; tattvataḥ—in fact.,"Out of many thousands among men, one may endeavor for perfection, and of those who have achieved perfection, hardly one (a sādhu) knows Me in truth."
108, Vaiṣṇava-tattva,2.24,A pure devotee is extremely rare,"muktānām api siddhānāṁ / nārāyaṇa-parāyaṇaḥ
 sudurlabhaḥ praśāntātmā / koṭiṣv api mahā-mune",SB 6.14.5,"muktānām—of persons liberated or freed from the bondage of ignorance; api—even; siddhānām—of persons who have achieved perfection; nārāyaṇa—Śrī Nārāyaṇa; parāyaṇaḥ—the devotee; su-durlabhaḥ—very rare; praśānta-ātmā—completely satisfied, desireless; koṭiṣu—among many millions; api—certainly; mahā-mune—O great sage.","O great sage, out of many millions of materially liberated people who are free from ignorance, and out of many millions of siddhas who have nearly attained perfection, there is hardly one pure devotee of Nārāyaṇa. Only such a devotee is actually completely satisfied and peaceful."
109, Vaiṣṇava-tattva,2.25,The sādhus are oblivious to material miseries,"mad-āśrayāḥ kathā mṛṣṭāḥ / śṛṇvanti kathayanti ca
 tapanti vividhās tāpā / naitān mad-gata-cetasaḥ",SB 3.25.23,mat-āśrayāḥ—about Me; kathāḥ—stories; mṛṣṭāḥ—delightful; śṛṇvanti—they hear; kathayanti—they chant; ca—and; tapanti—inflict suffering; vividhāḥ—various; tāpāḥ—the material miseries; na—do not; etān—unto them; mat-gata—fixed on Me; cetasaḥ—their thoughts.,"Engaged constantly in chanting and hearing about Me, the sādhus do not suffer from material miseries because they are always filled with thoughts of My pastimes and activities."
110, Vaiṣṇava-tattva,2.26,A Vaiṣṇava can purify the entire world,"viprād dvi-ṣaḍ-guṇa-yutād aravinda-nābha-
 pādāravinda-vimukhāt śvapacaṁ variṣṭham
 manye tad-arpita-mano-vacanehitārtha-
 prāṇaṁ punāti sa kulaṁ na tu bhūrimānaḥ",SB 7.9.10,"viprāt—than a brāhmaṇa; dvi-ṣaṭ-guṇa-yutāt—qualified with twelve brahminical qualities; aravinda-nābha—Lord Viṣṇu, who has a lotus growing from His navel; pāda-aravinda—to the lotus feet of the Lord; vimukhāt—indifferent to bhakti; śva-pacam—one born in a low family, or a dog-eater; variṣṭham—more glorious; manye—I consider; tat-arpita—surrendered unto the lotus feet of the Lord; manaḥ—his mind; vacana—words; īhita—every endeavor; artha—wealth; prāṇam—and life; punāti—purifies; saḥ—he (the devotee); kulam—his family; na—not; tu—but; bhūrimānaḥ—one who falsely thinks himself to be in a prestigious position.","A bhakta who has taken birth in a family of dog-eaters, but who has dedicated his mind, words, activities and wealth to the lotus feet of Śrī Kṛṣṇa, is superior to a brāhmaṇa endowed with all twelve brahminical qualities, but who has no bhakti for Śrī Kṛṣṇa. Such a bhakta, although of lowly birth, can purify himself and his whole family, whereas the brāhmaṇa who is filled with pride due to his superior social position cannot even purify himself."
111, Vaiṣṇava-tattva,2.27,A Vaiṣṇava is the embodiment of perfection,"akṣṇoḥ phalaṁ tvādṛśa-darśanaṁ hi
 tanoḥ phalaṁ tvādṛśa-gātra-saṅgaḥ
 jihvā-phalaṁ tvādṛśa-kīrtanaṁ hi
 su-durlabhā bhāgavatā hi loke",Hari-bhakti-sudhodaya 13.2,akṣṇoḥ—of the eyes; phalam—the perfect result of the action; tvādṛśa—a person like you; darśanam—to see; hi—certainly; tanoḥ—of the body; phalam—the perfection of activities; tvādṛśa—of a person like you; gātra-saṅgaḥ—touching the body; jihvā-phalam—the perfection of the tongue; tvādṛśa—a person like you; kīrtanam—glorifying; hi—certainly; su-durlabhāḥ—very rare; bhāgavatāḥ—pure devotees of the Lord; hi—certainly; loke—in this world.,"O Vaiṣṇava! To see you is the perfection of the eyes. To touch your lotus feet is the perfection of the body. To glorify your divine qualities is the perfection of the tongue, for it is very rare to find a pure devotee within this world."
112, Vaiṣṇava-tattva,2.28,Service rendered by the madhyama devotee to the three kinds of Vaiṣṇavas,"kṛṣṇeti yasya giri taṁ manasādriyeta
 dīkṣāsti cet praṇatibhiś ca bhajantam īśam
 śuśrūṣayā bhajana-vijñam ananyam anya-
 nindādi-śūnya-hṛdam īpsita-saṅga-labdhyā",Śrī Upadeśāmṛta 5,"kṛṣṇa—Kṛṣṇa; iti—thus (appears); yasya—in whose; giri—speech; tam—that person (a neophyte devotee); manasā—within the mind; ādriyeta—one should respect; dīkṣā—accepted initiation from a qualified Guru; asti—he has; cet—if; praṇatibhiḥ—by offering obeisances; ca—also; bhajantam—an intermediate devotee; īśam—unto Bhagavān; śuśrūṣayā—with all types of service (such as offering daṇḍavat-praṇāma, making relevant inquiry and rendering service); bhajana-vijñam—a self-realised, expert mahā-bhāgavata Vaiṣṇava who performs bhajana of Śrī Rādhā-Kṛṣṇa's eightfold daily pastimes; ananyam—who is an exclusive devotee of Śrī Kṛṣṇa; anya-nindādi-śūnya-hṛdam—and whose heart, due to his undeviating absorption in Kṛṣṇa, is free from faults such as the tendency to criticize others; īpsita-saṅga—the association for which one hankers; labdhyā—having obtained.","One who takes kṛṣṇa-nāma just once by calling out ""O Kṛṣṇa!"" is a neophyte devotee (kaniṣṭha-adhikārī). One should consider him to be his family member and silently respect him. One who, fully understanding the principle of dikṣā, has accepted initiation from a qualified Guru and performs bhajana of Bhagavān in accordance with the Vaiṣṇava conventions is an intermediate devotee ( madhyama-adhikārī). One should respect such a devotee who is endowed with the correct understanding of reality and illusion by offering praṇāma unto him and so forth. One who is conversant with the science of bhajana as described in the Śrīmad-Bhāgavatam and other Vaiṣṇava scriptures and who performs exclusive bhajana of Śrī Kṛṣṇa is a mahā-bhāgavata devotee. Due to his undeviating absorption in Śrī Kṛṣṇa, the pure heart of such a devotee is free from faults such as the tendency to criticize others. He is expert in bhajana, meaning that he mentally renders service (mānasa-sevā) to Śrī Rādhā-Kṛṣṇa's pastimes which take place during the eight segments of the day (aṣṭa-kalīya-līlā). Knowing him to be a topmost devotee whose heart is established in the particular mood of service to Śrī Rādhā-Kṛṣṇa for which one aspires and who is affectionately disposed towards oneself, one should honour him by offering daṇḍavat-praṇāma (praṇipāta), making relevant inquiry (paripraśna) and rendering service (sevā) with great love."
113, Vaiṣṇava-tattva,2.29,It is forbidden to judge a Vaiṣṇava from a material viewpoint:,"dṛṣṭaiḥ svabhāva-janitair vapuṣaś ca doṣair
 na prākṛtatvam iha bhakta-janasya paśyet
 gaṅgāmbhasāṁ na khalu budbuda-phena-paṅkair
 brahma-dravatvam apagacchati nīra-dharmaiḥ",Śrī Upadeśāmṛta 6,"dṛṣṭaiḥ prākṛtatvam—seeing with material vision; svabhāva-janitaiḥ—due to the defects stemming from his nature; vapuṣaḥ—of the body; ca—and; doṣaiḥ—due to the faults; iha—in this world; bhakta-janasya—the pure devotee; na paśyet—one should not see; gaṅgā-ambhasām—of the water of the Ganges; na khalu apagacchati—is never lost; budbuda-phena-paṅkaiḥ—by the presence of bubbles, foam and mud; brahma-dravatvam— (just as) the nature of liquified transcendence; nīra-dharmaiḥ—which exist simply due to the nature of water.","Devotees situated in this material world should not be viewed with material vision; in other words, one should not consider them to be ordinary conditioned souls. The imperfections visible in their natures, such as birth in a low caste, harshness, lethargy and so forth, and the imperfections visible in their bodies such as ugly features, disease, deformities and so forth, are precisely like the appearance of bubbles, foam and mud in the Gangā. Despite such apparent pollution in the water of the Gaṅgā, she retains her nature as liquified transcendence. Similarly, the self-realised Vaiṣṇavas always exist on the transcendental plane and one should not attribute material defects to them."
114, Vaiṣṇava-tattva,2.3,"A devotee who has firm faith, even if committing sins, should be considered a sādhu (and will be quickly relieved of his faults by Kṛṣṇa)","api cet su-durācāro / bhajate mām ananya-bhāk
 sādhur eva sa mantavyaḥ / samyag vyavasito hi saḥ
 kṣipraṁ bhavati dharmātmā / śaśvac-chāntiṁ nigacchati
 kaunteya pratijānīhi / na me bhaktaḥ praṇaśyati",BG 9.30-31,api—even; cet—if; su-durācāraḥ—one committing the most abominable sins; bhajate—is engaged in devotional service; mām—unto Me; ananya-bhāk—without deviation; sādhuḥ—a saint; eva—certainly; saḥ—he; mantavyaḥ—is to be considered; samyak—completely; vyavasitaḥ—situated in determination; hi—certainly; saḥ—he;//kṣipram—very soon; bhavati—becomes; dharma-ātmā—righteous; śaśvat-śāntim—lasting peace; nigacchati—attains; kaunteya—O son of Kuntī; pratijānīhi—declare; na—never; me—My; bhaktaḥ—devotee; praṇaśyati—perishes.,"If even the most ill-behaved person engages with determination in exclusive devotional service unto Me, he is worthy of being considered a saintly person (sādhu) due to his intelligence being fixed on Me in devotion. He quickly becomes purified and attains relief from the bondage of both sins and pious activities. O son of Kunti! Attest that My devotee will never fail to attain perfection."
115, Vaiṣṇava-tattva,2.31,"For one who is faithful, there is no danger of falling down, even if he runs with closed eyes (i.e. commit sins despite having knowledge of śāstra)","yān āsthāya naro rājan / na pramādyeta karhicit
 dhāvan nimīlya vā netre / na skhalen na pated iha",SB 11.2.35,yān—which (means); āsthāya—accepting with firm faith; naraḥ—a man; rājan—O King; na pramādyeta—is not bewildered; karhicit—ever; dhāvan—running; nimīlya—closing; vā—or; netre—his eyes; na skhalet—will not trip; na patet—will not fall; iha—on this path.,"O King, one who accepts this process of bhakti with strong faith in Guru and Kṛṣṇa, will never blunder on his path. Even while running with eyes closed, he will never trip or fall (even if he commits sins, he will be protected)."
116, Vaiṣṇava-tattva,2.32,"For one who does not have faith, spiritual life is as dangerous as a razor's edge","uttiṣṭhata jāgrata
 prāpya varān nibodhata
 kṣurasya dhārā niśitā duratyayā
 durgaṁ pathas tat kavayo vadanti",Kaṭha Upaniṣad 1.3.14,,Get up! Wake up! Take advantage of this rare human form of life. The path of spiritual realization is very difficult; it is sharp like a razor's edge. That is the opinion of learned transcendentalists.
117, Vaiṣṇava-tattva,2.33,"Even if a sādhaka falls down initially, he is better than a dharmika non-devotee","tyaktvā sva-dharmaṁ caraṇāmbujaṁ harer
 bhajann apakvo 'tha patet tato yadi
 yatra kva vābhadram abhūd amuṣya kiṁ
 ko vārtha āpto 'bhajatāṁ sva-dharmataḥ",SB 1.5.17,tyaktvā—having forsaken; sva-dharmam—one's own occupational engagement; caraṇa-ambujam—the lotus feet; hareḥ—of Hari; bhajan—in the course of devotional service; apakvaḥ—immature; atha—for the matter of; patet—falls down; tataḥ—from that place; yadi—if; yatra—whereupon; kva—what sort of; vā—or; abhadram—unfavorable; abhūt—shall happen; amuṣya—of him; kim—; kaḥ vā arthaḥ—what benefit; āptaḥ—obtained; abhajatām—of the nondevotee; sva-dharmataḥ—being engaged properly in one's dharma.,"One who has forsaken his material occupations to engage in the devotional service of the Lord may sometimes fall down while in an immature stage, yet there is no danger of his being unsuccessful. On the other hand, a non-devotee, though fully following his dharma, does not gain anything."
118, Vaiṣṇava-tattva,2.34,Powerful devotees (like Śīva or Brahmā) are not affected by seeming fall-downs,"dharma-vyatikramo dṛṣṭa / īśvarāṇāṁ ca sāhasam
 tejīyasāṁ na doṣāya / vahneḥ sarva-bhujo yathā",SB 10.33.29,śrī-śukaḥ uvāca—Śrī Śukadeva Gosvāmī said; dharma-vyatikramaḥ—the transgression of religious or moral principles; dṛṣṭaḥ—seen; īśvarāṇām—of powerful controllers; ca—even; sāhasam—due to audacity; tejīyasām—who are spiritually potent; na—does not; doṣāya—(lead) to any fault; vahneḥ—of fire; sarva-bhujaḥ—all-devouring; yathā—as.,"Śukadeva Gosvāmī said: The status of powerful controllers is not harmed by any apparently audacious transgression of morality we may see in them, for they are just like fire, which devours everything fed into it and remains unpolluted."
119, Vaiṣṇava-tattva,2.35,,"śraddhavān jana haya bhakti-adhikārī
 'uttama,' 'madhyama,' 'kaniṣṭha,' śraddhā-anusārī.",CC Mad 22.64,śraddhāvān jana—a person with faith; haya—is; bhakti-adhikārī—eligible for discharging transcendental loving service to the Lord; uttama—first class; madhyama—intermediate; kaniṣṭha—the lowest class; śraddhā-anusārī—according to the proportion of faith.,"A faithful devotee is a truly eligible candidate for the loving service of the Lord. According to one's faith, one is classified as a topmost devotee, an intermediate devotee, or an inferior devotee."
120, Vaiṣṇava-tattva,2.36,1) Uttama-adhikārī,"sarva-bhūteṣu yaḥ paśyed / bhagavad-bhāvam ātmanaḥ
 bhūtāni bhagavaty ātmany / eṣa bhāgavatottamaḥ",SB 11.2.45,eṣa—that person; yaḥ—who; paśyet—sees; ātmanaḥ—his own; bhagavad-bhāvam—mood for Bhagavān; sarva-bhūteṣu—within all beings; bhūtāni—and all beings bhagavati ātmani—within Bhagavān; bhāgavatottamaḥ—is the uttama Bhāgavata.,"One who sees his own bhagavad-bhāva, ecstatic mood of attraction towards Śrī Kṛṣṇacandra, in the hearts of all jīvas (sarva-bhūteṣu) and sees all beings within Śrī Kṛṣṇacandra is an uttama-bhāgavata. (An uttama Vaiṣṇava perceives that all living beings love Bhagavān with the same particular feeling of transcendental love that he himself cherishes towards his iṣṭadeva. He also perceives that Bhagavān feels a reciprocal attitude of love towards all living beings. An uttama Vaiṣṇava has no disposition other than this)."
121, Vaiṣṇava-tattva,2.37,1) Uttama adhikari,"śāstra-yuktye sunipuṇa, dṛḍha-śraddhā yāṅra
 'uttama-adhikārī' sei tāraye saṁsāra",CC Mad 22.65,śāstra-yuktye—in argument and logic; su-nipuṇa—very expert; dṛḍha-śraddhā—firm faith and confidence in Kṛṣṇa; yāṅra—whose; uttama-adhikārī—the topmost devotee; sei—he; tāraye saṁsāra—can deliver the whole world.,"One who is expert in logic, argument, and the revealed scriptures and who has firm faith in Kṛṣṇa is classified as a topmost devotee. He can deliver the whole world."
122, Vaiṣṇava-tattva,2.38,2) Madhyama-adhikārī,"īsvare tad-adhīneṣu / bāliśeṣu dviṣatsu ca
 prema-maitrī-kṛpopekṣā / yaḥ karoti sa madhyamaḥ",SB 11.2.46,madhyamaḥ—a middle-class devotee (is) saḥ—he; yaḥ—who; karoti—has; prema—ecstatic transcendental love ; īsvare—for Bhagavān; maitrī—friendship; tad-adhīneṣu—for Bhagavān's subordinates (the devotees); kṛpā—mercy ; bāliśeṣu—to the innocent; ca—and ; upekṣā—neglect; dviṣatsu—to the envious.,"A madhyama-bhāgavata is one who has love for Īśvara and His pure devotees, is friendly towards His bhaktas, shows mercy towards those who are ignorant of bhakti, and neglects those who are inimical to Īśvara or His bhaktas."
123, Vaiṣṇava-tattva,2.39,2) Madhyama adhikari,"śāstra-yukti nāhi jāne dṛḍha, śraddhāvān
 'madhyama-adhikārī' sei mahā-bhāgyavān",CC Madhya 22.67,śāstra-yukti—logical arguments on the basis of the revealed scripture; nāhi—not; jāne—knows; dṛḍha—firmly; śraddhāvān—faithful; madhyama-adhikārī—second-class devotee; sei—he; mahā-bhāgyavān—very fortunate.,One who is not very expert in argument and logic based on the revealed scriptures but who has firm faith is considered a second-class devotee. He also must be considered most fortunate.
124, Vaiṣṇava-tattva,2.4,3) Kaniṣṭha-adhikārī,"arcāyām eva haraye pūjāṁ yaḥ śraddhayehate
 na tad-bhakteṣu cānyeṣu / sa bhaktaḥ prākṛtaḥ smṛtaḥ",SB 11.2.47,prākṛtaḥ—a material; bhaktaḥ—devotee; eva—emphatically; smṛtaḥ— considered saḥ—he; yaḥ—who; īhate—endeavors; śraddhayā—with faith; pūjām—offering worship; haraye—unto Śrī Hari; arcāyām—in the form of His Deity; ca—yet; na—not; tad-bhakteṣu—not to Śrī Hari's devotees; anyeṣu—and other beings.,"A devotee who faithfully engages in the worship of the Deity in the temple but does not behave properly toward other devotees or people in general is called a prākṛta-bhakta, a materialistic devotee, and is considered to be in the lowest position."
125, Vaiṣṇava-tattva,2.41,3)Kanistha adhikari ,"yāhāra komala śraddhā, se 'kaniṣṭha' jana
 krame krame teṅho bhakta ha-ibe 'uttama'",CC Mad 22.69,yāhāra—whose; komala śraddhā—soft faith; se—such a person; kaniṣṭha jana—a neophyte devotee; krame krame—by a gradual progression; teṅho—he; bhakta—devotee; ha-ibe—will become; uttama—first class.,"One whose faith is soft and pliable is called a neophyte, but by gradually following the process he will rise to the platform of a first-class devotee."
126, Vaiṣṇava-tattva,2.42,The mahātmas are under the shelter of Yogamāyā,"mahātmānas tu māṁ pārtha / daivīṁ prakṛtim āśritāḥ
 bhajanty ananya-manaso / jñātvā bhūtādim avyayam",BG 9.13,"tu—however; pārtha—O son of Pṛthā; mahā-ātmānaḥ—the great souls; āśritāḥ—having taken shelter of; daivīm—of the divine; prakṛtim—nature; bhajanti—render service, worship; mām—Me; ananya-manasaḥ—with undeviating minds; jñātvā—knowing Me;[to be] ādim—the origin; bhūta—of all beings; avyayam—and inexhaustible.","O Pārtha, the mahātmās, however, having taken shelter of My divine nature, know Me to be the original and imperishable cause of all beings. They constantly engage in My bhajana with their minds fixed exclusively on Me."
127, Vaiṣṇava-tattva,2.43,Vaiṣṇavas who constantly engage in bhajana are never separated from Kṛṣṇa,"satataṁ kīrtayanto māṁ / yatantaś ca dṛḍha-vratāḥ
 namasyantaś ca māṁ bhaktyā / nitya-yuktā upāsate",BG 9.14,"satatam—constantly; kīrtayantaḥ—glorifying; mām—Me; yatantaḥ—fully endeavoring; ca—also; dṛḍha-vratāḥ—with determined vows; namasyantaḥ—offering obeisances; ca—and; mām—before Me; bhaktyā—in devotion; nitya-yuktāḥ—perpetually engaged, who are always united [with Me]; upāsate—worship Me.","Constantly chanting the glories of My names, qualities, form and pastimes, endeavouring with determined vows, and offering praṇāmas with devotion, they engage in My worship, remaining always united with Me."
128, Vaiṣṇava-tattva,2.44,A premi bhakta purifies the whole world,"vāg gadgadā dravate yasya cittaṁ
 rudaty abhīkṣṇaṁ hasati kvacic ca
 vilajja udgāyati nṛtyate ca
 mad-bhakti-yukto bhuvanaṁ punāti",SB 11.14.24,vāk—speech; gadgadā—choked up; dravate—melts; yasya—of whom; cittam—the heart; rudati—cries; abhīkṣṇam—again and again; hasati—laughs; kvacit—sometimes; ca—also; vilajjaḥ—without shame; udgāyati—sings out loudly; nṛtyate—dances; ca—also; mat-bhakti-yuktaḥ—one fixed in devotional service to Me; bhuvanam—the universe; punāti—purifies.,"My dear Uddhava! My devotee whose voice becomes choked up with prema, whose heart softens and begins to flow with spiritual emotion, who cannot cease from crying, who sometimes bursts into laughter, sometimes begins to sing very loudly, abandoning all shyness, and sometimes dances, purifies not only himself but the entire world."
129, Vaiṣṇava-tattva,2.45,A Vaiṣṇava is not the least charmed by materially opulent things,"tvad-bhaktaḥ saritāṁ patiṁ culukavat khadyotavad bhāskaraṁ
 merum paśyati loṣṭravat kim aparaṁ bhūmeḥ patiṁ bhṛtyāvat
 cintāratna-cayaṁ śilā-śakalavat kalpa-drumaṁ kaṣṭavat
 saṁsāraṁ tṛṇa-rāśivat kim aparaṁ dehaṁ nijaṁ bhāravat",Padyāvalī 56 (Śrī Sarvajña),tvad-bhaktaḥ—Your devotee; paśyati—sees; patim—the king; saritam—of rivers; culukavat—like a handful of water; bhāskaram—the sun; khadyotavat—like a firefly; merum—Mount Meru; loṣṭravat— like a clod of earth; kim aparam—still further; patim bhūmeḥ — an emperor; bhṛtyavat — like a servant; cintāratna-cayam — a host of desire jewels; śilā-śakalavat—like a heap of stones; kalpa-drumam—a desire tree; kaṣṭavat—like a piece of wood; saṁsaram—the whole world; tṛṇa-rāśivat—like a heap of straw; kim aparam — what further?; deham nijam— his own body; bhāravat—like a burden.,"O Bhagavān! Your devotees consider the ocean to be like a handful of water, the sun like a firefly, Mount Meru a clump of earth, the emperor of the world an insignificant servant, a multitude of cintāmaṇi jewels simply pebbles, a valuable kalpa-druma tree a mere stick, and the entire world a bunch of straw. What more can be said? In separation from You, they consider their own bodies to be heavy burdens."
130, Vaiṣṇava-tattva,2.46,The twelve Mahājanas know the real essence of dharma,"svayambhūr nāradaḥ śambhuḥ kumāraḥ kapilo manuḥ
 prahlādo janako bhīṣmo balir vaiyāsakir vayam
 dvādaśaite vijānīmo dharmaṁ bhāgavataṁ bhaṭāḥ
 guhyaṁ viśuddhaṁ durbodhaṁ yaṁ jñātvāmṛtam aśnute",SB 6.3.20-21,"svayambhūḥ—Lord Brahmā; nāradaḥ—the great saint Nārada; śambhuḥ—Lord Śiva; kumāraḥ—the four Kumāras; kapilaḥ—Lord Kapila; manuḥ—Svāyambhuva Manu; prahlādaḥ—Prahlāda Mahārāja; janakaḥ—Janaka Mahārāja; bhīṣmaḥ—Grandfather Bhīṣma; baliḥ—Bali Mahārāja; vaiyāsakiḥ—Śukadeva; vayam—we; dvādaśa—twelve; ete—these; vijānīmaḥ—know; dharmam—the eternal essence of one's spiritual nature and function; bhāgavatam—(which teach a person how) to love Śrī Rādhā-Kṛṣṇa; bhaṭāḥ—O my dear servants; guhyam—very confidential; viśuddham—transcendental, not contaminated by the material modes of nature; durbodham—not easily understood; yam—which; jñātvā—understanding; amṛtam—eternal life; aśnute—he enjoys.","Lord Brahmā, Bhagavān Nārada, Lord Śiva, the four Kumāras, Lord Kapila [the son of Devahūti], Svāyambhuva Manu, Prahlāda Mahārāja, Janaka Mahārāja, Grandfather Bhīṣma, Bali Mahārāja, Śukadeva Gosvāmī and I myself know sanātana dahrma . My dear servants, this eternal transcendental principle, which is known as bhāgavata-dharma, or pure devotion unto the Supreme Lord and love for Him, is uncontaminated by the material modes of nature. It is very confidential and difficult for ordinary human beings to understand, but if by chance one fortunately understands it, he is immediately liberated, and attains eternal life."
131, Vaiṣṇava-tattva,2.47,One should follow the pure path outlined by the Mahājanas,"tarko 'pratiṣṭhaḥ śrutayo vibhinnā
 nāsāv ṛṣir yasya mataṁ na bhinnam
 dharmasya tattvaṁ nihitaṁ guhāyāṁ
 mahājano yena gataḥ sa panthāḥ",Mahābhārata,tarkaḥ—argument; apratiṣṭhaḥ—not substantial; śrutayaḥ—Vedas; vibhinnāḥ—various conclusions; na—not; asau—that; ṛṣiḥ—great sage; yasya—whose; matam—opinion; na—not; bhinnam—separate; tattvam—truth; dharmasya—of religious principles; nihitam—placed; guhāyām—in the heart of a realised person; mahā-janaḥ—self-realised predecessors; yena—by which way; gataḥ—acted; saḥ—that; panthāḥ—the path.,"Dry arguments are inconclusive, the Vedas give varying conclusions and one is not considered a sage unless one's philosophical conception is different from others. The confidential truth of dharma lies in the heart of an unadulterated, self-realised devotee. Thus one should accept only the pure path the mahājanas advocate."
132, Vaiṣṇava-tattva,2.48,The three grades of pure devotees,"atra bhakta-siddhās trividhāḥ | prāpta-bhagavat-pārṣada-dehā
 nirdhūta-kaṣāyā mūrcchita kaṣāyāś ca yathā śrī-nāradādayaḥ śrī-
 śukādayaḥ prāg-janma-gata-nāradādayaś ca",Bhakti Sandarbha 187,,"The devotees of the Lord are of three kinds: 1. Those who have attained perfected spiritual bodies as eternal associates of the Lord (bhagavat-pārṣada-deha-prāpta); 2. Those who, although still in a material body, have no trace of material desires or impressions within their hearts (nirdhūta-kaṣāya); and 3. Those in whose hearts there is still a trace of material desires in the mode of goodness (mūrcchhita-kaṣāya). Sri Nārada is an example of the first kind of devotee, Sri Śukadeva of the second kind and Sri Nārada in his previous birth as the son of a maidservant, of the third."
133, Vaiṣṇava-tattva,2.49,Devotion is superior to any other consideration,"viṣṇu-bhakti-vihīnā ye caṇḍālāḥ parikīrtitāḥ
 caṇḍālā api te śreṣṭhā hari-bhakti-parāyaṇāḥ",Bhakti Sandarbha. 100,,"""O King, a dog-eater that is a devotee of Lord Viṣṇu is greater than a brāhmaṇa. A brāhmaṇa that has no devotion for Lord Viṣṇu is lower than a dog-eater (who has bhakti)."""
134, Vaiṣṇava-tattva,2.5,A caṇḍāla who becomes a devotee is superior to a non-devotee sannyāsī,"śvapaco 'pi mahīpāla viṣṇu-bhakto dvijādhikaḥ
 viṣṇu-bhakti-vihīno yo yatiś ca śvapacādhikaḥ",Nāradiya Purāṇa,,"O king, if a candala (dog-eater) embraces the path of pure devotion to the Supreme Lord Viṣṇu, he is superior to a brāhmaṇa. On the other hand, if a sannyāsī is not a devotee of Lord Viṣṇu then he is more degraded than a caṇḍāla."
135, Vaiṣṇava-tattva,2.51,Brahmacārīs must be under the guidance of Guru and dedicate everything to him,"brahmacārī guru-kule / vasan dānto guror hitam
 ācaran dāsavan nīco / gurau sudṛḍha-sauhṛdaḥ",SB 7.12.1,"[śrī-nāradaḥ uvāca—Śrī Nārada Muni said]; brahmacārī— one who practices realization of brahma; dāntaḥ—who is sense-controlled; vasan—residing; guru-kule—at the āśrama of the Guru; ācaran—acting; guroḥ hitam—only for the benefit of the Guru (not for one's personal benefit); dāsa-vat—like a humble servant; nīcaḥ—submissive, obedient; gurau—unto the spiritual master; su-dṛḍha—firmly; sauhṛdaḥ—in friendship or good will.","Nārada Muni said, A student should practice completely controlling his senses. He should be submissive and should have an attitude of firm friendship for the spiritual master. With an unwavering vow, the brahmacārī should live at the Guru-kula, only for the benefit of the Guru."
136, Vaiṣṇava-tattva,2.52,The servant of My servants is My real devotee,"ye me bhakta-janāḥ pārtha
 na me bhaktāś ca te janāḥ
 mad-bhaktānāṁ ca ye bhaktās
 te me bhaktatamā matāḥ",Ādi Purana,ye—those who; me—My; bhakta-janāḥ—devotees; pārtha—O Pārtha; na—not; me—My; bhaktāḥ—devotees; ca—but; te—those; janāḥ—persons; mat-bhaktānām—of My devotees; ca—certainly; ye—those who; bhaktāḥ—devotees; te—such persons; me—My; bhaktatamāḥ—most advanced devotees; matāḥ—that is My opinion.,"[Lord Kṛṣṇa told Arjuna:] ""Those who consider themselves My direct devotees are actually not My devotees, but those who see themselves as the devotees of My associates are factually My devotees."""
137, Vaiṣṇava-tattva,2.53,Servants of My servants are sure to attain perfection,"siddhir bhavati vā neti / saṁśayo 'cyuta-sevinām
 niḥsaṁśayo 'stu tad-bhakta- / paricaryā-ratātmanām",Varāha Purāṇa,,The servants of the infallible Bhagavān may or may not attain perfection. There is some doubt. But for the servants of the Lord's devotees there is no doubt.
138, Vaiṣṇava-tattva,2.54,Without My saintly devotees I cannot be happy,"nāham ātmānam āśāse
 mad-bhaktaiḥ sādhubhir vinā
 śriyam ātyantikīṁ vāpi
 yeṣāṁ gatir ahaṁ parā",SB 9.4.64,na—not; aham—I; ātmānam—Myself; āśāse—hold in high regard; mat-bhaktaiḥ—My devotees; sādhubhiḥ—the saintly persons; vinā—without; śriyam—the goddess Lakṣmī and the opulences she provides; ātyantikīm—ultimate; vā—or; api—even; yeṣām—for which (devotees); gatiḥ—the destination; aham—I; parā—final.,"""Without saintly devotees for whom I am the only destination, I do not desire to enjoy My transcendental bliss or My supreme opulences."""
139, Bhagavat-tattva,3.1,Param satyam – Śrīmad Bhāgavatam in a nutshell,"[oṁ namo bhagavate vāsudevāya]
 janmādy asya yato 'nvayād itarataś cārtheṣv abhijñaḥ svarāṭ
 tene brahma hṛdā ya ādi-kavaye muhyanti yat sūrayaḥ
 tejo-vāri-mṛdāṁ yathā vinimayo yatra tri-sargo 'mṛṣā
 dhāmnā svena sadā nirasta-kuhakaṁ satyaṁ paraṁ dhīmahi",SB 1.1.1,"[oṁ—O my Lord; namaḥ—offering my obeisances; bhagavate—unto the Personality of Godhead; vāsudevāya—unto Vāsudeva (the son of Vasudeva), Śrī Kṛṣṇa;] janma-ādi—creation, sustenance and destruction; asya—of the manifested universes; yataḥ—from whom; anvayāt—directly; itarataḥ—indirectly; ca—and; artheṣu—purposes; abhijñaḥ—fully cognizant; sva-rāṭ—fully independent; tene—imparted; brahma—the Vedic knowledge; hṛdā—consciousness of the heart; yaḥ—one who; ādi-kavaye—unto the original created being; muhyanti—are illusioned; yat—about whom; sūrayaḥ—great sages and demigods; tejaḥ—fire; vāri—water; mṛdām—earth; yathā—as much as; vinimayaḥ—action and reaction; yatra—whereupon; tri-sargaḥ—three modes of creation, creative faculties; amṛṣā—almost factual; dhāmnā—along with all transcendental paraphernalia; svena—self-sufficiently; sadā—always; nirasta—negation by absence; kuhakam—illusion; satyam-param—the Absolute, Supreme Truth (refers to Kṛṣṇa or to Śrī Rādhā-Kṛṣṇa); dhīmahi—I meditate upon.","O my Lord, Śrī Kṛṣṇa, son of Vasudeva, O all-pervading Personality of Godhead, I offer my respectful obeisances unto You. I meditate upon Lord Śrī Kṛṣṇa because He is the Absolute Truth and the primeval cause of all causes of the creation, sustenance and destruction of the manifested universes. He is directly and indirectly conscious of all manifestations, and He is independent because there is no other cause beyond Him. It is He only who first imparted the Vedic knowledge unto the heart of Brahmājī, the original living being. By Him even the great sages and demigods are placed into illusion, as one is bewildered by the illusory representations of water seen in fire, or land seen on water. Only because of Him do the material universes, temporarily manifested by the reactions of the three modes of nature, appear factual, although they are unreal. I therefore meditate upon Him, Lord Śrī Kṛṣṇa, who is eternally existent in His transcendental abode, which is forever free from the illusory representations of the material world. I meditate upon Them (Rādhā-Kṛṣṇa), for They are the Absolute Truth."
140, Bhagavat-tattva,3.2,Bhāgavatam is the Best Among all Revealed Scriptures,"dharmaḥ projjhita-kaitavo 'tra paramo nirmatsarāṇāṁ satāṁ
 vedyaṁ vāstavam atra vastu śivadaṁ tāpa-trayonmūlanam
 śrīmad-bhāgavate mahā-muni-kṛte kiṁ vā parair īśvaraḥ
 sadyo hṛdy avarudhyate 'tra kṛtibhiḥ śuśrūṣubhis tat-kṣaṇāt",SB 1.1.2,dharmaḥ—religiosity; projjhita—completely rejected; kaitavaḥ—covered by fruitive intention; atra—herein; paramaḥ—the highest; nirmatsarāṇām—of the one-hundred-percent pure in heart; satām—devotees; vedyam—understandable; vāstavam—factual; atra—herein; vastu—substance; śivadam—well-being; tāpa-traya—threefold miseries; unmūlanam—causing uprooting of; śrīmat—beautiful; bhāgavate—the Bhāgavata Purāṇa; mahā-muni—the great sage (Vyāsadeva); kṛte—having compiled; kim—what is; vā—the need; paraiḥ—others; īśvaraḥ—the Supreme Lord; sadyaḥ—at once; hṛdi—within the heart; avarudhyate—become compact; atra—herein; kṛtibhiḥ—by the pious men; śuśrūṣubhiḥ—by culture; tat-kṣaṇāt—without delay.,"Completely rejecting all religious activities which are materially motivated, this Bhāgavata Purāṇa propounds the highest truth, which is understandable by those devotees who are fully pure in heart. The highest truth is reality distinguished from illusion for the welfare of all. Such truth uproots the threefold miseries. This beautiful Bhāgavatam, compiled by the great sage Vyāsadeva [in his maturity], is sufficient in itself for God realisation. What is the need of any other scripture? As soon as one attentively and submissively hears the message of Bhāgavatam, by this culture of knowledge the Supreme Lord is established within his heart."
141, Bhagavat-tattva,3.3,,"nigama-kalpa-taror galitaṁ phalaṁ
 śuka-mukhād amṛta-drava-saṁyutam
 pibata bhāgavataṁ rasam ālayaṁ
 muhur aho rasikā bhuvi bhāvukāḥ",SB 1.1.3,"nigama—the Vedic literatures; kalpa-taroḥ—the desire tree; galitam—fully matured; phalam—fruit; śuka—Śrīla Śukadeva Gosvāmī; mukhāt—from the lips of; amṛta—nectar; drava—semisolid and soft and therefore easily swallowable; saṁyutam—perfect in all respects; pibata—do relish it; bhāgavatam—the book dealing in the science of the eternal relation with the Lord; rasam—juice (that which is relishable); ālayam—until liberation, or even in a liberated condition; muhuḥ—repeatedly; aho—O; rasikāḥ—those who are full in the knowledge of mellows; bhuvi—on the earth; bhāvukāḥ—expert and thoughtful.","O expert and thoughtful men, relish Śrīmad-Bhāgavatam, the mature fruit of the desire tree of Vedic literatures. It emanated from the lips of Śrī Śukadeva Gosvāmī. Therefore this fruit has become even more tasteful, although its nectarean juice was already relishable for all, including liberated souls."
142, Bhagavat-tattva,3.4,,"ādi-madhyāvasāneṣu vairāgyākhyāna-saṁyutam
 hari-līlā-kathā-vrātā-mṛtānandita-sat-suram
 sarva-vedānta-sāraṁ yad brahmātmaikatva-lakṣaṇam
 vastv advitīyaṁ tan-niṣṭhaṁ kaivalyaika-prayojanam",SB 12.13.11-12,ādi—in the beginning; madhya—the middle; avasāneṣu—and the end; vairāgya—concerning renunciation of material things; ākhyāna—with narrations; saṁyutam—full; hari-līlā—of the pastimes of Lord Hari; kathā-vrāta—of the many discussions; amṛta—by the nectar; ānandita—in which are made ecstatic; sat-suram—the saintly devotees and demigods; sarva-vedānta—of all the Vedānta; sāram—the essence; yat—which; brahma—the Absolute Truth; ātma-ekatva—in terms of nondifference from the spirit soul; lakṣaṇam—characterized; vastu—the reality; advitīyam—one without a second; tat-niṣṭham—having that as its prime subject matter; kaivalya—exclusive devotional service; eka—the only; prayojanam—ultimate goal.,"From beginning to end, the Śrīmad-Bhāgavatam is full of narrations that encourage renunciation of material life, as well as nectarean accounts of Lord Hari's transcendental pastimes, which give ecstasy to the saintly devotees and demigods. This Bhāgavatam is the essence of all Vedānta philosophy because its subject matter is the Absolute Truth, which, while nondifferent from the spirit soul, is the ultimate reality, one without a second. The goal of this literature is exclusive devotional service unto that Supreme Truth."
143, Bhagavat-tattva,3.5,,"anarthopaśamaṁ sākṣād / bhakti-yogam adhokṣaje
 lokasyājānato vidvāṁś / cakre sātvata-saṁhitām",SB 1.7.6,anartha—things which are superfluous; upaśamam—mitigation; sākṣāt—directly; bhakti-yogam—the linking process of devotional service; adhokṣaje—unto the Transcendence; lokasya—of the general mass of men; ajānataḥ—those who are unaware of; vidvān—the supremely learned; cakre—compiled; sātvata—in relation with the Supreme Truth; saṁhitām—Vedic literature.,"The material miseries of the living entity, which are superfluous to him, can be directly mitigated by the linking process of devotional service. But the mass of people do not know this, and therefore the learned Vyāsadeva compiled this Vedic literature, which is in relation to the Supreme Truth."
144, Bhagavat-tattva,3.6,"Simply by giving aural reception to the Bhāgavatam, bhakti sprouts up","yasyāṁ vai śrūyamāṇāyāṁ / kṛṣṇe parama-pūruṣe
 bhaktir utpadyate puṁsaḥ / śoka-moha-bhayāpahā",SB 1.7.7,yasyām—this Vedic literature; vai—certainly; śrūyamāṇāyām—simply by giving aural reception; kṛṣṇe—unto Lord Kṛṣṇa; parama—Supreme; pūruṣe—Enjoyer; bhaktiḥ—feelings of devotional service; utpadyate—sprout up; puṁsaḥ—of the living being; śoka—lamentation; moha—illusion; bhaya—fearfulness; apahā—that which extinguishes.,"Simply by giving aural reception to this Vedic literature [Śrīmad-Bhāgavatam], the feeling for loving devotional service to Lord Kṛṣṇa, the Supreme Enjoyer, sprouts up at once to extinguish the fire of lamentation, illusion and fearfulness."
145, Bhagavat-tattva,3.7,,"śrīmad-bhāgavataṁ purāṇam amalaṁ yad vaiṣṇavānāṁ priyaṁ
 yasmin pāramahaṁsyam ekam amalaṁ jñānaṁ paraṁ gīyate
 tatra jñāna-virāga-bhakti-sahitaṁ naiṣkarmyam āviskṛtaṁ
 tac chṛṇvan su-paṭhan vicāraṇa-paro bhaktyā vimucyen naraḥ",SB 12.13.18,"śrīmat-bhāgavatam—Śrīmad Bhāgavatam; purāṇam—the Purāṇa; amalam—perfectly pure; yat—which; vaiṣṇavānām—to the Vaiṣṇavas; priyam—most dear; yasmin—in which; pāramahaṁsyam—attainable by the topmost devotees; ekam—exclusive; amalam—perfectly pure; jñānam—knowledge; param—supreme; gīyate—is sung; tatra—there; jñāna-virāga-bhakti-sahitam—together with knowledge, renunciation and devotion; naiṣkarmyam—freedom from all material work; āviṣkṛtam—is revealed; tat—that; śṛṇvan—hearing; su-paṭhan—properly chanting; vicāraṇa-paraḥ—who is serious about understanding; bhaktyā—with devotion; vimucyet—becomes totally liberated; naraḥ—a person.","Śrīmad-Bhāgavatam is the spotless Purāṇa. It is most dear to the Vaiṣṇavas because it describes the pure and supreme knowledge of the paramahaṁsas. This Bhāgavatam reveals the means for becoming free from all material bondfage, together with the processes of transcendental knowledge, renunciation and devotion. Anyone who seriously tries to understand Śrīmad-Bhāgavatam, who properly hears and chants it with devotion, becomes completely liberated."
146, Bhagavat-tattva,3.8,,"artho 'yaṁ brahma-sūtrāṇāṁ / bhāratārtha-vinirṇayaḥ
 gāyatrī-bhāṣya-rūpo 'sau / vedārtha-paribṛṁhitaḥ",Garuda Purana,arthaḥ ayam—this is the meaning; brahma-sūtrāṇām—of the aphorisms of the Vedānta-sūtra; bhārata-artha-vinirṇayaḥ—the ascertainment of the Mahābhārata; gāyatrī-bhāṣya-rūpaḥ—the purport of Brahma-gāyatrī; asau—that; veda-artha-paribṛṁhitaḥ—expanded by the meanings of all the Vedas;,"The meaning of the Vedānta-sūtra is present in Śrīmad-Bhāgavatam. The full purport of the Mahābhārata is also there. The commentary of the Brahma-gāyatrī is also there, fully expanded with all Vedic knowledge. The Bhāgavatam is the essence and explanation of all the Vedas."
147, Bhagavat-tattva,3.9,,"sarva-vedānta-sāraṁ hi / śrīmad-bhāgavatam iṣyate
 tad-rasāmṛta-tṛptasyā / nānyatra syād ratiḥ kvacit",SB 12.13.15,sarva-vedānta-sāram—the best part of all the Vedānta; hi—certainly; śrīmad-bhāgavatam—the great literature about Bhagavān; iṣyate—is accepted; tat-rasa-amṛta—by the transcendental mellow derived from that great literature; tṛptasya—of one who is satisfied; na—never; anyatra—anywhere else; syāt—is; ratiḥ—attraction; kvacit—at any time.,Śrīmad-Bhāgavatam is accepted as the essence of all Vedic literature and Vedānta philosophy. Whoever tastes the transcendental mellow of Śrīmad-Bhāgavatam is never attracted to any other literature.
148, Bhagavat-tattva,3.1,,"kṛṣṇe sva-dhāmopagate / dharma-jñānādibhiḥ saha
 kalau naṣṭa-dṛśām eṣa / purāṇārko 'dhunoditaḥ",SB 1.3.43,kṛṣṇe—in Kṛṣṇa's; sva-dhāma—own abode; upagate—having returned; dharma—religion; jñāna—knowledge; ādibhiḥ—combined together; saha—along with; kalau—in the Kali-yuga; naṣṭa-dṛśām—of persons who have lost their sight; eṣaḥ—all these; purāṇa-arkaḥ—the Purāṇa which is brilliant like the sun; adhunā—just now; uditaḥ—has arisen.,"This Bhāgavata Purāṇa is as brilliant as the sun, and it has arisen just after the departure of Lord Kṛṣṇa to His own abode, accompanied by religion, knowledge, etc. Persons who have lost their vision due to the dense darkness of ignorance in the age of Kali shall get light from it."
149, Bhagavat-tattva,3.11,,"kṛṣṇa-bhakti-rasa-svarūpa' śrī-bhāgavata
 tāte veda-śāstra haite parama mahattva",CC Mad 25.150,kṛṣṇa-bhakti—of devotional service to Kṛṣṇa; rasa—of the transcendental mellow; svarūpa—the very form; śrī-bhāgavata—Śrīmad-Bhāgavatam; tāte—therefore; veda-śāstra—the Vedic literature; haite—than; parama mahattva—has greater utility and value.,Śrīmad-Bhāgavatam is the very form of kṛṣṇa-bhakti-rasa. It gives direct information of the mellows derived from service to Kṛṣṇa. Therefore Śrīmad-Bhāgavatam is above all other Vedic literatures.
150, Bhagavat-tattva,3.12,,"cāri-veda-upaniṣade yata kichu haya
 tāra artha lañā vyāsa karilā sañcaya",CC Mad 25.98,"cāri-veda—the four divisions of the Vedas (Sāma, Yajur, Ṛg and Atharva); upaniṣade—and in the 108 Upaniṣads; yata—whatever; kichu haya—is there; tāra artha—the meanings of those Vedic literatures; lañā—taking together; vyāsa—Vyāsadeva; karilā sañcaya—collected.",Vyāsadeva collected whatever Vedic conclusions were in the four Vedas and 108 Upaniṣads and placed them in the aphorisms of the Vedānta-sūtra.
151, Bhagavat-tattva,3.13,,"yei sūtre yei ṛk—viṣaya-vacana
 bhāgavate sei ṛk śloke nibandhana",CC Mad 25.99,yei sūtre—in the aphorisms of the Vedānta-sūtra; yei—whatever; ṛk—Vedic mantras; viṣaya-vacana—subject matter to be explained; bhāgavate—in Śrīmad-Bhāgavatam; sei ṛk—those same Vedic mantras; śloke—in eighteen thousand verses; nibandhana—compiling.,"In the Vedānta-sūtra, the purport of all Vedic knowledge is explained, and in Śrīmad-Bhāgavatam the same purport has been explained in eighteen thousand verses."
152, Bhagavat-tattva,3.14,Each śloka of the Bhāgavatam has various levels of meanings,"kṛṣṇa-tulya bhāgavata – vibhu, sarvāśraya
 prati-śloke prati-akṣare nānā artha kaya",CC Mad 24.318,"kṛṣṇa-tulya bhāgavata—Śrīmad-Bhāgavatam is identical with Kṛṣṇa; vibhu—the supreme; sarva-āśraya—the origin of everything, or that which controls everything; prati-śloke—in every śloka; prati-akṣare—in every syllable; nānā artha kaya—there are varieties of imports.","Śrīmad Bhāgavatam is as great as Kṛṣṇa, the supreme Lord and shelter of everything. In each and every śloka of the Bhāgavatam and in each and every syllable, there are various levels of meanings."
153, Bhagavat-tattva,3.15,Śrīmad Bhāgavatam is full of Kṛṣṇa prema,"premamaya bhāgavata śrī-kṛṣṇera aṅga
 tahate kahena yata gopya kṛṣṇa-raṅga",CB Antya 3.516,,Śrīmad Bhāgavatam is full of kṛṣṇa-prema. It is Śrī Kṛṣṇa's body. Within it Kṛṣṇa's most confidential pastimes with the gopīs are described.
154, Bhagavat-tattva,3.16,The Bhāgavatm must be heard from a realised Vaiṣṇava,"yāha, bhāgavata paḍa vaiṣṇavera sthāne
 ekānta āśraya kara caitanya-caraṇe",Śrī Svarūpa Dāmodara's diary,"yāha—just go; bhāgavata—Śrīmad-Bhāgavatam; paḍa— read, study; vaiṣṇavera sthāne—from a self-realised Vaiṣṇava; ekānta āśraya kara—fully surrendered; caitanya-caraṇe—at the lotus feet of Śrī Caitanya Mahāprabhu.","Go, study Śrīmad-Bhāgavatam in the association of a Vaiṣṇava and take exclusive shelter at the lotus feet of Śrī Caitanya. [an alternative reading:] Śrī Svarūpa Dāmodara's highest instruction to all the jīvas is: ""If you want to understand Śrīmad-Bhāgavatam, you must approach a paramahaṁsa Vaiṣṇava who is exclusively surrendered at the lotus feet of Śrī Caitanyacandra. The sole asset of such Vaṣṇavas is the import of the Bhāgavatam as presented by Śrī Caitanya Mahāprabhu."""
155, Bhagavat-tattva,3.17,One should hear the book Bhāgavata from the person Bhāgavata,"eka bhāgavata baḍa—bhāgavata-śāstra
 āra bhāgavata—bhakta bhakti-rasa-pātra
 dui bhāgavata dvārā diyā bhakti-rasa
 tāṅhāra hṛdaye tāṅra preme haya vaśa",CC Ādi 1.99-100,eka—one; bhāgavata—in relation to the Supreme Lord; baḍa—great; bhāgavata-śāstra—Śrīmad-Bhāgavatam; āra—the other; bhāgavata—in relation to the Supreme Lord; bhakta—pure devotee; bhakti-rasa—of the mellow of devotion; pātra—the recipient; dui—two; bhāgavata—the bhāgavatas; dvārā—by; diyā—giving; bhakti-rasa—devotional inspiration; tāṅhāra—of His devotee; hṛdaye—in the heart; tāṅra—his; preme—by the love; haya—becomes; vaśa—under control.,"One of the bhāgavatas is the great scripture Śrīmad-Bhāgavatam, and the other is the pure devotee absorbed in the mellows of loving devotion. Through the actions of these two the Lord instills the mellows of transcendental loving service into the heart of a living being, and thus the Lord, in the heart of His devotee, comes under the control of his love."
156, Bhagavat-tattva,3.18,One should not hear Bhāgavatam from a non-Vaiṣṇava,"avaiṣṇava-mukhodgīrṇaṁ / pūtaṁ hari-kathāmṛtam
 śravaṇaṁ naiva kartavyaṁ / sarpocchiṣṭaṁ yathā payaḥ",Padma Purāṇa,avaiṣṇava—of a nondevotee; mukha-udgīrṇam—coming out of the mouth; pūtam—the pure; hari—of Hari; kathā-amṛtam—the nectarean topics; śravaṇam—hearing; na—not; eva—certainly; kartavyam—to be done; sarpa—of a snake; ucchiṣṭam—the remnants; yathā—as; payaḥ—milk.,"One should not hear anything about Kṛṣṇa from a non-Vaiṣṇava. Milk touched by the lips of a serpent has poisonous effects; similarly, talks about Kṛṣṇa given by a non-Vaiṣṇava are also poisonous."
157, Bhagavat-tattva,3.2,Hearing Bhāgavatam cleanses the heart,"praviṣṭaḥ karṇa-randhreṇa / svānāṁ bhāva-saroruham
 dhunoti śamalaṁ kṛṣṇaḥ / salilasya yathā śarat",SB 2.8.5,praviṣṭaḥ—thus being entered; karṇa-randhreṇa—through the holes of the ears; svānām—according to one's liberated position; bhāva—constitutional relationship; saraḥ-ruham—the lotus flower; dhunoti—cleanses; śamalam—material qualities; kṛṣṇaḥ—Lord Kṛṣṇa; salilasya—of the reservoir of waters; yathā—as it were; śarat—the autumn season.,"The sound incarnation of Lord Kṛṣṇa the Supreme Soul [i.e. Śrīmad-Bhāgavatam], enters into the heart of a self-realised devotee, sits on the lotus flower of his loving relationship, and thus cleanses the dust of material association, such as lust, anger and hankering. Thus it acts like autumnal rains upon pools of muddy water."
158, Bhagavat-tattva,3.21,Vyāsadeva may or may not know the Bhāgavatam,"ahaṁ vedmi śuko vetti / vyāso vetti na vetti vā
 bhaktyā bhāgavataṁ grāhyaṁ / na buddhyā na ca ṭīkayā",CC Mad 24.313,aham—I (Lord Śiva); vedmi—know; śukaḥ—Śukadeva Gosvāmī; vetti—knows; vyāsaḥ—Vyāsadeva; vetti—knows; na vetti vā—or may not know; bhaktyā—by devotional service (executed in nine different processes); bhāgavatam—the Bhāgavata Purāṇa; grāhyam—to be accepted; na—not; buddhyā—by so-called intelligence or experimental knowledge; na—nor; ca—also; ṭīkayā—by imaginary commentary.,"[Lord Śiva said:] I know and Śukadeva knows the meaning of Śrīmad-Bhāgavatam, whereas Vyāsadeva may or may not know it. The Śrīmad-Bhāgavatam can only be known through bhakti, not by mundane intelligence or by reading many commentaries."
159, Bhagavat-tattva,3.22,The dry pholosophisers cannot have a taste for hari-kathā,"mīmāṁsā-rajasā malīmasa-dṛśāṁ tāvan na dhīr īśvare
 garvodarka-kukarkaśa-dhiyāṁ dūre 'pi vartā hareḥ
 jānanto 'pi na jānate śruti-mukhaṁ śrī-raṅgi-saṅgād ṛte
 su-svāduṁ pariveśayanty api rasaṁ gurvī na darvī spṛśet",Padyāvalī 57 (Śrī Mādhava Sarasvatī),"mīmāṁsā—of the karma-mīmāṁsā philosophy; rajasā—by the dust; malīmasa—dirtied; dṛśām—whose eyes; tāvat—then; na—not; dhīḥ—the consciousness; īśvare—on the Supreme Personality of Godhead; garva—of pride; udarka—the conclusion; ku—bad; tarka—logic; karkaśa—hard; dhiyām—whose minds; dūre—far away; api—also; vartā—the topics; hareḥ—of Lord Kṛṣṇa; jānantaḥ—understanding; api—although; na—do not; jānate—understand; śruti-mukham—the Vedas; śrī-raṅgi—of Lord Kṛṣṇa, who enjoys pastimes with the goddess of fortune; saṅgāt—of the contact; ṛte—bereft; su—very; svādum—sweet; pariveśayanti—distributing; api—even; rasam—nectar; gurvī—a great ladle; na—not; darvī—their own spoon; spṛśet—touches.","They whose eyes are blinded by the dust of the Karma-mīmāṁsā philosophy cannot fix their hearts on Śrī Bhagavān. They whose intelligence has become stifled by fallacious arguments whose ultimate end is but pride, have no interest in hearing hari-kathā. Even learned scholars of the Vedas who are devoid of attachment to Śrī Kṛṣṇa, are unable to know the actual conclusion of the Vedas. They are exactly like long-handled spoons which serve out delicious food but are unable to taste it."
160, Bhagavat-tattva,3.23,"If one hears the commentary of Śaṅkarācārya, everything is spoiled","jīvera nistāra lāgi' sūtra kaila vyāsa
 māyāvādi-bhāṣya śunile haya sarva-nāśa",CC Mad 25.99,jīvera—of the living entities; nistāra—deliverance; lāgi'—for the matter of; sūtra—the Vedānta-sūtra; kaila—made; vyāsa—Śrīla Vyāsadeva; māyāvādi—of the impersonalists; bhāṣya—commentary; śunile—if hearing; haya—becomes; sarva-nāśa—all destruction.,"Śrīla Vyāsadeva presented the Vedānta philosophy for the deliverance of conditioned souls, but if one hears the commentary of Śaṅkarācārya, everything is spoiled."
161, Bhagavat-tattva,3.24,,"bhāgavata je na māne se yavana sama
 tāra śastra ache janme janme prabhu yama","Caitanya Bhāgavata, ",,"Whoever has no regard for Śrīmad Bhāgavatam is the same as a yavana, an untouchable heathen. He will be punished birth after birth by Lord Yamarāja."
162, Bhagavat-tattva,3.25,Talks bereft of Hari-kathā are like a place of pilgrimage for crows,"na yad vacaś citra-padaṁ harer yaśo
 jagat-pavitraṁ pragṛṇīta karhicit
 tad vāyasaṁ tīrtham uśanti mānasā
 na yatra haṁsā niramanty uśik-kṣayāḥ",SB 1.5.10,na—not; yat—that; vacaḥ—vocabulary; citra-padam—decorative; hareḥ—of the Lord; yaśaḥ—glories; jagat—universe; pavitram—sanctified; pragṛṇīta—described; karhicit—hardly; tat—that; vāyasam—crows; tīrtham—place of pilgrimage; uśanti—think; mānasāḥ—saintly persons; na—not; yatra—where; haṁsāḥ—all-perfect beings; niramanti—take pleasure; uśik-kṣayāḥ—those who reside in the transcendental abode.,"Those words which do not describe the glories and pastimes of Śrī Kṛṣṇa, who alone can sanctify the atmosphere of the whole universe, are considered by saintly persons to be like unto a place of pilgrimage for crows. Since the all-perfect persons are inhabitants of the transcendental abode, they do not derive any pleasure there."
163, Bhagavat-tattva,3.26,Talks which describe Kṛṣṇa's pastimes create a spiritual revolution,"tad-vāg-visargo janatāgha-viplavo
 yasmin prati-ślokam abaddhavaty api
 nāmāny anantasya yaśo 'ṅkitāni yat
 śṛṇvanti gāyanti gṛṇanti sādhavaḥ",SB 1.5.11,"tat—that; vāk—vocabulary; visargaḥ—creation; janatā—the people in general; agha—sins; viplavaḥ—revolutionary; yasmin—in which; prati-ślokam—each and every stanza; abaddhavati—irregularly composed; api—in spite of; nāmāni—transcendental names, etc.; anantasya—of the unlimited Lord; yaśaḥ—glories; aṅkitāni—depicted; yat—what; śṛṇvanti—do hear; gāyanti—do sing; gṛṇanti—do accept; sādhavaḥ—the purified men who are honest.","On the other hand, that literature which is full of descriptions of the transcendental glories of the name, fame, forms, pastimes, etc., of the unlimited Supreme Lord is a different creation, full of transcendental words directed toward bringing about a revolution in the impious lives of this world's misdirected civilization. Such transcendental literatures, even though imperfectly composed, are heard, sung and accepted by purified men who are thoroughly honest. [Śrīla BV Swami Prabhupāda has cited this śloka in his preface to every volume of the Śrīmad Bhāgavatam]"
164, Bhagavat-tattva,3.27,Offer praṇāma to the person bhāgavata before reciting the book bhāgavata,"nārāyaṇaṁ namaskṛtya / naraṁ caiva narottamam
 devīṁ sarasvatīṁ vyāsaṁ / tato jayam udīrayet",SB 1.2.4,nārāyaṇam—the Personality of Godhead; namaḥ-kṛtya—after offering respectful obeisances; naram ca eva—and Nārāyaṇa Ṛṣi; nara-uttamam—the supermost human being; devīm—the goddess; sarasvatīm—the goddess of learning; vyāsam—Vyāsadeva; tataḥ—thereafter; jayam—all that is meant for conquering; udīrayet—be announced.,"Before reciting this Śrīmad-Bhāgavatam, which is the very means of conquest, one should offer respectful obeisances unto the Personality of Godhead, Nārāyaṇa, unto Nara-nārāyaṇa Ṛṣi, the supermost human being, unto mother Sarasvatī, the goddess of learning, and unto Śrīla Vyāsadeva, the author."
165, Bhagavat-tattva,3.28,The benefits of hearing and studying Bhāgavatam,"vaiṣṇavāni tu śāstrāṇī ye śṛṇvanti paṭhanti ca
 dhanyās te mānavā loke tesāṁ kṛṣṇaḥ prasīdati
 vaiṣṇavāni tu śāstrāṇī ye 'rcayanti gṛhe narāḥ
 sarva-pāpa-vinirmuktā bhavanti sura-vanditāḥ",Skānda Purāṇa,,"The Vaiṣṇava śāstras like Śrīmad-Bhāgavatam, Śrīmad Bhagavad-Gītā and so on, propound ananya-bhakti or exclusive devotion unto Śrī Kṛṣṇa. Those who keep such scriptures in their homes and worship them with great respect are freed from all sins. Even the devatās offer prayers to such persons. Those who hear these scriptures from the mouths of pure devotees and who regularly study them on their own are truly blessed in this world, for Śrī Kṛṣṇa becomes pleased with them."
166, Bhagavat-tattva,3.29,The prelude to Catuḥ Ślokī Bhāgavatam: Transcendental knowledge about Me is scientific and yet full of mysteries,"jñānaṁ parama-guhyaṁ me
 yad vijñāna-samanvitam
 sa-rahasyaṁ tad-aṅgaṁ ca
 gṛhāṇa gaditaṁ mayā",SB 2.9.31,jñānam—knowledge; parama—extremely; guhyam—confidential; me—of Me; yat—which; vijñāna—realisation; samanvitam—fully endowed with; sa-rahasyam—along with mystery; tat—of that; aṅgam—supplementary parts; ca—and; gṛhāṇa—just try to take up; gaditam—explained; mayā—by Me.,"(Lord Kṛṣṇa to Brahmā:) ""Please hear attentively what I shall speak to you, for transcendental knowledge about Me is not only scientific but also full of mysteries."""
167, Bhagavat-tattva,3.3,One can know Kṛṣṇa only by His causeless mercy,"yāvān ahaṁ yathā-bhāvo
 yad-rūpa-guṇa-karmakaḥ
 tathaiva tattva-vijñānam
 astu te mad-anugrahāt",SB 2.9.32,yāvān—as I am in My eternal form; aham—I; yathā—in whichever manner; bhāvaḥ—transcendental existence; yat—whatever; rūpa—various forms and colors; guṇa—qualities; karmakaḥ—activities; tathā eva—exactly so; tattva-vijñānam—factual realisation; astu—let there be; te—your; mat—My; anugrahāt—by causeless mercy.,"""By My causeless mercy, be enlightened in truth about My personality, manifestations, qualities and pastimes."""
168, Bhagavat-tattva,3.31,SB -Catuh sloki ,"aham evāsam evāgre / nānyad yat sad-asat param
 paścād ahaṁ yad etac ca / yo 'vaśiṣyeta so 'smy aham",SB 2.9.33,"aham—I, the Personality of Godhead; eva—certainly; āsam—existed; eva—only; agre—before the creation; na—never; anyat—anything else; yat—all those; sat—the effect; asat—the cause; param—the supreme; paścāt—at the end; aham—I, the Personality of Godhead; yat—all these; etat—creation; ca—also; yaḥ—everything; avaśiṣyeta—remains; saḥ—that; asmi—I am; aham—I, the Personality of Godhead.","Before the creation of this world, only I existed. The gross and the subtle, up to the indefinable Brahman – in other words the cause (sat) and the effect (asat) – did not exist. Nothing other than I existed. What is manifested in the form of creation is also I, after creation it is also I, and after annihilation only I will remain."
169, Bhagavat-tattva,3.32,SB-Catuh sloki ,"ṛte 'rthaṁ yat pratīyeta / na pratīyeta cātmani
 tad vidyād ātmano māyāṁ / yathābhāso yathā tamaḥ",SB 2.9.34,ṛte—without; artham—value; yat—that which; pratīyeta—appears to be; na—not; pratīyeta—appears to be; ca—and; ātmani—in relation to Me; tat—that; vidyāt—you must know; ātmanaḥ—My; māyām—illusory energy; yathā—just as; ābhāsaḥ—the reflection; yathā—as; tamaḥ—the darkness.,"""The Supreme Absolute Truth (parama-tattva or svarūpa-tattva) is the only real truth. One should understand that which is seen to be separate from this truth, or not existing within it, to be the product of the Supreme Absolute Truth's illusory energy (māyā). The following example demonstrates this. Parama-tattva can be compared to the sun, which is an object consisting of light. The sun is experienced in two other forms, namely its reflection and darkness. Similarly, in regards to the Absolute Truth, reflection pertains to the living entities (jīva-śakti) and darkness to the material world (māyā-śakti)."""
170, Bhagavat-tattva,3.33,"Acintya-bhedābheda,SB-Catuh sloki","yathā mahānti bhūtāni / bhūteṣūccāvaceṣv anu
 praviṣṭāny apraviṣṭāni / tathā teṣu na teṣv aham",SB 2.9.35,yathā—just as; mahānti—the universal; bhūtāni—elements; bhūteṣu ucca-avaceṣu—in the gigantic and minute; anu—after; praviṣṭāni—entered; apraviṣṭāni—not entered; tathā—so; teṣu—in them; na—not; teṣu—in them; aham—Myself.,"""The five great elements of material creation enter into the bodies of all living entities, high and low, from the demigods to the sub-human species. But at the same time, these elements exist independently. Similarly, I have entered into all living entities as the Supersoul, but at the same time I am situated independently in My own svarūpa, and I appear to My surrendered devotees both internally and externally."""
171, Bhagavat-tattva,3.34,SB-Catuh sloki,"etāvad eva jijñāsyaṁ / tattva-jijñāsunātmanaḥ
 anvaya-vyatirekābhyāṁ / yat syāt sarvatra sarvadā",SB 2.9.36,etāvat—up to this; eva—certainly; jijñāsyam—is to be inquired; tattva—the Absolute Truth; jijñāsunā—by the student; ātmanaḥ—of the Self; anvaya—directly; vyatirekābhyām—indirectly; yat—whatever; syāt—it may be; sarvatra—in all circumstances; sarvadā—at all times.,"""One who is inquisitive about the truth of the self (ātma-tattva) inquires always and everywhere through direct (anvaya) and indirect (vyatireka) means of deliberation about that Supreme Person."""
172, Bhagavat-tattva,3.35,BG-Catuh sloki,"ahaṁ sarvasya prabhavo / mattaḥ sarvaṁ pravartate
 iti matvā bhajante māṁ / budhā bhāva-samanvitāḥ",BG 10.8,"aham—I; sarvasya—of all creation; prabhavaḥ—the source; mattaḥ—from Me; sarvam—everything; pravartate—emanates; iti—thus; matvā—having comprehended; bhajante—become devoted, worship; mām—Me; budhāḥ—the learned; bhāva-samanvitāḥ—filled with ecstasy.","""I am the source of all spiritual and material worlds. Everything emanates from Me. All are engaged in activities by Me alone.The wise who perfectly know this engage in My devotional service and worship Me with all their hearts."""
173, Bhagavat-tattva,3.36,BG-Catuh sloki,"mac-cittā mad-gata-prāṇā / bodhayantaḥ parasparam
 kathayantaś ca māṁ nityaṁ / tuṣyanti ca ramanti ca",BG 10.9,mat-cittāḥ—their minds fully engaged in Me; mat-gata-prāṇāḥ—their lives devoted to Me; bodhayantaḥ—preaching; parasparam—among themselves; kathayantaḥ—talking; ca—also; mām—about Me; nityam—perpetually; tuṣyanti—become pleased; ca—also; ramanti—enjoy transcendental bliss; ca—also.,"""The thoughts of My pure devotees dwell in Me, their lives are fully devoted to My service, and they derive great satisfaction and bliss from always enlightening one another and conversing about Me."""
174, Bhagavat-tattva,3.37,BG-Catuh sloki,"teṣāṁ satata-yuktānāṁ / bhajatāṁ prīti-pūrvakam
 dadāmi buddhi-yogaṁ taṁ / yena mām upayānti te",BG 10.10,teṣām—unto them; satata-yuktānām—always engaged; bhajatām—in rendering devotional service; prīti-pūrvakam—in loving ecstasy; dadāmi—I give; buddhi-yogam—real intelligence; tam—that; yena—by which; mām—unto Me; upayānti—come; te—they.,"""To those who are constantly devoted to serving Me with love, I give the understanding by which they can come to Me."""
175, Bhagavat-tattva,3.38,BG-Catuh sloki,"teṣām evānukampārtham / aham ajñāna-jaṁ tamaḥ
 nāśayāmy ātma-bhāva-stho / jñāna-dīpena bhāsvatā",BG 10.11,teṣām—for them; eva—certainly; anukampā-artham—to show special mercy; aham—I; ajñāna-jam—due to ignorance; tamaḥ—darkness; nāśayāmi—dispel; ātma-bhāva—within their hearts; sthaḥ—situated; jñāna—of knowledge; dīpena—with the lamp; bhāsvatā—glowing.,"""To show them special mercy, I, dwelling in their hearts, destroy with the shining lamp of knowledge the darkness born of ignorance."""
176, Bhagavat-tattva,3.4,The structure of the Bhāgavatam – the ten symptoms of a Mahā-Purāṇa,"atra sargo visargaś ca
 sthānaṁ poṣaṇam ūtayaḥ
 manvantareśānukathā
 nirodho muktir āśrayaḥ",SB 2.10.1.2,"śrī śuka uvāca—Śrī Śukadeva Gosvāmī said; atra—in this Śrīmad-Bhāgavatam; sargaḥ—the creation of the ingredients of the universe; visargaḥ—the creations of Brahmā; ca—and; sthānam—the maintenance of the creation; poṣaṇam—the favoring of the Lord's devotees; ūtayaḥ—impetuses for activity; manu-antara—prescribed duties given by the Manus; īśa-anukathāḥ—a description of the incarnations of the Lord; nirodhaḥ—the winding up of creation; muktiḥ—liberation; āśrayaḥ—the ultimate shelter, Bhagavān.","In Śrīmad-Bhāgavatam ten subjects are described: (1) Sarga: the creation of the ingredients of the cosmos, (2) Visarga: the creations of Brahmā, (3) Sthāna: the maintenance of the creation, (4) Poṣaṇa: nourishment, special favor given to the faithful, (5) Ūti: impetuses for activity, saṁskāras; (6) Manvantara: prescribed duties, or that which explains the essence of the Vedas]; (7) Iśānukathā: a description of the pastimes and incarnations of the Lord; (8) Nirodha: the winding up of the creation [or stopping the cycle of saṁsāra]; (9) Mukti: liberation from gross and subtle material existence; and (10) Āśraya: the ultimate shelter, Śrī Kṛṣṇa – Who is the primal cause, from whom everything emanates; Who exists within everything –is all pervading, and Who is the resting place for all. This tenth symptom is the primary one, the shelter of all the others."
177, Bhagavat-tattva,3.41,Hearing Śrīmad-Bhāgavatam puts an end to the cycle of birth and death,"ambarīṣa śuka-proktaṁ nityaṁ bhāgavataṁ śṛṇu
 paṭhasva svamukhenāpi yadīcchasi bhāva-kṣayam",GKH (P) Gaudiya Kantahara,,"Gautama Ṛṣi to Ambarīṣa Maharaja: ""O Ambarīṣa, if you wish to put an end to the cycle of birth and death, listen daily to the Bhāgavata taught by Śuka, and recite it also with your own lips."""
178, Bhagavat-tattva,3.42,My real purpose was to teach transcendental knowledge and renunciation,"kathā imās te kathitā mahīyasāṁ / vitāya lokeṣu yaśaḥ pareyuṣām
 vijñāna-vairāgya-vivakṣayā vibho / vaco-vibhūtīr na tu pāramārthyam",SB 12.3.14,kathāḥ—the narrations; imāḥ—these; te—unto you; kathitāḥ—have been spoken; mahīyasām—of great kings; vitāya—spreading; lokeṣu—throughout all the worlds; yaśaḥ—their fame; pareyuṣām—who have departed; vijñāna—transcendental knowledge; vairāgya—and renunciation; vivakṣayā—with the desire for teaching; vibho—O mighty Parīkṣit; vacaḥ—of words; vibhūtīḥ—the decoration; na—not; tu—but; pārama-arthyam—of the most essential purport.,"Śukadeva Gosvāmī said: O mighty Parīkṣit, I have related to you the narrations of all these great kings, who spread their fame throughout the world and then departed. My real purpose was to teach transcendental knowledge and renunciation. Stories of kings lend power and opulence to these narrations but do not in themselves constitute the ultimate aspect of knowledge."
179, Bhagavat-tattva,3.43,An Ocean in the Palm of One's Hand,"jayati jana-nivāso devakī-janma-vādo
 yadu-vara-pariṣat svair dorbhir asyann adharmam
 sthira-cara-vṛjina-ghnaḥ su-smita-śrī-mukhena
 vraja-pura-vanitānāṁ vardhayan kāma-devam",SB 10.90.48,"jayati—eternally lives gloriously; jana-nivāsaḥ—He who lives among human beings like the members of the Yadu dynasty and is the ultimate resort of all living entities; devakī-janma-vādaḥ—known as the son of Devakī; yadu-vara-pariṣat—served by the members of the Yadu dynasty or the cowherd men of Vṛndāvana; svaiḥ dorbhiḥ—by His own arms, or by His devotees like Arjuna who are just like His own arms; asyan—killing; adharmam—demons or the impious; sthira-cara-vṛjina-ghnaḥ—the destroyer of all the ill fortune and sufferings (especially the pain of separation) of all living entities, moving and not moving; su-smita—always smiling; śrī-mukhena—by His beautiful face; vraja-pura-vanitānām—of the gopīs of Vṛndāvana; vardhayan—increasing; kāma-devam—the amorous desires.","""All glories to Śrī Kṛṣṇa who is known as jana-nivāsaḥ, He who lives in the hearts of all living entities (especially in the heart of Śrīmatī Rādhikā and the hearts of His pure devotees), or He who is their ultimate resort. He is famous as Devakī-nandana or Yaśodā-nandana, the son of Devakī and Yaśodā [it is only vāda, theory, that He has taken birth from the womb of Devakī]. He is served by the exalted Yadus, who are His associates. With His mighty arms, the Pāṇḍavas, He kills the demons and thus destroy irreligion. By His effulgent, blissful smiling face He dispels the sufferings of all living entities, both moving and inert, and increases the kāma (prema) of the gopīs of Vṛndāvana, as well as the queens of Mathurā and Dvārakā. May He be all victorious!"""
180, Gaura-tattva,4.1,Śrī Caitanya Mahāprabhu – the deliverer of the fallen age of Kali,"kṛṣṇa-varṇaṁ tviṣākṛṣṇaṁ
 sāṅgopāṅgāstra-pārṣadam
 yajñaiḥ saṅkīrtana-prāyair
 yajanti hi su-medhasaḥ (or), bhajāmi kali-pāvanam",SB 11.5.32,kṛṣṇa-varṇam—uttering the syllables kṛṣ-ṇa; tviṣā—with a luster; akṛṣṇam—not black (golden); sa-aṅga—along with associates; upa-aṅga—servitors; astra—weapons; pārṣadam—confidential companions; yajñaiḥ—by sacrifice; saṅkīrtana-prāyaiḥ—consisting chiefly of congregational chanting; yajanti—they worship; hi—certainly; su-medhasaḥ—intelligent persons. [bhajami—I worship; kali-pāvanam—He who delivers the jīvas of Kali-yuga].,"(a) In the age of Kali, Kṛṣṇa appears with a golden complexion (akṛṣṇa). He is constantly singing the two syllables kṛ and ṣṇa, and He is accompanied by His associates, servitors, weapons and confidential companions. Intelligent people worship Him by performing saṅkīrtana-yajña. (b) I worship Śrī Gaurāṅgadeva, who delivers the living entities of Kali-yuga (kali-pāvanam) through the congregational chanting of the holy names (śrī-nāma-saṅkīrtana-yajña). He describes the name, form, qualities and pastimes of Śrī Kṛṣṇa; He performs kīrtana of the two syllables kṛ and ṣṇa; His complexion is fair; He is surrounded by His aṅgas (associates, meaning Śrī Nityānanda Prabhu and Śrī Advaita Prabhu), upāṅgas (servitors, meaning Śrīvāsa Paṇḍita and other pure devotees) and pārṣadas (confidential companions like Śrī Svarūpa Dāmodara, Śrī Rāya Rāmānanda, Śrī Gadādhara Paṇḍita and the six Gosvāmīs); and He is endowed with His weapon (astra) of harināma, which destroys ignorance."
181, Gaura-tattva,,Caitanya Mahāprabhu is non-different from Rādhā-Kṛṣṇa,"śrī-kṛṣṇa-caitanya, rādhā-kṛṣṇa nahe anya",Caitanya Bhāgavata,śrī-kṛṣṇa caitanya—Śrī Kṛṣṇa Caitanya Mahāprabhu; Rādhā-kṛṣṇa—the combined form of Rādhā and Kṛṣṇa; nahe anya—none other.,Śrī Caitanya Mahāprabhu is none other than the combined form of Rādhā and Kṛṣṇa.
182, Gaura-tattva,4.2,Śrī Śacīnandana Gaurahari descended to betstow mañjarī-bhāva,"anarpita-carīṁ cirāt karuṇayāvatīrṇaḥ kalau
 samarpayitum unnatojjvala-rasāṁ sva-bhakti-śriyam
 hariḥ puraṭa-sundara-dyuti-kadamba-sandīpitaḥ
 sadā hṛdaya-kandare sphuratu vaḥ śacī-nandanaḥ",Śri Vidagdha-mādhava,anarpita—not bestowed; carīm—formerly; cirāt—for a long time; karuṇayā—by causeless mercy; avatīrṇaḥ—descended; kalau—in the Age of Kali; samarpayitum—to bestow; unnata—the most elevated; ujjvala-rasām—madhurya rasa; sva-bhakti—of Her own service (rādhā-dāsyam in mañjarī-bhāva); śriyam—the treasure of Śrī (Rādhīkā); hariḥ—the Supreme Lord; puraṭa—than gold; sundara—more beautiful; dyuti—of splendor; kadamba—with a multitude; sandīpitaḥ—lighted up; sadā—always; hṛdaya-kandare—in the core of the heart; sphuratu—let Him be manifest; vaḥ—your; śacī-nandanaḥ—the son of mother Śacī.,"May the Supreme Lord, who is known as the son of Śrīmatī Śacī-devī, be transcendentally situated in the dark cave of your heart. Resplendent with the radiance of molten gold, He has appeared in the Age of Kali by His causeless mercy to bestow what no incarnation has ever offered before: the most sublime and radiant mellow of devotional service, mādhurya-rasa (as mañjarī-bhāva), service to Śrīmatī Rādhikā as Her confidential maidservants."
183, Gaura-tattva,4.3,Śacīnandana is the svarūpa of Kṛṣṇa who is adorned with the bhāva and complexion of Śrīmatī Rādhikā,"rādhā kṛṣṇa-praṇaya-vikṛtir hlādinī śaktir asmād
 ekātmānāv api bhuvi purā deha-bhedaṁ gatau tau
 caitanyākhyaṁ prakaṭam adhunā tad-dvayaṁ caikyam āptaṁ
 rādhā-bhāva-dyuti-suvalitaṁ naumi kṛṣṇa-svarūpam /",Śrī Svarūpa Dāmodara's Kaḍacā,rādhā—Śrīmatī Rādhārāṇī; kṛṣṇa—of Lord Kṛṣṇa; praṇaya—of love; vikṛtiḥ—the transformation; hlādinī-śaktiḥ—pleasure potency; asmāt—from this; eka-ātmānau—both the same in identity; api—although; bhuvi—on earth; purā—from beginningless time; deha-bhedam—separate forms; gatau—obtained; tau—those two; caitanya-ākhyam—known as Śrī Caitanya; prakaṭam—manifest; adhunā—now; tat-dvayam—the two of Them; ca—and; aikyam—unity; āptam—obtained; rādhā—of Śrīmatī Rādhārāṇī; bhāva—mood; dyuti—the luster; su-valitam—who is adorned with; naumi—I offer my obeisances; kṛṣṇa-svarūpam—to Him who is identical with Śrī Kṛṣṇa.,"Śrīmatī Rādhikā is Kṛṣṇa's hlādinī-śakti (pleasure giving potency) and the embodiment of the transformation of His praṇaya (intimate love). Since They are ekātma-svarūpa (one soul), She is intrinsically non-different from Kṛṣṇa and one in identity with Him. However, to enjoy the transcendental pleasure of Their loving pastimes, Rādhā and Kṛṣṇa have eternally manifested Themselves in these two apparently separate forms. Now these two transcendental identities, sevya and sevaka, viṣaya-tattva and āśraya-tattva, have manifested in one svarūpa as Śrī Caitanya tattva. I repeatedly bow down to Śacīnandana, who is the svarūpa of Kṛṣṇa and who is adorned with the bhāva and complexion of Śrīmatī Rādhikā."
184, Gaura-tattva,4.4,The three internal reasons for Śrī Caitanya Mahāprabhu's appearance,"śrī-rādhāyāḥ praṇaya-mahimā kīdṛśo vānayaivā
 svādyo yenādbhuta-madhurimā kīdṛśo vā madīyaḥ
 saukhyaṁ cāsyā mad-anubhavataḥ kīdṛśaṁ veti lobhāt
 tad-bhāvāḍhyaḥ samajani śacī-garbha-sindhau harīnduḥ",CC Ādi 1.6,śrī-rādhāyāḥ—of Śrīmatī Rādhārāṇī; praṇaya-mahimā—the greatness of Her love (Her prema-vaicittya); kīdṛśaḥ—of what kind; vā—or; anayā—by this one (Rādhā); eva—alone; āsvādyaḥ—to be relished; yena—by that love; adbhuta-madhurimā—the wonderful sweetness; kīdṛśaḥ—of what kind; vā—or; madīyaḥ—of Me; saukhyam—the happiness; ca—and; asyāḥ—Her; mat-anubhavataḥ—from realisation of My sweetness; kīdṛśam—of what kind; vā—or; iti—thus; lobhāt—from the desire; tat—Her; bhāva-āḍhyaḥ—richly endowed with emotions; samajani—took birth; śacī-garbha—of the womb of Śrīmatī Śacī-devī; sindhau—in the ocean; hari—Lord Kṛṣṇa; induḥ—like the moon.,"Desiring to understand the glory of Śrīmatī Rādhīkā's love, the wonderful qualities in Him that She alone relishes through Her love, and the happiness She feels when She realises the sweetness of His love, the Supreme Lord Hari, richly endowed with Her emotions, appeared from the womb of Śrīmatī Śacī-devī, as the moon appeared from the ocean."
185, Gaura-tattva,4.5,,"sei rādhāra bhāva lañā caitanyāvatāra
 yuga-dharma nāma-prema kaila paracāra",CC Ādi 4.220,sei—that; rādhāra—of Śrīmatī Rādhārāṇī; bhāva—the emotion; lañā—taking; caitanya—of Lord Caitanya; avatāra—the incarnation; yuga-dharma—the religion of the age; nāma-prema—prema bestowed through the holy name; kaila—did; paracāra—preaching.,"Lord Caitanya appeared with the sentiments of Śrī Rādhā. He preached the dharma of this age, the chanting of the holy name of Kṛṣṇa, which bestows pure love of God (kṛṣṇa-prema)."
186, Gaura-tattva,4.6,Krsna accepted the role of a devotee to teach pure devotion,"āpani karimu bhakta-bhāva aṅgīkāre
 āpani ācari' bhakti śikhāimu sabāre",CC Ādi 3.20,āpani—personally; karimu—I shall make; bhakta-bhāva—the position of a devotee; aṅgīkāre—acceptance; āpani—personally; ācari'—practicing; bhakti—devotional service; śikhāimu—I shall teach; sabāre—to all.,"I shall accept the role of a devotee, and I shall teach devotional service by practicing it Myself."
187, Gaura-tattva,4.7,Two reasons for Mahāprabhu's appearance,"prema-rasa-niryāsa karite āsvādana
 rāga-mārga bhakti loke karite pracāraṇa",CC Ādi 4.15-16,prema-rasa—of the mellow of love of God; niryāsa—the essence; karite—to do; svādana—relishing; rāga-mārga—the path of spontaneous attraction; bhakti—devotional service; loke—in the world; karite—to do; pracāraṇa—propagation; rasika-śekhara—the supreme enjoyer of rasa; kṛṣṇa—Lord Kṛṣṇa; parama-karuṇa—the most merciful; ei—these; dui—two; hetu—reasons; haite—from; icchāra—of desire; udgama—the birth.,"The Lord's desire to appear was born from two reasons: the Lord wanted to relish the sweet essence of prema-rasa, and He wanted to propagate devotional service in the world on the platform of spontaneous attraction, rāgā-bhakti. Thus He is known as the topmost relisher of rasa and as the supremely merciful."
188, Gaura-tattva,4.8,Two reasons for Mahāprabhu's appearance,"rasika-śekhara kṛṣṇa parama-karuṇa
 ei dui hetu haite icchāra udgama",CC Ādi 4.15-16,prema-rasa—of the mellow of love of God; niryāsa—the essence; karite—to do; svādana—relishing; rāga-mārga—the path of spontaneous attraction; bhakti—devotional service; loke—in the world; karite—to do; pracāraṇa—propagation; rasika-śekhara—the supreme enjoyer of rasa; kṛṣṇa—Lord Kṛṣṇa; parama-karuṇa—the most merciful; ei—these; dui—two; hetu—reasons; haite—from; icchāra—of desire; udgama—the birth.,"The Lord's desire to appear was born from two reasons: the Lord wanted to relish the sweet essence of prema-rasa, and He wanted to propagate devotional service in the world on the platform of spontaneous attraction, rāgā-bhakti. Thus He is known as the topmost relisher of rasa and as the supremely merciful."
189, Gaura-tattva,4.9,Gaura Vāṇī — Śrī Caitanya Mahāprabhu's teachings in a nutshell,"ārādhyo bhagavān vrajeśa-tanayas tad-dhāma vṛṇdāvanaṁ
 ramyā kācid upāsanā vraja-vadhū-vargeṇā yā kalpitā
 śrīmad-bhāgavataṁ pramāṇam amalaṁ premā pum-artho mahān
 śrī-caitanya-mahāprabhor matam idaṁ tatrādaro naḥ paraḥ",Caitanya-manjusa,"ārādhyo—worshipable; bhagavān—the Supreme Lord; vraja-īśa-tanayaḥ—the son of the Lord of Vṛndāvana, Nanda Mahārāja; tat-dhāma—His abode; vṛṇdāvanam—Vṛndāvana; ramya—pleasing; kācit—which; upāsanā—the process of worship; vraja-vadhū—of the gopis of Vraja; vargeṇā—by the group; yā—and; kalpitā—performed; śrīmad-bhāgavatam—Śrīmad Bhāgavatam; pramāṇam—the standard authority; amalam—spotless; premā—pure love of Kṛṣṇa; pum-arthaḥ—the ultimate goal of life for human beings; mahān—the great; śrī-caitanya—of Lord Caitanya; mahāprabhoḥ—mahā=mahābhāva (Rādhārāṇī), prabhu=rasarāja mahābhāva (Kṛṣṇa); matam—the opinion; idam—this; tatra—that; ādaraḥ—regard; naḥ—of us; paraḥ—the highest.","Bhagavān Vrajendra-nandana Śrī Kṛṣṇa is our only worshipful object. In the same way that He is worshipful, so is His transcendental abode, Śrī Vṛndāvana Dhāma. The mood in which the young brides of Vraja have worshipped Him is the highest perfectional form of love of God. Śrīmad Bhāgavatam alone is the immaculate śabda-pramāṇa (scriptural evidence) and prema is the supreme objective of life. This is the teachings of Śrī Caitanya Mahāprabhu. We hold this conclusion (siddhānta) in supreme regard and have no inclination or respect for any other conclusion."
190, Gaura-tattva,4.1,,"cirād adattaṁ nija-gupta-vittaṁ
 sva-prema-nāmāmṛtam aty-udāraḥ
 ā-pāmaraṁ yo vitatāra gauraḥ
 kṛṣṇo janebhyas tam ahaṁ prapadye",CC Madhya 23.1,cirāt—for a long time; adattam—not given; nija-gupta-vittam—His own personal confidential property; sva-prema—of love for Him; nāma—of the holy name; amṛtam—the ambrosia; ati-udāraḥ—most munificent; ā-pāmaram—even down to the lowest of men; yaḥ—one who; vitatāra—distributed; gauraḥ—Śrī Gaurasundara; kṛṣṇaḥ—Lord Kṛṣṇa Himself; janebhyaḥ—to the people in general; tam—to Him; aham—I; prapadye—offer obeisances.,"This prema, which is the most secret and hidden asset of Goloka Vṛndāvana, had never been given before. Now Kṛṣṇa, in the form of Śrī Gaurāṇga Mahāprabhu, distributes this prema through the chanting of His nectarean holy names even to the most fallen. Such a wonderfully magnificent, merciful and magnanimous incarnation is Gaura-Kṛṣṇa. I completely surrender unto Him. (Translation by Śrīla Gaura Govinda Maharaja, The Embankment of Separation)"
191, Gaura-tattva,4.11,,"aham eva kvacid brahman / sannyāsāśramam āśritaḥ
 hari-bhaktiṁ grāhayāmi / kalau pāpa-hatān narān",CC Ādi 3.83,aham—I; eva—certainly; kvacit—somewhere; brahman—O brāhmaṇa; sannyāsa-āśramam—the renounced order of life; āśritaḥ—taking recourse to; hari-bhaktim—devotional service to the Supreme Personality of Godhead; grāhayāmi—I shall give; kalau—in the Age of Kali; pāpa-hatān—sinful; narān—to men.,O learned brāhmaṇa; sometimes I accept the renounced order of life to induce the fallen people of the Age of Kali to accept devotional service to the Lord. (Mahāprabhu quoting a śloka spoken by Kṛṣṇa to Vyāsadeva)
192, Gaura-tattva,4.12,,"ei-mata bhakta-bhāva kari' aṅgīkāra
 āpani ācari' bhakti karila pracāra",CC Ādi 4.41,ei-mata—like this; bhakta-bhāva—the position of a devotee; kari'—making; aṅgīkāra—acceptance; āpani—Himself; ācari'—practicing; bhakti—devotional service; karila—did; pracāra—propagation.,"In this way, assuming the mood (bhāva) of a devotee (Śrīmati Rādhikā), He preached devotional service while practicing it Himself."
193, Gaura-tattva,4.13,,"sei dvāre ācaṇḍāle kīrtana sañcāre
 nāma-prema-mālā gāṅthi' parāila saṁsāra",CC Ādi 4.40,sei dvāre—by that; ā-caṇḍāle—even among the dog-eaters; kīrtana—the chanting of the holy names; sañcāre—He infuses; nāma—of the holy names; prema—and of love of God; mālā—a garland; gāṅthi'—stringing together; parāila—He put it on; saṁsāre—the whole material world.,"Thus He spread kīrtana from the brāhmaṇas down to the untouchables. He wove a garland of the holy name and prema, with which He garlanded the entire material world."
194, Gaura-tattva,4.14,Śrīmad Bhāgavatam glorifies Śrī Caitanya Mahāprabhu,"dhyeyaṁ sadā paribhava-ghnam abhīṣṭa-dohaṁ
 tīrthāspadaṁ śiva-viriñci-nutaṁ śaraṇyam
 bhṛtyārti-haṁ praṇata-pāla bhavābdhi-potaṁ
 vande mahā-puruṣa te caraṇāravindam",SB 11.5.33,dhyeyam—fit to be meditated upon; sadā—always; paribhava-ghnam—which destroy the humiliation of material existence; abhīṣṭa-doham—which amply reward the true desire of the soul; tīrtha-āspadam—the abode of the holy places and saints; śiva-viriñci-nutam—which are praised by Śiva and Brahmā; śaraṇyam—most worthy of taking shelter of; ārti-ham—which relieve the distress; bhṛtya—of Your servants; praṇata-pāla—O protector of all who bow to you; potam—the suitable boat (for); bhava-abdhi—the ocean of birth and death; vande—I offer homage; mahā-puruṣa—O Lord Mahāprabhu; te—to Your; caraṇa-aravindam—lotus feet.,"O guardian of the surrendered, great personality (the Supreme Personality of Godhead Himself, who enacts His divine pastimes as a pure devotee. You alone are the reality to be constantly meditated upon by the pure souls, destroyer of the soul's illusion, the divine wish-fulfilling tree, the refuge of all devotees, worshipable by Śiva and Viriñci (Sadāśiva in the form of Śrī Advaita Ācārya, and Brahmā in the form of Hāridāsa Ṭhākura). You are the shelter of all, dispeller of Your devotee's sufferings which originate in offences to the holy name. and only boat for crossing the ocean of this material world of suffering. I worship Your holy lotus feet."
195, Gaura-tattva,4.15,,"tyaktvā su-dustyaja-surepsita-rājya-lakṣmīṁ
 dharmiṣṭha ārya-vacasā yad agād araṇyam
 māyā-mṛgaṁ dayitayepsitam anvadhāvad
 vande mahā-puruṣa te caraṇāravindam",SB 11.5.34,"tyaktvā—abandoning; su-dustyaja—most difficult to give up; sura-īpsita—anxiously desired by the demigods; rājya-lakṣmīm—the opulence of the goddess of fortune; dharmiṣṭhaḥ—most perfectly fixed in religiousness; yat—because; ārya-vacasā—of a brāhmaṇa's curse to be deprived of family happiness; agāt—He went; araṇyam—to the forest of material existence; māyā-mṛgam—the conditioned soul, who is always searching out illusory enjoyment; dayitayā—out of mercy; īpsitam—His desired object; anvadhāvat—running after; vande—I offer my homage; mahā-puruṣa—O Lord Mahāprabhu; te—to Your; caraṇa-aravindam—lotus feet.","O Mahā-puruṣa, I worship Your lotus feet. You gave up the association of the goddess of fortune and all her opulence, which is most difficult to renounce and is hankered after by even the great demigods. Being the most faithful follower of the path of religion, You thus left for the forest in obedience to a brāhmaṇa's curse. Out of sheer mercifulness You chased after the fallen conditioned souls, who are always in pursuit of the false enjoyment of illusion, and at the same time engaged in searching out Your own desired object, Lord Śyāmasundara."
196, Gaura-tattva,4.16,Śrī Kṛṣṇa Caitanya is the Absolute Truth,"yad advaitaṁ brahmopaniṣadi tad apy asya tanu-bhā
 ya ātmāntaryāmī puruṣa iti so 'syāṁśa-vibhavaḥ
 ṣaḍ-aiśvaryaiḥ pūrṇo ya iha bhagavān sa svayam ayaṁ
 na caitanyāt krṣṇāj jagati para-tattvaṁ param iha",CC Ādi 1.3,yat—that which; advaitam—nondual; brahma—the impersonal Brahman; upaniṣadi—in the Upaniṣads; tat—that; api—certainly; asya—His; tanu-bhā—the effulgence of His transcendental body; yaḥ—who; ātmā—the Supersoul; antaḥ-yāmī—indwelling Lord; puruṣaḥ—supreme enjoyer; iti—thus; saḥ—He; asya—His; aṁśa-vibhavaḥ—plenary expansion; ṣaṭ-aiśvaryaiḥ—with all six opulences; pūrṇaḥ—full; yaḥ—who; iha—here; bhagavān—the Supreme Personality of Godhead; saḥ—He; svayam—Himself; ayam—this; na—not; caitanyāt—than Lord Caitanya; kṛṣṇāt—than Lord Kṛṣṇa; jagati—in the world; para—higher; tattvam—truth; param—another; iha—here.,"What the Upaniṣads describe as the impersonal Brahman is but the effulgence of His body, and the Lord known as the Supersoul is but His localized plenary portion. Lord Caitanya is the Supreme Personality of Godhead, Kṛṣṇa Himself, full with six opulences. He is the Absolute Truth, and no other truth is greater than or equal to Him."
197, Gaura-tattva,4.17,Śrī Caitanya-Mahāprabhu uncovered deep spiritual secrets,"premā nāmādbhutārthaḥ śravaṇa-patha-gataḥ kasya āmnāṁ mahimnaḥ
 ko vettā kasya vṛndāvana-vipina-mahā-mādhurīṣu praveśaḥ
 ko vā jānāti rādhāṁ parama-rasa-camatkāra-mādhurya-sīmām
 ekaś caitanya-candraḥ parama-karuṇayā sarvam āviścakāra",Śrī Caitanya-candrāmṛta 130,,"O, in the pathway of whose ears had the exalted glories of śrī nāma entered, revealing the wonderful meaning of Śrī Nāma to be prema? Who had entered within the great sweetnesses of Śrī Vṛndāvana? Who indeed, knew Śrī Rādhā to be the pinnacle of the supremely astonishing mādhurya-rasa? Only one, the most merciful Śrī Caitanyacandra has uncovered all these truths out of compassion for the jīvas."
198, Gaura-tattva,4.18,Remembering Śrī Caitnaya-Mahāprabhu makes everything easy,"kathañcana smṛte yasmin / duṣkaraṁ sukaraṁ bhavet
 vismṛte viparītaṁ syāt / śrī-caitanyaṁ namāmi tam",CC Ādi 14.1,kathañcana—somehow or other; smṛte—by remembering; yasmin—whom; duṣkaram—difficult things; sukaram—easy; bhavet—become; vismṛte—by forgetting Him; viparītam—just the opposite; syāt—become; śrī-caitanyam—Lord Śrī Caitanya Mahāprabhu; namāmi—I offer my respectful obeisances; tam—unto Him.,"Somehow or other, simply by remembering Śrī Caitanya Mahāprabhu, things that are difficult to do become easy. But if one does not remember Him, easy things become very difficult. To this Lord Caitanya Mahāprabhu I offer my obeisances."
199, Gaura-tattva,4.19,Śrī Caitnaya-Mahāprabhu is concealed in Kali Yuga,channaḥ kalau yad abhavas triyugo 'tha sa tvam,SB 7.9.38,channaḥ—covered; kalau—in the age of Kali; yat—since; abhavaḥ—have been (and will be); tri-yugaḥ—named Triyuga; atha—therefore; saḥ—the same personality; tvam—You.,"Prahlāda Mahārāja says: ""O Puruṣottama, in Kali-yuga You are concealed. Your name, therefore, is Tri-yuga, the Lord who appears only in three yugas."""
200, Gaura-tattva,4.21,,"kali-yuge līlāvatāra nā kare bhagavān
 ataeva 'tri-yuga' kari' kahi tāra nāma
 pratiyuge karena kṛṣṇa yuga-avatāra
 tarka-niṣṭha hṛdaya tomāra nāhika vicāra",CC Madhya-līlā 6.99–100,kali-yuge—in this Age of Kali; līlā-avatāra—a pastime incarnation; nā—not; kare—does; bhagavān—the Supreme Personality of Godhead; ataeva—therefore; tri-yuga—Triyuga (manifested in three yugas); kari'—accepting; kahi—I say; tāra nāma—His holy name; prati-yuge—in every age or millennium; karena—makes; kṛṣṇa—Lord Kṛṣṇa; yuga-avatāra—incarnation for the age; tarka-niṣṭha—hardened by argument; hṛdaya—heart; tomāra—your; nāhika—there is not; vicāra—consideration.,"In Kali-yuga there is no līlā-avatāra of Śrī Bhagavān; therefore His name is Tri-yuga. But certainly there is an incarnation in each yuga, and such an incarnation is called a yuga-avatāra. Your heart has become hardened by logic and arguments and thus you cannot consider these facts."
201, Gaura-tattva,4.22,Rāmānanda Raya sees the confidential form of Mahāprabhu,"pahile dekhiluṅ tomāra sannyāsi-svarūpa
 ebe tomā dekhi muñi śyāma-gopa-rūpa
 tomāra sammukhe dekhi kāñcana-pañcālikā
 tāṅra gaura-kāntye tomāra sarva aṅga ḍhākā",CC Mad 8.268-269,"pahile—in the beginning; dekhiluṅ—I saw; tomāra—Your; sannyāsi-svarūpa—form as a sannyāsi; ebe—now; tomā—You; dekhi—see; muñi—I; śyāma-gopa-rūpa—form as Śyāmasundara, the cowherd boy. tomāra—of You; sammukhe—in front; dekhi—I see; kāñcana-pañcālikā—a doll made of gold; tāṅra—of it; gaura-kāntye—by a golden luster; tomāra—Your; sarva—all; aṅga—body; ḍhākā—covering.","At first I saw You in the form of a sannyāsī, but then I saw You as the gopa Śyāmasundara. At the same time I am seeing a golden-complexioned Deity in front of You, whose golden luster covers Your entire body."
202, Gaura-tattva,4.23,"At the time of Krishna's name giving ceremony, Sri Gargacarya said :","āsan varṇās trayo hy asya / gṛhṇato 'nuyugaṁ tanuḥ
 śuklo raktas tathā pīta / idānīṁ kṛṣṇatāṁ gataḥ",SB 10.8.13,āsan—were assumed; varṇāḥ trayaḥ—three colors; hi—indeed; asya—of your son Kṛṣṇa; gṛhṇataḥ—accepting; anuyugam tanūḥ—transcendental bodies according to the different yugas; śuklaḥ—sometimes white; raktaḥ—sometimes red; tathā—as well as; pītaḥ—sometimes yellow; idānīm kṛṣṇatām gataḥ—at the present moment He has assumed a blackish colour.,"Your son Kṛṣṇa appears in every yuga as an avatāra. Previously He assumed three different colors – white, red and yellow – and now He has appeared in a blackish color."
203, Gaura-tattva,4.24,,"suvarṇa-varṇo hemāṅgo / varāṅgaś candanāṅgadī
 sannyāsa-kṛc chamaḥ śānto / niṣṭhā-śānti-parāyaṇaḥ",Mahābhārata,suvarṇa—of gold; varṇaḥ—having the color; hema-aṅgaḥ—whose body was like molten gold; vara-aṅgaḥ—having a most beautiful body; candana-aṅgadī—whose body was smeared with sandalwood; sannyāsa-kṛt—practicing the renounced order of life; śamaḥ—equipoised; śāntaḥ—peaceful; niṣṭhā—fixed (in His mission of nāma-saṅkīrtana); śānti—and of peace; parāyaṇaḥ—the highest resort.,"[Bhīṣma said to Yudhiṣṭhira Mahārāja:] Kṛṣṇa first appears as a gṛhastha with a golden complexion. His limbs are the color of molten gold, His body is extremely beautiful, He is decorated with sandalwood pulp and He continuously chants ""Kṛṣṇa"". Then He accepts sannyāsa and is always equipoised. He is firmly fixed (in His mission of propagating harināma-saṅkīrtana) and He defeats the impersonalist philosophers, who are opposed to bhakti. He is thus the highest abode of peace and devotion."
204, Gaura-tattva,4.25,,"yadā yadā hi dharmasya / glānir bhavati bhārata
 abhyutthānam adharmasya / tadātmānaṁ sṛjāmy aham",BG 4.7,yadā yadā—whenever and wherever; hi—certainly; dharmasya—of religion; glāniḥ—discrepancies; bhavati—become manifested; bhārata—O descendant of Bharata; abhyutthānam—predominance; adharmasya—of irreligion; tadā—at that time; ātmānam—self; sṛjāmi—manifest; aham—I.,"Whenever and wherever there is a decline in religious practice, O descendant of Bharata, and a predominant rise of irreligion—at that time I descend Myself."
205, Gaura-tattva,4.26,,"paritrāṇāya sādhūnāṁ / vināśāya ca duṣkṛtām
 dharma-saṁsthāpanārthāya / sambhavāmi yuge yuge",BG 4.8,paritrāṇāya—for the deliverance; sādhūnām—of the devotees; vināśāya—for the annihilation; ca—and; duṣkṛtām—of the miscreants; dharma—the eternal essence of one's spiritual nature and service; saṁsthāpana-arthāya—to re-establish; sambhavāmi—I do appear; yuge—millennium; yuge—after millennium.,"To deliver the pious and to annihilate the miscreants, as well as to reestablish the principles of religion, I Myself appear, millennium after millennium."
206, Gaura-tattva,4.27,,māyāpure bhaviṣyāmi śacī-sutaḥ,āgama-śāstras,,"In the future, the son of Śacī will appear in Māyāpura."
207, Gaura-tattva,4.28,"Śrī Kṛṣṇa Caitanya is outwardly Gaura, inwardly Kṛṣṇa","antaḥ kṛṣṇaṁ bahir-gauraṁ
 darśitāṅgādi-vaibhavam
 kalau saṅkīrtanādyaiḥ sma
 kṛṣṇa-caitanyam āśritāḥ",Tattva-sandarbha,"antaḥ—internally; kṛṣṇam—Lord Kṛṣṇa; bahiḥ—externally; gauram—fair-colored; darśita—displayed; aṅga—limbs; ādi—beginning with; vaibhavam—expansions; kalau—in the Age of Kali; saṅkīrtana-ādyaiḥ—by congregational chanting, etc.; sma—certainly; kṛṣṇa-caitanyam—unto Lord Caitanya Mahāprabhu; āśritāḥ—sheltered.","I take shelter of Śrī Kṛṣṇa Caitanya, who is outwardly gaura, of fair complexion, but is inwardly Kṛṣṇa Himself. In Kali-yuga He displays His associates, servitors and confidential companions while performing saṅkīrtana."
208, Gaura-tattva,4.29,,"rādhikāra bhāva-kānti kari' aṅgīkāra
 nija-rasa āsvādite kariyācha avatāra",CC Mad 8.279,rādhikāra—of Śrīmatī Rādhārāṇī; bhāva-kānti—ecstatic love and luster; kari'—making; aṅgīkāra—acceptance; nija-rasa—Your own transcendental mellow; āsvādite—to taste; kariyācha—You have made; avatāra—incarnation.,"""To taste Your own transcendental mellow You appeared as Śrī Caitanya Mahāprabhu, accepting the sentiment and luster of Śrīmatī Rādhikā."""
209, Gaura-tattva,4.3,By Mahāprabhu's mercy one can cross the ocean of many theories,"śrī-caitanya-prabhuṁ vande / bālo 'pi yad-anugrahāt
 taren nānā-mata-grāha-/ vyāptaṁ siddhānta-sāgaram",CC Ādi 2.1,śrī-caitanya-prabhum—to Lord Śrī Caitanya Mahāprabhu; vande—I offer obeisances; bālaḥ—an ignorant child; api—even; yat—of whom; anugrahāt—by the mercy; taret—may cross over; nānā—various; mata—of theories; grāha—the crocodiles; vyāptam—filled with; siddhānta—of conclusions; sāgaram—the ocean.,"I offer my obeisances to Śrī Caitanya Mahāprabhu, by whose mercy even an ignorant child can swim across the ocean of conclusive truths, which is full of the crocodiles of various theories."
210, Gaura-tattva,4.31,Rāgānugā sādhakas should taste Kṛṣṇa līlā through the medium of Gaura līlā,"kṛṣṇa-līlā amṛta-sāra, tāra śata śata dhāra,
 daśa-dike vahe yāhā haite
 se caitanya-līlā haya, sarovara akṣaya,
 mano-haṁsa carāha' tāhāte",CC Mad 25.271,"kṛṣṇa-līlā amṛta-sāra—the pastimes of Lord Kṛṣṇa are the essence of all eternal bliss; tāra śata śata dhāra—the flow of that eternal bliss is running in hundreds of branches; daśa-dike—in all the ten directions; vahe—flows; yāhā haite—from which; se—those; caitanya-līlā—pastimes of Śrī Caitanya Mahāprabhu; haya—are; sarovara akṣaya—a transcendental eternal lake; manaḥ-haṁsa—my mind, which is like a swan; carāha'—please wander; tāhāte—in that lake.","The pastimes of Śrī Kṛṣṇa are the essence of all transcendental nectar. These nectarean pastimes flow in hundreds and hundreds of streams, inundating the ten directions. The pastimes of Śrī Caitanya are an imperishable reservoir of nectar, saturated with the pastimes of Kṛṣṇa. O swanlike mind, please wander on this transcendental lake."
211, Gaura-tattva,4.32,,"nānā-bhāvera bhakta-jana, haṁsa-cakravāka-gaṇa,
 yāte sabe' karena vihāra
 kṛṣṇa-keli sumṛṇāla, yāhā pāi sarva-kāla,
 bhakta-haṁsa karaye āhāra",CC Mad 25.274,"nānā-bhāvera bhakta-jana—devotees relishing relationships with Kṛṣṇa in different ecstasies; haṁsa-cakravāka-gaṇa—compared to swans and cakravāka birds; yāte—in that place; sabe'—all; karena vihāra—enjoy life; kṛṣṇa-keli—the pastimes of Kṛṣṇa; su-mṛṇāla—sweet buds; yāhā pāi—which one can get; sarva-kāla—eternally; bhakta-haṁsa—the devotees, who are just like swans; karaye—do; āhāra—eating.","The devotees who have a relationship with Kṛṣṇa are like the swans and cakravāka birds who play in the lake of lotus flowers. The buds of those lotus flowers are the pastimes of Kṛṣṇa, and they are edibles for the swanlike devotees. Lord Śrī Kṛṣṇa is always engaged in His transcendental pastimes; therefore the devotees, following in the footsteps of Śrī Caitanya Mahāprabhu, can always eat those lotus buds."
212, Gaura-tattva,4.33,,"gaura-prema rasārṇave se taraṇge yebā ḍūbe
 se rādhā-mādhava-antaraṅga",BRSB p. 125,,"Gaura prema is an ocean of rasa. Those who submerge themselves in the waves of that ocean, emerge in the waves of the confidential intimate service of Rādhā-Mādhava in Vraja."
213, Gaura-tattva,4.34,A favourite śloka of Śrīla Bhakti Rakṣaka Śrīdhara Goswāmī Mahārāja,"yathā yathā gaura-padāravinde
 vindeta bhaktiṁ kṛta-puṇya-rāśiḥ
 tathā tathotsarpati hṛdy akasmād
 rādhā-padāmbhoja-sudhāmbu-rāśiḥ",Śrī Caitanya Candrāmṛta 88,kṛta-puṇya-rāśiḥ—having performed vast numbers of pious deeds; yathā yathā—to the extent; vindeta—a person attains; bhaktim—devotion; pada-aravinde—to the lotus feet; gaura—of the golden Lord; tathā tathā—to the same extent; sudhāmbu-rāśiḥ—the ocean of nectar; rādhā-padāmbhoja—of the lotus feet of Śrī Rādhā; akasmād—causelessly; utsarpati—gradually arises; hṛdi—in one's heart.,"As a pious soul fortunately attains pure devotion to Gaura and becomes absorbed in rendering service to His lotus feet, the nectar ocean of devotional ecstasy flowing from the lotus feet of Śrī Rādhikā gradually arises without any material causer and floods his heart."
214, Gaura-tattva,4.35,"Other than Lord Gaura, who will be my friend in this world?","duṣkarma-koṭi-niratasya duranta-ghora-
 durvāsanā-nigaḍa-śṛṅkhalitasya gāḍham
 kliśyan mateḥ kumati-koṭi-kadarthitasya
 gauraṁ vinādya mama ko bhaviteha bandhuḥ",Caitanya Candramṛta 51,duṣkarma—wicked deed; koṭi—millions; niratasya—intent; duranta—endless and impassable; ghora—horrible; durvāsanā—wicked thoughts and desires; nigaḍa-śṛṅkhalitasya—chained; gāḍham—tightly; kliśyat—suffering; mateḥ—of the mind; kumati—of wicked-minded materialists; koṭi—by millions; kadarthitasya—misled; gauraṁ—the sacred place of Gauḍa-maṇḍala; vinā—except for; adya—today; mama—of me; ko—who?; bhavitā—is; iha—here; bandhuḥ—the friend.,"""I have committed millions of sinful activities while wandering the path of karma. I am tightly bound by the shackles of uncontrolable material desires. My intelligence is afflicted by the misguidance of the karmīs, jñānīs, and unrestricted sense enjoyers. Other than Lord Gaura, who will be my friend in this world?"""
215, Gaura-tattva,4.36,The supreme solace of Śrī Caitanya's name,"hā hanta citta-bhuvi me paramoṣarāyāṁ
 sad-bhakti-kalpa-latikāṅkuritā kathaṁ syāt
 hṛdy ekam eva paramāśvasanīyam asti
 caitanya-nāma kalayan na kadāpi śocyaḥ",Caitanya Candrāmṛta 53,"hā—Oh!; hanta—Oh!; citta—of the heart; bhuvi—in the land; me—my; parama—great; uṣarāyāṁ—in the desert; sad—transcendental; bhakti—of devotional service; kalpa—desire; latikā—creeper; aṅkuritā—sprouted; kathaṁ—how?; syāt—will be; hṛdi—in the heart; ekam—one; eva—indeed; param—great; āśvasanīyam—hope; asti—is; caitanya—of Lord Caitanya; nāma—in the name; kalayan—chanting, calling in a melodious vocie; na—not; kadāpi—ever; śocyaḥ—will lament.","Alas, alas! How will the charming wish-fulfilling creeper of pure devotion ever sprout from the desparately barren planes of my consciousness? Despite my predicament, just one great hope awakens in my heart: by chanting the name of Śrī Caitanyadeva, nothing can remain to be lamented for by anyone at any time."
216, Gaura-tattva,4.37,Vijñapti,"saṁsāra-duḥkha-jaladhau patitasya kāma-
 krodhādi-nakra-makaraiḥ kavalī-kṛtasya
 durvāsanā-nigaḍitasya nirāśrayasya
 caitanya-candra mama dehi padāvalambam",Caitanya Candramṛta 54,saṁsāra—of repeated birth and death; duḥkha—of the sufferings; jaladhau—in the ocean; patitasya—fallen; kāma—lust; krodha—and anger; ādi—beginning; nakra—crocodiles; makaraiḥ—and sharks; kavalī—a mouthful; kṛtasya—being made; durvāsanā—by wicked desires; nigaḍitasya—chained; nirāśrayasya—without any shelter; caitanya-candra—of the moon-like Śrī Caitanya; mama—to me; dehi—please give; padā—of Your feet; avalambam—the shelter.,"O Caitanyacandra, I have fallen into an ocean of misery where I have been made a mouthful for the crocodiles and sharks of lust, anger, and so forth. Kindly give this destitute person, chained to wicked desires, the shelter of Your lotus feet."
217, Gaura-tattva,4.38,O Caitanya-candra make this unfortunate person drink the nectar emanating from Your feet.,"caitanyacandra mama hṛt-kumudaṁ vikāśya
 hṛdyaṁ vidhehi nija-cintana-bhṛṅga-raṅgaiḥ
 kiṁ cāparādha-timiraṁ niviḍaṁ vidhūya
 pādāmṛtaṁ sadaya pāyaya durgataṁ me",Śrī Stavāvalī,caitanyacandra—O moon of Lord Caitanya; mama—of me; hṛt—of the heart; kumudam—the lotus; vikāśya—causing to blossom; hṛdyam—charming; vidhehi—please place; nija—own; cintana—thoughts; bhṛṅga—of the bumblebee; raṅgaiḥ—with the delight; kimca—furthermore; aparādha—of offenses; timiram—the darkness; niviḍam—thick; vidhūya—cleansing away; pāda—of the feet; amṛtam—the nectar; sa—with; dayā—kindness; pāyaya—please cause to drink; durgatam—impious; me—me.,"O Caitanya-candra, Please make the charming lotus flower of my heart bloom by delightful bee-like thoughts of Yourself, then cleansing away the dense darkness of my offences, mercifully make this unfortunate person drink the nectar emanating from Your feet."
218, Gaura-tattva,4.38,"O my merciful Lord, may the nectarean Ganges waters of Your transcendental activities flow on the surface of my desert-like tongue","kṛṣṇotkīrtana-gāna-nartana-kalā-pāthojani-bhrājitā
 sad-bhaktāvali-haṁsa-cakra-madhupa-śreṇī-vihārāspadam
 karṇānandi-kalā-dhvanir vahatu me jihvā-maru-prāṅgaṇe
 śrī-caitanya dayā-nidhe tava lasal-līlā-sudhā-svardhunī",CC Ādi 2.2,śrī-caitanya—O Lord Caitanya; dayā-nidhe—ocean of mercy; vahatu—let it flow; svardhunī—the Gangā; tava—of Your; lasat—shining; līlā-sudhā—of the nectar of the pastimes; prāṅgaṇe—in the courtyard; maru—of my desertlike; jihvā—tongue; bhrājitā—(that river) is beautified; pāthaḥ-jani—by the lotuses; utkīrtana—of the loud chanting; kṛṣṇa—of the holy names of Lord Kṛṣṇa; gāna—singing; nartana—dancing; kalā—and other fine arts; vihāra—(these lotuses are) pleasurable; āspadam—abodes; sat-bhakta—for pure devotees; āvali—(who are like) rows; haṁsa—of swans; cakra—cakravāka birds; śreṇī—(and) swarms; madhu-pa—of bumble bees; kala—(this river's) melodious; dhvaniḥ—sound; ānandi—engladdens; me—my; karṇa—ears;,"O my merciful Lord Caitanya, may the nectarean Ganges waters of Your transcendental activities flow on the surface of my desert-like tongue. Beautifying these waters are the lotus flowers of singing, dancing and loud chanting of Kṛṣṇa's holy name, which are the pleasure abodes of unalloyed devotees. These devotees are compared to swans, ducks and bees. The river's flowing produces a melodious sound that gladdens my ears."
219, Gaura-tattva,4.39,One who worships Mahāprabhu automatically worships Rādhā-Kṛṣṇa,"ārādhitaṁ nava-vanaṁ vraja-kānanaṁ te
 nārādhitaṁ nava-vanaṁ vraja eva dūre
 ārādhito dvija-suto vraja-nāgaras te
 nārādhito dvija-suto na taveha kṛṣṇaḥ","Prabodhānanda Sarasvatī,Navadvipa sataka78",ārādhitam—worshiped; nava-vanaṁ—Navadvīpa; vraja-kānanaṁ—the forest of Vraja; te—by you; na—not; ārādhitaṁ—worshiped; nava-vanaṁ—Navadvīpa; vrajaḥ—Vraja; eva—indeed; dūre—far away; ārādhitaḥ—worshiped; dvija-sutāḥ—the brāhmaṇa's son (Lord Caitanya); vraja-nāgaraḥ—the hero of Vraja (Kṛṣṇa); te—by you; na—not; ārādhitaḥ—worshiped; dvija-sutaḥ—Lord Caitanya; na—not; tava—by you; iha—here; kṛṣṇaḥ—Śrī Kṛṣṇa.,"If you worship Navadvīpa, then you also worship the forest of Vraja. If you don't worship Navadvīpa, then the forest of Vraja is far away. If you worship Lord Caitanya, then you also worship Rādhā and Kṛṣṇa in Vraja. If you don't worship Lord Caitanya, then you cannot worship Rādhā and Kṛṣṇa."
220, Gaura-tattva,4.4,Śrī Bṛhad Bhāgavatāmṛtam glorifies Śrī Caitanya Mahāprabhu,"jayati nija-padābja-prema-dānāvatīrṇo
 vividha-madhurimābdhiḥ ko 'pi kaiśora-gandhiḥ
 gata-parama-daśāntaṁ yasya caitanya-rūpād
 anubhava-padam āptaṁ prema gopīṣu nityam",Śrī Bṛhad Bhāgavtāmṛtam 1.1.1,jayati—all glorifies; nija—of His own; pada-abja—lotus feet; prema—ecstatic transcendental love; dāna—for giving charity; avatīrṇaḥ—to Him who descended; vividha—of various; madhurima—kinds of sweetness; abdhiḥ—an ocean; kaḥ api—a certain; kaiśora—of youth; gandhiḥ—who has the fragrance; gata—who has obtained; parama—of the topmost; daśā—stage; antam—the extreme; yasya—whose; caitanya—of Śrī Caitanya; rūpāt—by the form; anubhava—of transcendental experience; padam—the situation; āptam—who has obtained; prema—the ecstatic love; gopīṣu—residing in the gopīs; nityam—eternally.,"All glories to that inconceivable Lord who descended to give in charity the gift of love for His own lotus feet. He is an ocean filled with many kinds of sweetness, and He always bears the fragrance of fresh youth. In His form as Śrī Caitanya He has realised the last extreme of transcendental experience, the love residing eternally in the gopīs."
221, Gaura-tattva,4.41,"Out of greed for the sweet ecstasy of His devotees, the Lord descended to this world in the form of His own devotee","sva-dayita-nija-bhāvaṁ yo vibhāvya sva-bhāvāt
 su-madhuram avatīrṇo bhakta-rūpeṇa lobhāt
 jayati kanaka-dhāmā kṛṣṇa-caitanya-nāmā
 harir iha yati-veśaḥ śrī-śacī-sūnur eṣaḥ",Śrī Bṛhad Bhāgavtāmṛtam 1.1.3,sva—His own; dayita—of the beloved devotees; nija—their; bhāvam—ecstasy; yaḥ—who; vibhāvya—realising; sva-bhāvāt—than His own ecstasy; su-madhuram—even sweeter; avatīrṇaḥ—has descended; bhakta—of His own devotee; rūpeṇa—in the form; lobhāt—out of greed; jayati—all glories; kanaka—golden-colored; dhāmā—with an effulgence; kṛṣṇa-caitanya—Śrī Kṛṣṇa Caitanya; nāmā—with the name; hariḥ—to Lord Hari; iha—in this world; yati—of a renunciant; veśaḥ—whose dress; śrī-śacī—of Mother Śacī; sūnuḥ—the son; eṣaḥ—this.,"Realizing that the ecstasy of His beloved devotees is even sweeter than His own, out of greed the Lord descended to this world in the form of His own devotee. Dressed as a renunciant, golden in effulgence, He bears the name Śrī Kṛṣṇa Caitanya. All glories to that Lord Hari, who has appeared as the son of Mother Śacī!"
222, Gaura-tattva,4.42,Śrī Caitanya-candra Praṇāma,"ānanda-līlā-maya-vigrahāya
 hemābha-divyac-chavi-sundarāya
 tasmai mahā-prema-rasa-pradāya
 caitanya-candrāya namo namas te",Arcana dīpikā,,"I offer obeisances unto Śrī Caitanya-candra, whose form is the embodiment of blissful, transcendental pastimes, whose golden complexion is divinely beautiful, and who bestows unlimited nectar in prema-rasa."
223, Gaura-tattva,4.43,Caitanya-candra Vandanā,"jaya navadvīpa-nava-pradīpa
 prabhāvaḥ pāṣaṇḍa-gajaika-siṁhaḥ
 svanāma-saṅkhyā-japa-sūtra-dhārī
 caitanya-candro bhagavān murāriḥ",CB Mad 5.1,,"All glories to Caitanya-candra, who is none other than Bhagavān Murāri. He is the bright new lamp of Navadvīpa, who is like an unparalleled lion in subduing the atheistic elephants, and He holds a knotted string for counting His own names."
224, Gaura-tattva,4.44,"Śrī Śacīnandana as Rādhā-ramaṇa Rāma, nourishes His pure devotees","vraja-rasa-bhāvana, duṣṭamata-śātana, kapaṭi-vighātana kāma
 śuddha bhakta-pālana, śuṣka-jñāna-tāḍana, chala-bhakti-dūṣaṇa rāma",Kali-Kukkura Kadana 5,,"He is absorbed in vraja-rasa. As the transcendental Kāmadeva, He chastises the evil-minded and destroys deceit. As Rādhā-ramaṇa Rāma, He nourishes His pure devotees, drives away dry impersonalism, and removes all imitations of bhakti."
225, Gaura-tattva,4.45,,"kṛṣṇaś caitanya-gaurāṅgau gaura-candraḥ śacī-sutaḥ
 prabhu-gaurau gaura-harir nāmāni bhakti-dāni me",Ananta-Saṁhitā,"kṛṣṇa—the all-attractive person; caitanya—the embodiment of transcendental consciousness; gaurāṅga—Golden-limbed, Govinda who has accepted the golden form of Rādhā; gaura-candra—the golden moon; śacī-suta—the son of Śacī-devī; prabhu—the master; gaura—the reservoir of golden effulgence; gaura-hari—the golden lord; nāmāni—names; bhakti-dāni—bestow prema-bhakti; me—Mine.","I bestow prema-bhakti upon whoever chants My names such as Kṛsṇa, Caitanya, Gaurāṅga, Guara-candra, Śacī-suta, Prabhu, Gaura, and Gaura-hari."
226, Nityānanda-tattva,5.1,Śrī Nityānanda Prabhu praṇāma,"saṅkarṣaṇaḥ kāraṇa-toya-śāyī
 garbhoda-śāyī ca payobdhi-śāyī
 śeṣaś ca yasyāṁśa-kalāḥ sa nityā-
 nandākhya-rāmaḥ śaraṇaṁ mamāstu",Svarūpa Dāmodara's Diary,"saṅkarṣaṇaḥ—Mahā-Saṅkarṣaṇa in the spiritual sky; kāraṇa-toya-śāyī—Kāraṇodakaśāyī Viṣṇu, who lies in the Causal Ocean; garbha-uda-śāyī—Garbhodakaśāyī Viṣṇu, who lies in the Garbhodaka Ocean of the universe; ca—and; payaḥ-abdhi-śāyī—Kṣīrodakaśāyī Viṣṇu, who lies in the ocean of milk; śeṣaḥ—Śeṣa Nāga, the couch of Viṣṇu; ca—and; yasya—whose; aṁśa—plenary portions; kalāḥ—and parts of the plenary portions; saḥ—He; nityānanda-ākhya—known as Lord Nityānanda; rāmaḥ—Lord Balarāma; śaraṇam—shelter; mama—my; astu-let there be.","Saṅkarṣaṇa, Śeṣa Nāga and the Viṣṇus who lie on the Kāraṇa, Garbha, and Kṣīra Oceans, are the plenary portions and portions of the plenary portions of Śrī Nityānanda Rāma. May He give me shelter."
227, Nityānanda-tattva,5.2,,"nityānanda namas tubhyaṁ premānanda-pradāyine
 kalau kalmaṣa-nāśāya jāhnavā-pataye namaḥ",SGG p. 9,,"I offer praṇāma unto Śrī Nityānanda Prabhu who bestows the bliss of divine love, who eliminates the contamination of the age of Kali, and who is the master of Jāhnavā-devī."
228, Nityānanda-tattva,5.3,,"vande śrī-kṛṣṇa-caitanya-nityānandau sahoditau
 gauḍodaye puṣpavantau citrau śandau tamo-nudau",CC Ādi 1.2,vande—I offer respectful obeisances; śrī-kṛṣṇa-caitanya—to Lord Śrī Kṛṣṇa Caitanya; nityānandau—and to Lord Nityānanda; saha-uditau—simultaneously arisen; gauḍa-udaye—on the eastern horizon of Gauḍa; puṣpavantau—the sun and moon together; citrau—wonderful; śam-dau—bestowing benediction; tamaḥ-nudau—dissipating darkness.,"I offer my respectful obeisances unto Śrī Kṛṣṇa Caitanya and Lord Nityānanda, who are like the sun and moon. They have arisen simultaneously on the horizon of Gauḍa (Bengal) to dissipate the darkness of ignorance and thus wonderfully bestow benediction upon all."
229, Nityānanda-tattva,5.4,,"yatheṣṭaṁ re bhrātaḥ! kuru hari-hari-dhvānam aniśaṁ
 tato vaḥ saṁsārāmbudhi-taraṇa-dāyo mayi laget
 idaṁ bāhu-sphoṭair aṭati raṭayan yaḥ pratigṛhaṁ
 bhaje nityānandaṁ bhajana-taru-kandaṁ niravadhi",Śrī Nityānandāṣṭakam 5,,"I perpetually worship Śrī Nityānanda Prabhu, the root of the kṛṣṇa-bhakti tree, who wandering with outspread arms, approached the door of every home, and with upraised arms called out, ""O Brother! Continuously chant śrī-harināma to your hearts's content. If you do so, I will take the responsibility to deliver you from the ocean of material existence."""
230, Nityānanda-tattva,5.5,,"śrī-caitanya—sei kṛṣṇa, nityānanda—rāma
 nityānanda pūrṇa kare caitanyera kāma",CC Ādi 5.157,śrī-caitanya—Lord Śrī Caitanya; sei kṛṣṇa—that original Kṛṣṇa; nityānanda—Lord Nityānanda; rāma—Balarāma; nityānanda—Lord Nityānanda; pūrṇa kare—fulfills; caitanyera kāma—all the desires of Lord Śrī Caitanya Mahāprabhu.,"Lord Caitanya is the same Lord Kṛṣṇa, and Lord Nityānanda is Lord Balarāma. Lord Nityānanda fulfills all of Lord Caitanya's desires."
231, Nityānanda-tattva,5.6,Śrī Nityānanda Prabhu roamed the country for two purposes,"prema-pracāraṇa āra pāṣaṇḍa-dalana
 dui-kārye avadhūta karena bhramaṇa",CC Antya 3.149,prema-pracāraṇa—preaching the path of prema-bhakti; āra—and; pāṣaṇḍa-dalana—subduing atheistic men; dui-kārye—with two kinds of activities; avadhūta—the great devotee and mendicant; karena—does; bhramaṇa—touring.,"For two purposes—to spread the path of bhakti and to defeat and subdue the atheists—Lord Nityānanda, the most dedicated devotee of the Lord, wandered throughout the country."
232, Nityānanda-tattva,5.7,Nityānanda is intoxicated by prema and is an incarnation of mercy,"preme matta nityānanda kṛpā-avatāra
 uttama, adhama, kichu nā kare vicāra
 ye āge paḍaye, tāre karaye nistāra
 ataeva nistārilā mo-hena durācāra",CC Ādi 5.208-9,preme—in ecstatic love; matta—mad; nityānanda—Lord Nityānanda; kṛpā—merciful; avatāra—incarnation; uttama—good; adhama—bad; kichu—any; nā—not; kare—makes; vicāra—consideration; ye—whoever; āge—in front; paḍaye—falls down; tāre—unto him; karaye—does; nistāra—deliverance; ataeva—therefore; nistārilā—delivered; mo—as me; hena—such; durācāra—sinful and fallen person.,"Nityānanda is intoxicated by ecstatic love and is an incarnation of mercy, He makes no distiction between the exalted and the fallen. He delivers all those who fall down before Him. Therefore He has delivered such a sinful and fallen person as me."
233, Nityānanda-tattva,5.8,Without Nitai's mercy no one can attain Rādhā-Kṛṣṇa,"heno nitāi bine bhāi, rādhā-kṛṣṇa pāite nāi (1)
 nitāiyer karuṇā ha'be, vraje-rādhā-kṛṣṇa pābe,
 dhara nitāi-caraṇa du 'khāni (3)","Śrī Nityānanda Niṣṭhā, prarthana",,"No one can attain Rādhā-Kṛṣṇa without Lord Nityānanda. By the mercy of Nityānanda prabhu, however, one can attain the service of Rādhā-Kṛṣṇa in Vṛndāvana. Therefore, take shelter of the holy feet of Lord Nityānanda."
234, Nityānanda-tattva,5.1,Nityānanda is the Foremost Devotee,"caitanyera ādi-bhakta nityānanda-rāya
 caitanyera yaśo vaise yāñhāra jihvāya
 ahar niśa caitanyera kathā prabhu kaya
 tāñ're bhajile se caitanye bhakti haya",CB Ādi 9.217-218,,Lord Caitanya's first and foremost devotee is Nityānanda Rāya. The glories of Lord Caitanya are always on his tongue. Day and night Lord Nityānanda speaks only of Lord Caitanya. Whoever worships Him is a real devotee of Śrī Caitanya.
235, Nityānanda-tattva,5.11,Lord Nityānanda and Guru are Nondifferent,"saṁsārera pāra haiyā bhaktira sāgare
 ye ḍūbibe se bhajuka nitāi-cāndere
 āmāra prabhura prabhu śrī-gaurasundara
 e baḍa bharasā citte dhari nirantara",CB Ādi 17.152-3,,Beyond the ocean of birth and death is the bhakti ocean. Let those who would go there worship Lord Nityānanda (the original Guru). I will hold this faith within my heart forever: My master is Nityānanda; His Lord is Gaurasundara. (By the mercy of Lord Nityānanda one gets the mercy of Gaurasundara. Nityānanda is therefore the original Guru. As such the Guru is the representative of Lord Nityānanda. These two are nondifferent)
236, Nityānanda-tattva,5.12,Gaura and Nitāi are Inseparable,"dui bhāi eka-tanu samāna-prakāśa
 nityānanda nā māna, tomāra habe sarva-nāśa
 ekete viśvāsa, anye nā kara sammāna
 ""ardha-kukkuṭī-nyāya"" tomāra pramāṇa",CC Ādi 5.175-176,dui bhāi—two brothers; eka-tanu—one body; samāna-prakāśa—equal manifestation; nityānanda—Lord Nityānanda; nā māne—you do not believe; tomāra—your; habe—that will be; sarva-nāśa—downfall; ekete viśvāsa—faith in one; anye—in the other; nā—not; kara—do; sammāna—respect; ardha-kukkuṭī-nyāya—the logic of accepting half of a hen; tomāra—your; pramāṇa—evidence.,"These two brothers (Gaura and Nitāi) are like one body; they are identical manifestations. If you do not believe in Lord Nityānanda, you will fall down. If you have faith in one, but disrespect the other, your logic is like the logic of accepting half a hen."
237, Nityānanda-tattva,5.13,,"kiṁvā, doṅhā nā māniñā hao ta' pāṣaṇḍa
 eke māni' āre nā māni, ei-mata bhaṇḍa",CC Ādi 5.17,kiṁvā—otherwise; doṅhā—both of Them; nā—not; māniñā—accepting; hao—you become; ta'—certainly; pāṣaṇḍa—atheist; eke—one of Them; māni'—accepting; āre—the other; nā māni—not accepting; ei-mata—this kind of faith; bhaṇḍa—hypocrisy.,It would be better to be an atheist by slighting both brothers than a hypocrite by believing in one and slighting the other.
238, Nityānanda-tattva,5.14,,"śrī-caitanya-nityānanda-advaita-mahattva
 tāṅra bhakta-bhakti-nāma-prema-rasa-tattva
 bhinna bhinna likhiyāchi kariyā vicāra
 śunile jānibe saba vastu-tattva-sāra",CC Ādi 1.108-109,śrī-caitanya—of Lord Caitanya Mahāprabhu; nityānanda—of Lord Nityānanda; advaita—of Śrī Advaita; mahattva—greatness; tāṅra—Their; bhakta—devotees; bhakti—devotion; nāma—names; prema—ecstatic transcendental love; rasa—mellows of love; tattva—real nature; bhinna bhinna—different; likhiyāchi—I wrote; kariyā—doing; vicāra—consideration; śunile—on hearing; jānibe—will know; saba—all; vastu-tattva-sāra—the essence of the Absolute Truth.,"If one patiently hears about the glories of Śrī Caitanya Mahāprabhu, Śrī Nityānanda Prabhu and Śrī Advaita Prabhu—and Their devotees, devotional activities, names and fame, along with the mellows of Their transcendental loving exchanges—one will learn the essence of the Absolute Truth. Therefore I have described these [in Śrī Caitanya-caritāmṛta] with logic and discrimination."
239, Nityānanda-tattva,5.15,Advaita and Nityānanda serve the lotus feet of Lord Caitanya,"eka mahāprabhu, āra prabhu duijana
 dui prabhu sebe mahāprabhura caraṇa",CC Ādi 7.14,"eka mahāprabhu—one Mahāprabhu, or the supreme predominator; āra prabhu duijana—and the other two (Nityānanda and Advaita) are two prabhus (masters); dui prabhu—the two prabhus; sebe—serve; mahāprabhura—of the supreme Prabhu; caraṇa—the lotus feet.","There is one ""Mahāprabhu"" and two prabhus. The two prabhus serve the lotus feet of Mahāprabhu."
240, Nityānanda-tattva,5.16,Śrī Gaura-Nityānanda Praṇāma,"ājānu-lambita-bhujau kanakāvadātau
 saṅkīrtanaika-pitarau kamalāyatākṣau
 viśvambharau dvija-varau yuga-dharma-pālau
 vande jagat-priyakarau karuṇāvatāra",Śrī Caitanya Bhāgavata,"ājānu-lambita-bhujau—those two Lords whose long arms extend to Their knees; kanaka-avadātau—exuding a resplendent golden luster; saṅkīrtana-eka-pitarau—the sole fathers of the saṅkīrtana movement; kamala-āyata-akṣau—eyes wide-spread like lotus petals; viśvambarau—maintainers of the cosmic creation; dvijavarau—best of the brāhmaṇas; yuga-dharma-pālau—protectors of the yuga dharma, śrī-kṛṣṇa-nāma-saṅkīrtana; vande—I offer my obeisances; jagat-priyakarau—the benefactors of the entire universe; karuṇa-avatārau—the most munificent incarnations of Godhead.","I worship the incarnations of mercy, Śrī Caitanya Mahāprabhu and Śrī Nityānanda Prabhu, whose arms extend to Their knees, whose luster is an enchantingly resplendent gold, who inaugurated the saṅkīrtana movement, whose eyes are wide-spread like lotus petals, who nourish the entire universe, who glorify the brāhmaṇa dynasties, who protect the yuga-dharma, and who bestow the highest auspiciousness upon the residents of the material world."
241, Nityānanda-tattva,5.19,,"sei navadvīpe vaise vaiṣṇavāgragaṇya
 'advaita ācārya' nāma, sarva-loke dhanya
 jñāna-bhakti-vairāgyera guru mukhyatara
 kṛṣṇa-bhakti vākhānite ye hena śaṅkara",CB Ādi 2.78-9,,"Residing in Navadvīpa at that time was Śrī Advaita Ācārya, the topmost Vaiṣṇava, who is glorified throughout the world. Śrī Advaita Ācārya was the chief amongst the Gurus in knowledge, devotion and renunciation. He was as expert as Lord Śiva in explaining the devotional service of Lord Kṛṣṇa with knowledge and renunciation."
242, Nityānanda-tattva,5.21,Advaita Ācārya is a Preacher of Kṛṣṇa-bhakti,"jīva nistārila kṛṣṇa-bhakti kari' dāna
 gītā-bhāgavate kaila bhaktira vyākhyāna",CC Ādi 6.28,jīva—the living entities; nistārila—delivered; kṛṣṇa-bhakti—devotional service to Lord Kṛṣṇa; kari'—making; dāna—gift; gītā-bhāgavate—in the Bhagavad-gītā and Śrīmad-Bhāgavatam; kaila—performed; bhaktira vyākhyāna—explanation of devotional service.,He delivered all living beings by offering the gift of kṛṣṇa-bhakti. He explained Bhagavad-Gītā and Śrīmad-Bhāgavatam in the light of devotional service.
243, Nityānanda-tattva,5.22,He is Mahāviṣṇu and a Devotee of Lord Caitanya,"advaita-ācārya-gosāñi sākṣāt īśvara
 prabhu guru kari' māne, tiṅho ta' kiṅkara",CC Ādi 5.147,advaita-ācārya—Advaita Ācārya; gosāñi—the Lord; sākṣāt īśvara—directly the preme Personality of Godhead; prabhu—Lord Śrī Caitanya Mahāprabhu; guru kari' māne—accepts Him as His teacher; tiṅho ta' kiṅkara—but He is the servant.,"Lord Advaita Ācārya is directly the Supreme Personality of Godhead. Although Lord Caitanya accepts Him as His preceptor, Advaita Ācārya is a servant of the Lord."
244, Nityānanda-tattva,5.27,Advaita is Sadāśiva,bhaktāvatāra ācāryo 'dvaita yaḥ śrī-sadāśivaḥ,Gaura-Gaṇoddeśadīpikā,,"He who was Śrī Sadāśiva is the bhakta-avatāra, Śrī Advaita Prabhu (Sadāśiva is Gopīśvara Mahādeva, the mūla Śiva-tattva)."
245, Nityānanda-tattva,5.23,Śrī Kṛṣṇa sells Himself to a devotee who offers Him merely a tulasī leaf and some water,"tulasī-dala-mātreṇa jalasya culukena vā
 vikrīṇīte svam ātmānaṁ bhaktebhyo bhakta-vatsalaḥ",Gautamīya-tantra,"tulasī—of tulasī; dala—a leaf; mātreṇa—by only; jalasya—of water; culukena—by a palmful; vā—and; vikrīṇīte—sells; svam—His own; ātmānam—self; bhaktebhyaḥ—unto the devotees; bhakta-vatsalaḥ—Lord Kṛṣṇa, who is affectionate to His devotees.","Śrī Kṛṣṇa, who is very affectionate toward His devotees, sells Himself to a devotee who offers Him merely a tulasī leaf and a palmful of water."
246, Nityānanda-tattva,5.24,Śrī Advaita Ācārya attracted the Lord by pleasing Him with a tulasi leaf and water,"ei ślokārtha ācārya karena vicāraṇa
 kṛṣṇake tulasī-jala deya yei jana
 tāra ṛṇa śodhite kṛṣṇa karena cintana
 'jala-tulasīra sama kichu ghare nāhi dhana'",CC Ādi 3.105-6,ei—this; śloka—of the verse; artha—the meaning; ācārya—Advaita Ācārya; karena—does; vicāraṇa—considering; kṛṣṇake—to Lord Kṛṣṇa; tulasī-jala—tulasī and water; deya—gives; yei jana—that person who; tāra—to Him; ṛṇa—the debt; śodhite—to pay; kṛṣṇa—Lord Kṛṣṇa; karena—does; cintana—thinking; jala-tulasīra sama—equal to water and tulasī; kichu—any; ghare—in the house; nāhi—there is not; dhana—wealth.,"Advaita Ācārya considered the meaning of that śloka in this way: ""Not finding any way to repay the debt He owes to one who offers Him a tulasī leaf and water, Lord Kṛṣṇa thinks, 'There is no wealth in My possession that is equal to a tulasī leaf and water.'"""
247, Nityānanda-tattva,5.25,"Thus the Lord, the protector of religion, appears by the desire of His devotee","tabe ātmā veci' kare ṛṇera śodhana
 eta bhāvi' ācārya karena ārādhana
 gaṅgā-jala, tulasī-mañjarī anukṣaṇa
 kṛṣṇa-pāda-padma bhāvi' kare samarpaṇa
 kṛṣṇera āhvāna kare kariyā huṅkāra
 e-mate kṛṣṇere karāila avatāra
 caitanyera avatāre ei mukhya hetu
 bhaktera icchāya avatare dharma-setu",CC Ādi 3.107-10,,"""Thus the Lord liquidates the debt by offering Himself to the devotee."" Considering it in this way, the Ācārya began worshiping the Lord. Thinking of the lotus feet of Śrī Kṛṣṇa, He constantly offered tulasī-mañjarīs and water from the Gaṅgā. He appealed to Śrī Kṛṣṇa with loud calls and thus made it possible for Kṛṣṇa to appear. Therefore the principal reason for Śrī Caitanya's descent is this appeal by Advaita Ācārya. The Lord, the protector of religion, appears by the desire of His devotee."
248, Nityānanda-tattva,5.26,,"je ānila prema-dhana karuṇā pracura
 hena prabhu kothā' gelā ācārya Ṭhākura",Je Ānila Prema-dhana,,"Who, out of His vast compassion, brought Śrī Caitanya Mahāprabhu with His treasure of divine love to this world by calling Him with love and affection? Where has that Advaita Ācārya Ṭhākura gone? [Advaita Ācārya was shouting so loudly that Nārāyaṇa's throne was shaking!]"
249, Nityānanda-tattva,5.29,,"gadādhara-paṇḍitādi—prabhura nija-śakti
 tāṅ'-sabāra caraṇe mora sahasra praṇati",CC Ādī 1.41,gadādhara-paṇḍita-ādi—headed by Śrī Gadādhara Paṇḍita; prabhura—of the Supreme Lord; nija-śakti—internal potencies; tāṅ'-sabāra—of all of them; caraṇe—unto the lotus feet; mora—my; sahasra—thousands; praṇati—respectful obeisances.,"I offer my respectful obeisances unto the internal potencies of the Lord, of whom Śrī Gadādhara Prabhu is the foremost."
250, Nityānanda-tattva,5.3,,"jaya nityānanda gadādharera jīvana
 jaya jaya advaitādi-bhaktera śaraṇa",CB Ādi 2.2,,All glories to the life and soul of Nityānanda and Gadādhara! All glories to the shelter of the devotees headed by Advaita Prabhu!
251, Nityānanda-tattva,5.31,,"sva-bhakti-yoga-lāsinaṁ / sadā vraje vihāriṇaṁ
 hari-priyā-gaṇāgragaṁ / śacī-suta-priyeśvaram
 sa-rādha-kṛṣṇa-sevana / prakāśakaṁ mahāśayaṁ
 bhajāmy ahaṁ gadādharaṁ / su paṇḍitaṁ guruṁ prabhum",Śrī Gadādharāṣṭakam 1,,"That personality who eternally wanders in Vraja while playfully performing Her own loving devotional service (Śrīmatī Rādhikā, who takes the form of Śrī Gadādhara in Gaura līlā), is the chief among the beloved damsels of Śrī Hari. As the foremost of the intimate associates of the son of Śacī (Gadādhara), he reveals the process of service to Śrī Rādhā and Kṛṣṇa. I worship that magnanimous, exalted Paṇḍita and Guru, Śrī Gadādhara Prabhu."
252, Nityānanda-tattva,5.34,Śrī Gopīśvara Mahādeva fulfills the gopīs' desires,"mudā gopendrasyātmaja-bhuja-pariṣvaṅga nīdhaye
 sphurad-gopī-vṛndair yam iha bhāgavantaṁ praṇayibhiḥ
 bhajadbhis tair bhaktyā svam abhilāsitaṁ prāptum acirād
 yamī-tīre gopīśvaram anudinaṁ taṁ kila bhaje",Śrī Vraja-vilāsa-stava 87,,"""To obtain the jewel of being embraced by the arms of Brajendra-nandana Śyāmasundara, the gopīs, who possess firm, loving, intimate attachment for Śrī Kṛṣṇa, joyfully worshipped Sadāśiva with great devotion and had all their internal desires fulfilled without delay. Daily I worship that Gopīśvara Mahādeva who resides on the bank of the Yamunā."""
253, Nityānanda-tattva,5.35,Lord Brahmā glorifies Śiva,"kṣīraṁ yathā dadhi-vikāra-viśeṣa-yogāt
 sañjāyate na hi tataḥ pṛthag asti hetoḥ
 yaḥ śambhutām api tathā samupaiti kāryād
 govindam ādi-puruṣaṁ tam ahaṁ bhajāmi",Śrī Brahma-Saṁhitā 45,"aham bhajāmi—I perform bhajana; tam—of that; ādi-puruṣam govindam—original Supreme Person, Śrī Govinda; yaḥ—who; upaiti—takes on; śambhutām—the state of Śambhu; kāryāt—on account of performing a special duty; yathā tathā—in the same way that; kṣīram—milk; sañjāyate—becomes; dadhi—yogurt; vikāra-viśeṣa-yogāt—through contact with a transforming agent; asti—is; hi—certainly; na—not; pṛthak—different; tataḥ—than; hetoḥ—its cause (milk).","Śrī Govindadeva attains the condition of being Śambhu for the sake of performing a specific function, just as milk is transformed into yogurt by contact with a particular transforming agent, although yogurt is not a different substance, independent of milk which is its cause. I engage in the bhajana of that original personality, Śrī Govinda."
254, Nityānanda-tattva,5.36,,"śivaḥ śakti-yutaḥ śaśvat
 tri-liṅgo guṇa-saṁvṛtaḥ
 vaikārikas taijasaś ca
 tāmasaś cety ahaṁ tridhā",SB 10.88.3,"[śrī-śukaḥ uvāca—Śrī Śuka said:] śivaḥ—Lord Śiva; śakti—with his energy, material nature; yutaḥ—united; śaśvat—always; tri—three; liṅgaḥ—whose manifest features; guṇa—by the modes; saṁvṛtaḥ—prayed to; vaikārikaḥ—false ego in the mode of goodness; taijasaḥ—false ego in the mode of passion; ca—and; tāmasaś—false ego in mode of ignorance; ca—and; iti—thus; aham—the principle of material ego; tridhā—threefold.","Śrī Śukadeva said: Lord Śiva is always united with his personal energy, the material nature. Manifesting himself in three features in response to the entreaties of nature's three modes, he thus embodies the threefold principle of material ego in goodness, passion and ignorance."
255, Nityānanda-tattva,5.37,,"harir hi nirguṇaḥ sākṣāt
 puruṣaḥ prakṛteḥ paraḥ
 śiva-śakti-yutaḥ śaśvat
 tri-liṅgo guṇa-samvṛtaḥ",SB 10.88.5,hariḥ—the Supreme Lord Hari; hi—indeed; nirguṇaḥ—untouched by the material modes; sākṣāt—absolutely; puruṣaḥ—the Personality of Godhead; prakṛteḥ—to material nature; paraḥ—transcendental; śiva—the auspicious one; śakti—potency; yutaḥ—possessed of; śaśvat—original; tri-lingo—the trident carrier; guna—modes of nature; samvṛtaḥ—encompassed by.,"Śrī Hari, who is transcendental to material nature and free from mundane qualities, is directly the Supreme Personality of Godhead. However, Śiva is simultaneously possessed of three types of false ego, namely goodness, passion and ignorance, and he is always connected with the illusory potency. (Therefore, a jīva can only become transcendental to the material modes by the performance of śrī hari-bhajana)."
256, Nityānanda-tattva,5.38,The Bhāgavatam extols Lord Śiva as the greatest of Vaiṣṇavas,"nimna-gānāṁ yathā gaṅgā
 devānām acyuto yathā
 vaiṣṇavānāṁ yathā śambhuḥ
 purāṇānām idam tathā",SB 12.13.16,nimna-gānām—of rivers flowing down to the sea; yathā—as; gaṅgā—the Ganges; devānām—of all deities; acyutaḥ—the infallible Supreme Personality of Godhead; yathā—as; vaiṣṇavānām—of devotees of Lord Viṣṇu; yathā—as; śambhuḥ—Śiva; purāṇānām—of Purāṇas; idam—this; tathā—similarly.,"Just as the Gaṅgā is the greatest of all rivers, Lord Acyuta the supreme among deities and Lord Śambhu [Śiva] the greatest of Vaiṣṇavas, so Śrīmad-Bhāgavatam is the greatest of all Purāṇas."
257, Krṣṇa-tattva,6.1,Svayaṁ Bhagavān is Vrajendra-nandana Śrī Kṛṣṇa,"haris tv ekaṁ tattvaṁ vidhi-śiva-sureśa-praṇamitaḥ
 yad evedaṁ brahma prakṛti-rahitaṁ tat tv anumahaḥ
 parātmā tasyāṁśo jagad-aṇu-gato viśva-janakaḥ
 sa vai rādhā-kānto nava-jalada-kāntiś cid-udayaḥ",Daśa-mūla-tattva,"hariḥ—Lord Hari; tu—and; ekam—only; tattvam—truth; vidhi—by Lord Brahmā; śiva—by Lord Śiva; sura-īśa—by Lord Indra, the king of the demigods; praṇamitaḥ—offered obeisances; yat—who; eva—certainly; idam—this; brahma—supreme brahman; prakṛti—of material nature; rahitam—devoid; tat—that; tv—but; anumahaḥ—the splendor; para-ātmā—the supersoul; tasya—of Him; aṁśaḥ—a part; jagat—to the universe; aṇugataḥ—gone; viśva—of the universe; janakaḥ—the father; saḥ—He; vai—certainly; rādhā—of Śrīmatī Rādhārāṇī; kāntaḥ—the lover; nava—fresh; jalada—of a raincloud; kāntiḥ—splendor; cid-udayaḥ—a spiritual manifestation.","""Indeed Śrī Hari, to whom Brahmā, Śiva, Indra and other demigods continuously offer praṇāma, is the only Supreme Absolute Truth. Nirviśeṣa-brahma that is devoid of śakti is Śrī Hari's bodily effulgence. Mahā-Viṣṇu, who has created the universe and who has entered into it as the indwelling Supersoul of all, is simply His partial manifestation. It is that Śrī Hari alone, the very form of transcendental reality (cit-svarūpa), whose complexion is the colour of a freshly formed thunder cloud, who is Śrī Rādhā-vallabha, the beloved of Śrī Rādhā."""
258, Krṣṇa-tattva,6.2,Only Kṛṣṇa is Svayaṁ Bhagavān,ete cāṁśa-kalāḥ puṁsaḥ / kṛṣṇas tu bhagavān svayam,SB 1.3.28,ete—all these; ca—and; aṁśa—plenary portions; kalāḥ—portions of the plenary portions; puṁsaḥ—of the Supreme; kṛṣṇaḥ—Lord Kṛṣṇa; tu—but; bhagavān—the Personality of Godhead; svayam—in person.,"""All of the above-mentioned incarnations are either plenary portions or parts of the plenary portions of the Lord, but Śrī Kṛṣṇa is the original Personality of Godhead Himself."""
259, Krṣṇa-tattva,6.3,Kṛṣṇa is the origin of all and the primary cause of all causes,"īśvaraḥ paramaḥ kṛṣṇaḥ
 sac-cid-ānanda-vigrahaḥ
 anādir ādir govindaḥ
 sarva-kāraṇa-kāraṇam",Śrī Brahmā-saṁhitā 5.1,īśvaraḥ—the controller; paramaḥ—supreme; kṛṣṇaḥ—Lord Kṛṣṇa; sat—(comprising) eternal existence; cit—absolute knowledge; ānanda—and absolute bliss; vigrahaḥ—whose form; anādiḥ—without beginning; ādiḥ—the origin; govindaḥ—Lord Govinda; sarva-kāraṇa-kāraṇam—the cause of all causes.,Kṛṣṇa who is known as Govinda is the Supreme Godhead. He has an eternal blissful spiritual body. He is the origin of all. He has no other origin and He is the prime cause of all causes.
260, Krṣṇa-tattva,6.4,Kṛṣṇa the Absolute Truth is One yet He is realised in Three different ways,"vadanti tat tattva-vidas
 tattvaṁ yaj jñānam advayam
 brahmeti paramātmeti
 bhagavān iti śabdyate",SB 1.2.11,vadanti—they say; tat—that; tattva-vidaḥ—the learned souls; tattvam—the Absolute Truth; yat—which; jñānam—knowledge; advayam—nondual; brahma iti—known as Brahman; paramātmā iti—known as Paramātmā; bhagavān iti—known as Bhagavān; śabdyate—it is so declared.,"Great seers of the truth, who understand the nature of the Absolute Truth, describe that non-dual truth in three ways as impersonal Brahman, localized Paramātmā and Bhagavān, the Personality of Godhead."
261, Krṣṇa-tattva,6.5,The one Absolute Truth is conceived of in three ways,"advaya-jñāna tattva-vastu kṛṣṇera svarūpa
 brahma, ātmā, bhagavān—tina tāṅra rūpa",CC Adi 2.65,advaya-jñāna—knowledge without duality; tattva-vastu—the Absolute Truth; kṛṣṇera—of Lord Kṛṣṇa; sva-rūpa—own nature; brahma—Brahman; ātmā—Paramātmā; bhagavān—the Supreme Personality of Godhead; tina—three; tāṅra—of Him; rūpa—forms.,"Lord Kṛṣṇa Himself is the one undivided Absolute Truth, the ultimate reality. He manifests Himself in three features—as Brahman, Paramātmā and Bhagavān."
262, Krṣṇa-tattva,6.6,Kṛṣṇa is source of all Avatāras,"rāmādi-mūrtiṣu kalā-niyamena tiṣṭhan
 nānāvatāram akarod bhuvaneṣu kintu
 kṛṣṇaḥ svayaṁ samabhavat paramaḥ pumān yo
 govindam ādi-puruṣaṁ tam ahaṁ bhajāmi",Śrī Brahmā-saṁhitā  5.39,"aham bhajāmi—I perform bhajana; tam—of that; ādi-puruṣam govindam—original Supreme Person, Śrī Govinda; yaḥ—who; paramaḥ pumān—is the Supreme Person; kalā-niyamena—through His forms of expanded plenary portions (svāṁśa-kalā); akarot—He performed; nānā-avatāram—many variegated descents as avatāra; tiṣṭhan—remaining; bhuvaneṣu—within the many material universes; rāmādi-mūrtiṣu—in the forms of Śrī Rāmacandra etc; kintu—however; kṛṣṇaḥ—as Śrī Kṛṣṇa; svayam—He Himself personally; samabhavat—descended.","I worship Govinda, the primeval Lord, who manifested Himself personally as Kṛṣṇa and the different avatāras in the world in the forms of Rāma, Nṛsiṁha, Vāmana, etc., as His subjective portions."
263, Krṣṇa-tattva,6.7,Kṛṣṇa is the Supreme master – all others are His servants,"ekale īśvara kṛṣṇa, āra saba bhṛtya
 yāre yaiche nācāya, se taiche kare nṛtya",CC Adi 5.142,ekale—alone; īśvara—the Supreme Personality of Godhead; kṛṣṇa—Kṛṣṇa; āra—others; saba—all; bhṛtya—servants; yāre—unto whom; yaiche—as; nācāya—He causes to dance; se—He; taiche—in that way; kare nṛtya—dances.,"Lord Kṛṣṇa alone is the supreme controller, and all others are His servants. They dance as He makes them do so."
264, Krṣṇa-tattva,6.8,,"keha māne, kehā nā māne, saba taṅra dāsa
 ye nā māne, tāra haya sei pāpe nāśa",CC Ādi 6.85,keha māne—someone accepts; keha nā māne—someone does not accept; saba tāṅra dāsa—all His servants; ye nā māne—one who does not accept; tāra—of him; haya—there is; sei—that; pāpe—in sinful activity; nāśa—annihilation.,"Some accept Him whereas others do not, yet everyone is His servant. One who does not accept Him will be ruined by his sinful activities."
265, Krṣṇa-tattva,6.9,"Nothing is superior to Kṛṣṇa, everything and everybody is dependent on Him like pearls on a thread","mattaḥ parataraṁ nānyat / kiñcid asti dhanañjaya
 mayi sarvam idaṁ protaṁ / sūtre maṇi-gaṇā iva",BG 7.7,"dhanañjaya—O winner of wealth, Arjuna; na asti—there does not exist; kiñcit—anything; anyat—else; parataraṁ—greater; mattaḥ—than Me; sarvam—all; idam—this universe; protam—is dependent; mayi—on Me; iva—as; maṇi-gaṇāḥ—jewels; sūtre—(strung) on a thread.","O Dhanañjaya, there is no Truth superior to Me. Everything is dependent on Me, resting upon Me, as pearls are strung on a thread."
266, Krṣṇa-tattva,6.1,"Kṛṣṇa is the supreme enjoyer, controller and well-wisher","bhoktāraṁ yajña-tapasāṁ / sarva-loka-maheśvaram
 suhṛdaṁ sarva-bhūtānāṁ / jñātvā māṁ śāntim ṛcchati",BG 5.29,bhoktāram—the beneficiary; yajña—of sacrifices; tapasām—and penances and austerities; sarva-loka—of all planets and the demigods thereof; mahā-īśvaram—the Supreme Lord; su-hṛdam—the benefactor; sarva—of all; bhūtānām—the living entities; jñātvā—thus knowing; mām—Me; śāntim—relief from material pangs; ṛcchati—one achieves.,"A person in full consciousness of Me, knowing Me to be the ultimate enjoyer of all sacrifices and austerities, the Supreme Lord and controller of all planets and demigods, and the benefactor and well-wisher of all living entities, attains peace from the pangs of material miseries."
267, Krṣṇa-tattva,6.11,,"ahaṁ hi sarva-yajñānāṁ / bhoktā ca prabhur eva ca
 na tu mām abhijānanti / tattvenātaś cyavanti te",BG 9.24,aham—I; hi—surely; sarva—of all; yajñānām—sacrifices; bhoktā—the enjoyer; ca—and; prabhuḥ—the Lord; eva—also; ca—and; na—not; tu—but; mām—Me; abhijānanti—they know; tattvena—in reality; ataḥ—therefore; cyavanti—fall down; te—they.,"I am the only enjoyer and master of all sacrifices. Therefore, those who do not recognize My true transcendental nature fall down."
268, Krṣṇa-tattva,6.12,Kṛṣṇa is everyone's maintainer and provider,"nityo nityānāṁ cetanaś cetanānām
 eko bahūnāṁ yo vidadhāti kāmān",Kaṭha Upaniṣad 2.2.13,nityaḥ—the singular eternal; nityānām—of the plural eternals; cetanaḥ—the singular conscious being; cetanānām—of the plural conscious beings; ekaḥ—that one; bahūnām—of the many; yaḥ—He who; vidadhati—supplies; kāmān—all desires or necessities of life.,"He is the chief eternal Being among all eternal beings, and the supreme conscious Being among all conscious beings. That one Supreme fulfills the desires of all the many and provides them with everything they need."
269, Krṣṇa-tattva,6.13,The meaning of Nārāyaṇa,"nāra'-śabde kahe sarva jīvera nicaya
 'ayana'-śabdete kahe tāhāra āśraya",CC Ādi 2.38,nāra-śabde—by the word nāra; kahe—one means; sarva jīvera—of all living entities; nicaya—the assemblage; ayana-śabdete—by the word ayana; kahe—one means; tāhāra—of them; āśraya—the refuge.,"""The word 'nāra' refers to the aggregate of all the living beings and the word 'ayana' refers to the refuge of them all."" Thus the name 'Nārāyaṇa' means he who gives shelter to all jīvas in this shelter-less world."
270, Krṣṇa-tattva,6.14,The definition of Bhagavān,"aiśvaryasya samagrasya / vīryasya yaśasaḥ śriyaḥ
 jñāna-vairāgyayoś caiva / ṣaṇṇāṁ bhagam itīṅganā",Viṣnu Purana 6.5.47,"aiśvaryasya—of opulence or wealth; samagrasya—in full; vīryasya—of strength, power; yaśasaḥ—of fame; śriyaḥ—of beauty; jñāna—of knowledge; vairāgyayoḥ—and of renunciation; ca—and; eva—certainly; ṣaṇṇam—of the six; bhaga—opulence; iti—thus; iṅgaṇa—the division.","""Bhagavān is He who possesses all opulences in full: all beauty, all fame, all wealth, all strength, all knowledge, all renunciation – all these qualities are manifested in Bhagavān to the fullest extent."""
271, Krṣṇa-tattva,6.15,Kṛṣṇa is the source of all knowledge,"sarvasya cāhaṁ hṛdi sanniviṣṭo
 mattaḥ smṛtir jñānam apohanañ ca
 vedaiś ca sarvair aham eva vedyo
 vedānta-kṛd veda-vid eva cāham",BG 15.15,sarvasya—of all living beings; ca—and; aham—I; hṛdi—in the heart; sanniviṣṭaḥ—situated; mattaḥ—from Me; smṛtiḥ—remembrance; jñānam—knowledge; apohanam—forgetfulness; ca—and; vedaiḥ—by the Vedas; ca—also; sarvaiḥ—all; aham—I am; eva—certainly; vedyaḥ—knowable; vedānta-kṛt—the compiler of the Vedānta; veda-vit—the knower of the Vedas; eva—certainly; ca—and; aham—I.,"I am seated in everyone's heart, and from Me come remembrance, knowledge and forgetfulness. By all the Vedas, I am to be known. Indeed, I am the compiler of Vedānta, and I am the knower of the Vedas."
272, Krṣṇa-tattva,6.16,Kṛṣṇa is the source of the impersonal Brahman,"brahmaṇo hi pratiṣṭhāham / amṛtasyāvyayasya ca
 śāśvatasya ca dharmasya / sukhasyaikāntikasya ca",BG 14.27,brahmaṇaḥ—of the impersonal brahmajyoti; hi—certainly; pratiṣṭhā—the basis; aham—I am; amṛtasya—of the immortal; avyayasya—of the imperishable; ca—also; śāśvatasya—of the eternal; ca—and; dharmasya—of the constitutional position; sukhasya—of happiness; aikāntikasya—ultimate; ca—also.,"I alone am the basis of that nirviśeṣa-brahma and the sole refuge of everlasting immortality, eternal dharma and the transcendental bliss of prema arising from aikāntika-bhakti."
273, Krṣṇa-tattva,6.17,Kṛṣṇa's effulgence is the source of Brahman,"yasya prabhā prabhavato jagad-aṇḍa-koṭi-
 koṭiṣv aśeṣa-vasudhādi vibhūti-bhinnam
 tad brahma niṣkalam anantam aśeṣa-bhūtaṁ
 govindam ādi-puruṣaṁ tam ahaṁ bhajāmi",Śrī Brahmā-saṁhitā  40,yasya—of whom; prabhā—the effulgence; prabhavataḥ—of one who excels in power; jagat-aṇḍa—of universes; koṭi-koṭiṣu—in millions and millions; aśeṣa—unlimited; vasudhā-ādi—with planets and other manifestations; vibhūti—with opulences; bhinnam—becoming variegated; tat—that; brahma—Brahman; niṣkalam—without parts; anantam—unlimited; aśeṣa-bhūtam—being complete; govindam—Govinda; ādi-puruṣam—the original person; tam—Him; aham—I; bhajāmi—worship.,"""I worship Govinda, the primeval Lord, whose effulgence is the source of the nondifferentiated Brahman mentioned in the Upaniṣads, being differentiated from the infinity of glories of the mundane universe and appearing as the indivisible, infinite, limitless, truth."""
274, Krṣṇa-tattva,6.18,The sādhaka considers Brahman realisation an obstacle to bhakti,"hiraṇmayena pātreṇa / satyasyāpihitaṁ mukham
 tat tvaṁ pūṣann apāvṛṇu / satya-dharmāya dṛṣṭaye",Śrī Īśopaniṣad 15,hiraṇmayena—by a golden effulgence; pātreṇa—by a dazzling covering; satyasya—of the Supreme Truth; apihitam—covered; mukham—the face; tat—that covering; tvam—Yourself; pūṣan—O sustainer; apāvṛṇu—kindly remove; satya—pure; dharmāya—unto the devotee; dṛṣṭaye—for exhibiting.,"O my Lord, sustainer of all that lives, Your real face is covered by Your dazzling effulgence. Kindly remove that covering and exhibit Yourself to Your pure devotee."
275, Krṣṇa-tattva,6.19,The Paramātma feature,"kecit sva-dehāntar-hṛdayāvakāśe prādeśa-mātraṁ puruṣaṁ vasantam
 catur-bhujaṁ kañja-rathāṅga-śaṅkha-gadā-dharaṁ dhāraṇayā smaranti",SB 2.2.8,"kecit—others; sva-deha-antaḥ—within the body; hṛdaya-avakāśe—in the region of the heart; prādeśa-mātram—measuring only eight inches; puruṣam—the Personality of Godhead; vasantam—residing; catuḥ-bhujam—with four hands; kañja—lotus; ratha-aṅga—wheel, Cakra; śaṅkha—conchshell; gadā-dharam—and with a club in the hand; dhāraṇayā—conceiving in that way; smaranti—do meditate upon Him.","""Others conceive of the Personality of Godhead residing within the body in the region of the heart and measuring only eight inches, with four hands carrying a lotus, a Cakra, a conch-shell and a club respectively."""
276, Krṣṇa-tattva,6.2,,"ananta sphaṭike yaiche eka sūrya bhāse
 taiche jīve govindera aṁśa prakāśe",CC Ādi 2.19,ananta—unlimited; sphaṭike—in crystals; yaiche—just as; eka—one; sūrya—sun; bhāse—appears; taiche—just so; jīve—in the living entity; govindera—of Govinda; aṁśa—portion; prakāśe—manifests.,"As the one sun appears reflected in countless jewels, so Govinda manifests Himself [as Paramātmā] in the hearts of all living beings."
277, Krṣṇa-tattva,6.21,Brahman and Paramātma are but partial aspects of Bhagavān Śrī Kṛṣṇa,"kṛṣṇāṁṣaḥ paramātmā vai brahma taj-jyotir eva ca
 paravyomādhipas tasyaiśvarya-mūrtir na saṁśayaḥ",Daśa-mūla tattva,,"Śrī Kṛṣṇa is the only Lord. Paramātmā is His part and Brahman His effulgence. Śrī Nārāyaṇa in Vaikuṇṭha is the majestic (aiśvarya) manifestation of Śrī Kṛṣṇa. The Veda and other scriptures clearly show this, clearing all doubt."
278, Krṣṇa-tattva,6.23,Kṛṣṇa inspires the jīvas with various conceptions of Himself,"tam imam aham ajaṁ śarīra-bhājāṁ
 hṛdi hṛdi dhiṣṭhitam ātma-kalpitānām
 pratidṛśam iva naikadhārkam ekaṁ
 samadhi-gato 'smi vidhūta-bheda-mohaḥ",SB-1.9.42,tam—that Personality of Godhead; imam—now present before me; aham—I; ajam—the unborn; śarīra-bhājām—of the conditioned soul; hṛdi hṛdi—in the heart of hearts; dhiṣṭhitam—situated; ātma—the Supersoul; kalpitānām—of the speculators; pratidṛśam—in every direction; iva—like; na ekadhā—not one; arkam—the sun; ekam—one only; samadhi-gataḥ asmi—I have undergone trance in meditation; vidhūta—being freed from; bheda-mohaḥ—misconception of duality.,"Now I am enetring into the stage of trance and in this satge my mind is being completely cleansed of all duality. Now I am realising that it is You, Kṛṣṇa, who is actually in the heart of every living being. You are insdie and outside of everything and everyone, and although You are One, it is You who inspires them with their various conceptions of You, just as the sun, although one, may be perceived differently by different people."
279, Krṣṇa-tattva,6.24,Kṛṣṇa does not manifest His personal form to all,"nāhaṁ prakāśaḥ sarvasya
 yoga-māyā-samāvṛtaḥ
 mūḍho 'yaṁ nābhijānāti
 loko mām ajam avyayam",BG 7.25,na—nor; aham—I; prakāśaḥ—manifest; sarvasya—to everyone; yoga-māyā—by internal potency; samāvṛtaḥ—covered; mūḍhaḥ—foolish; ayam—these; na—not; abhijānāti—can understand; lokaḥ—persons; mām—Me; ajam—unborn; avyayam—inexhaustible.,"I am never manifest to the foolish and unintelligent. For them I am covered by My internal potency, and therefore they do not know that I am unborn and infallible."
280, Krṣṇa-tattva,6.25,"""Fools deride Me when I descend in the human form""","avajānanti māṁ mūḍhā / mānuṣīṁ tanum āśritam
 paraṁ bhāvam ajānanto / mama bhūta-maheśvaram",BG 9.11,avajānanti—deride; mām—Me; mūḍhāḥ—foolish men; mānuṣīm—in a human form; tanum—a body; āśritam—assuming; param—transcendental; bhāvam—nature; ajānantaḥ—not knowing; mama—My; bhūta—of everything that be; mahā-īśvaram—the supreme proprietor.,Fools deride Me when I descend in the human form. They do not know My transcendental nature as the Supreme Lord of all that be.
281, Krṣṇa-tattva,6.26,Kṛṣṇa's body is not material,"ajo 'pi sann avyayātmā
 bhūtānām īśvaro 'pi san
 prakṛtiṁ svām adhiṣṭhāya
 sambhavāmy ātma-māyayā",SBG 4.6,ajaḥ—unborn; api—although; san—being; avyaya-ātmā—(and having) an imperishable body; bhūtānām—of (all) beings; iśvaraḥ—the Lord; san—being; api—although; prakṛtim—nature; svām—My original; adhiṣṭhāya—situated; sambhavāmi—I fully manifest; ātma-māyayā—by My mystic potency.,"""Although I am unborn, imperishable and the controller of all living entities, I appear by My Yogamāyā potency in My original sac-cid-ānanda-svarūpa."""
282, Krṣṇa-tattva,6.27,Kṛṣṇa's birth and activities are transcendental,"janma karma ca me divyam / evaṁ yo vetti tattvataḥ
 tyaktvā dehaṁ punar janma / naiti mām eti so 'rjuna",BG 4.9,janma—birth; karma—work; ca—also; me—of Mine; divyam—transcendental; evam—like this; yaḥ—anyone who; vetti—knows; tattvataḥ—in reality; tyaktvā—leaving aside; deham—this body; punaḥ—again; janma—birth; na—never; eti—does attain; mām—unto Me; eti—does attain; saḥ—he; arjuna—O Arjuna.,"One who knows the transcendental nature of My appearance and activities does not, upon leaving the body, take his birth again in this material world, but attains My eternal abode, O Arjuna."
283, Krṣṇa-tattva,6.28,"All incarnations are included in Kṛṣṇa, the Avatārī (source of all incarnations)","pūrṇa bhagavān avatare yei kāle
 āra saba avatāra tāṅte āsi' mile",CC Ādi 4.10,pūrṇa—full; bhagavān—the Supreme Personality of Godhead; avatare—incarnates; yei—that; kāle—at the time; āra—other; saba—all; avatāra—incarnations; tāṅte—in Him; āsi'—coming; mile—meet.,"When the complete Supreme Personality of Godhead descends, all other incarnations of the Lord meet together within Him."
284, Krṣṇa-tattva,6.29,Viṣṇu is an incarnation of Kṛṣṇa,"nārāyaṇa, catur-vyūha, matsyādy-avatāra
 yuga-manvantarāvatāra, yata āche āra
 sabe āsi' kṛṣṇa-aṅge haya avatīrṇa
 aiche avatāre kṛṣṇa bhagavān pūrṇa",CC Ādi 4.11-12,nārāyaṇa—Lord Nārāyaṇa; catuḥ-vyūha—the four expansions; matsya-ādi—beginning with Matsya; avatāra—the incarnations; yuga-manv-antara-avatāra—the yuga and manv-antara incarnations; yata—as many as; āche—there are; āra—other; sabe—all; āsi'—coming; kṛṣṇa-aṅge—in the body of Lord Kṛṣṇa; haya—are; avatīrṇa—incarnated; aiche—in this way; avatare—incarnates; kṛṣṇa—Lord Kṛṣṇa; bhagavān—the Supreme Personality of Godhead; pūrṇa—full.,"Lord Nārāyaṇa, the four primary expansions [Vāsudeva, Saṅkarṣaṇa, Pradyumna and Aniruddha], Matsya and the other līlā incarnations, the yuga-avatāras, the manv-antara incarnations and as many other incarnations as there are—all descend in the body of Lord Kṛṣṇa. In this way the complete Supreme Godhead, Lord Kṛṣṇa Himself, appears."
285, Krṣṇa-tattva,6.3,It is not Kṛṣṇa who kills the demons but His expansion Vīṣṇu who is present within Him,"ataeva viṣṇu takhana kṛṣṇera śarīre
 viṣṇu-dvāre kare kṛṣṇa asura-saṁhāre",CC Ādi 4.13,ataeva—therefore; viṣṇu—Lord Viṣṇu; takhana—at that time; kṛṣṇera—of Lord Kṛṣṇa; śarīre—in the body; viṣṇu-dvāre—by Lord Viṣṇu; kare—does; kṛṣṇa—Lord Kṛṣṇa; asura-saṁhāre—killing the demons.,"At that time, therefore, Lord Viṣṇu is present in the body of Lord Kṛṣṇa, and Lord Kṛṣṇa kills the demons through Him."
286, Krṣṇa-tattva,6.31,The Absolute Truth is Vrajendra-nandana Śrī Kṛṣṇa,"kṛṣṇera svarūpa-vicāra śuna, sanātana
 advaya-jñāna-tattva, vraje vrajendra-nandana",CC Mad 20.152,kṛṣṇera—of Lord Kṛṣṇa; svarūpa-vicāra—consideration of the eternal form; śuna—please hear; sanātana—My dear Sanātana; advaya-jñāna-tattva—the Absolute Truth without duality; vraje—in Vṛndāvana; vrajendra-nandana—the son of Nanda Mahārāja.,"""O Sanātana, please hear about the eternal form of Śrī Kṛṣṇa. He is the Absolute Truth, devoid of duality, and He is present in Vṛndāvana as the son of Nanda Mahārāja."""
287, Krṣṇa-tattva,6.32,Svayaṁ bhagavān Śrī kṛṣṇa is the reservoir of all rasa,"svayaṁ bhagavān kṛṣṇa—sarvāṁśī, sarvāśraya
 viśuddha-nirmala-prema, sarva-rasamaya",CC Mad 15.139,svayaṁ bhagavān kṛṣṇa—Lord Kṛṣṇa is the Supreme Personality of Godhead; sarva-aṁśī—the source of all others; sarva-āśraya—the reservoir of all energies; viśuddha—transcendental; nirmala—free from all material contamination; prema—ecstatic transcendental love; sarva-rasa-maya—the reservoir of all rasa.,"""Kṛṣṇa the Supreme Personality of Godhead (svayaṁ bhagavān), is the origin of all incarnations and the source of everything. He is pure transcendental love itself, and He is the reservoir of all rasa."""
288, Krṣṇa-tattva,6.33,"Kṛṣṇa the Absolute Truth, the possessor of all potencies, is also an Ocean of Rasa",āmnāyaḥ prāha tattvaṁ harim iha paramaṁ sarva-śaktiṁ rasābdhiṁ,Daśa mūla,āmnāyaḥ—the Vedas; prāha—proclaim; tattvaṁ—Absolute Truth; harim—Śrī Hari; iha—here; paramaṁ—the Supreme; sarva-śaktiṁ—the possessor of all potencies; rasābdhiṁ—an ocean of rasa.,The Vedas proclaim that Śrī Hari (Kṛṣṇa) alone is the Supreme Absolute Truth. He is the possessor of all potencies and He is the ocean of nectarean rasa (the mellows of love).
289, Krṣṇa-tattva,6.34,Kṛṣṇa's madhurya form,"sakala-sadguṇa-vṛnda-ratna-ratnākara
 vidagdha, catura, dhīra, rasika-śekhara",CC Madhya 15.140,sakala—all; sat-guṇa—transcendental qualities; vṛnda—multitude; ratna—of gems; ratna-ākara—the mine; vidagdha—clever in amorous affairs; catura—expert; dhīra—sober; rasika-śekhara—supreme enjoyer of rasa.,"Kṛṣṇa is the reservoir of all transcendental qualities. He is like a mine of gems. He is expert at amorous affairs, very intelligent and sober, and He is the summit of all transcendental rasa."
290, Krṣṇa-tattva,6.35,,"madhura-caritra kṛṣṇera madhura-vilāsa
 cāturya-vaidagdhya kare yāṅra līlā-rasa",CC Madhya 15.141,madhura-caritra—pleasing character; kṛṣṇera—of Lord Kṛṣṇa; madhura-vilāsa—melodious pastimes; cāturya—expertise; vaidagdhya—expert in amorous love; kare—manifests; yāṅra—whose; līlā—of pastimes; rasa—mellows.,"His character is very sweet, and His pastimes are sweeter than sweet. He is expert in amorous affairs, and thus He enjoys all His rasa-filled pastimes."
291, Krṣṇa-tattva,6.36,Kṛṣṇa's madhurya form is the supreme transcendental form,"kṛṣṇera yateka khelā, sarvottama nara-līlā,
 nara-vapu tāhāra svarūpa
 gopa-veśa, veṇu-kara, nava-kiśora, naṭa-vara,
 nara-līlāra haya anurūpa",CC Mad 21.101,kṛṣṇera—of Lord Kṛṣṇa; yateka—all; khelā—pastimes; sarva-uttama—the most attractive of all; nara-līlā—the pastimes as a human being; nara-vapu—a body just like that of a human being; tāhāra—of that; svarūpa—the real form; gopa-veśa—the dress of a cowherd boy; veṇu-kara—with a flute in the hands; nava-kiśora—newly youthful; naṭa-vara—an expert dancer; nara-līlāra—for exhibiting the pastimes as a human being; haya—is; anurūpa—suitable.,"Lord Kṛṣṇa has many pastimes, of which His pastimes as a human being are the best. His form as a human being is the supreme transcendental form. In this form He is a cowherd boy. He carries a flute in His hand, and His youth is ever-new. He is also an expert dancer. All this is just suitable for His pastimes as a human being."
292, Krṣṇa-tattva,6.37,Kṛṣṇa never leaves Vṛndāvana,"vṛndāvanaṁ parityajya
 naiva gacchāmy ahaṁ kvacit
 nivasāmy anayā sārdhaṁ
 aham atraiva sarvadā",Śrī Sanatkumara saṁhita,vṛndāvanam—Vṛndāvana; parityajya—leaving; na—not; eva—indeed; gacchāmi—go; aham—I; kvacit—anyplace; nivasāmi—I stay; anayā—Her; sārdham—with; aham—I; atra—here; eva—indeed; sarvadā—always.,"I never take even a single step out of Vṛndāvana. Accompanied by Śrī Rādhā, I stay here eternally."
293, Krṣṇa-tattva,6.38,vṛndāvanam parityajya padam ekam na gacchati,vṛndāvanam parityajya padam ekam na gacchati,,,Kṛṣṇa never takes a step out of Vṛndāvana.
294, Krṣṇa-tattva,6.39,,"kṛṣṇo 'nyo yadu-sambhūto
 yaḥ pūrṇaḥ so 'sty ataḥ paraḥ (or:) yas tu gopendra-nandanaḥ
 vṛndāvanaṁ parityajya
 sa kvacin naiva gacchati",Laghu-bhāgavatāmṛta 1.5.461,"kṛṣṇaḥ—Lord Kṛṣṇa; anyaḥ—another (Lord Vāsudeva); yadu-sambhūtaḥ—born in the Yadu dynasty; yaḥ—who; pūrṇaḥ—the full Supreme Personality of Godhead, Kṛṣṇa; saḥ—He; asti—is; ataḥ—than Him (Vāsudeva); paraḥ—different; vṛndāvanam—the place Vṛndāvana; parityajya—giving up; saḥ—He; kvacit—at any time; na eva gacchati—does not go.","The Kṛṣṇa known as Yadu-kumāra is Vāsudeva Kṛṣṇa. He is different from the Kṛṣṇa who is the son of Nanda Mahārāja. Yadu-kumāra Kṛṣṇa manifests His pastimes in the cities of Mathurā and Dvārakā, but Kṛṣṇa the son of Nanda Mahārāja never at any time leaves Vṛndāvana."
295, Krṣṇa-tattva,6.4,,śyāmāc chabalaṁ prapadye śabalāc chyāmaṁ prapadye,Chāndogya Up. 8.13.1,,"By rendering sevā to Śyāma, one attains His transcendental abode, which is full of spiritual bliss and astonishing, variegated līlās; and within that supreme spiritual abode, one attains His eternal shelter."
296, Krṣṇa-tattva,6.41,"After the brahmā-vimohana-lilā, Brahmā offered this prayer to Kṛṣṇa:","naumīḍya te 'bhra-vapuṣe taḍid-ambarāya
 guñjāvataṁsa-paripiccha-lasan-mukhāya
 vanya-sraje kavala-vetra-viṣāṇa-veṇu-
 lakṣma-śriye mṛdu-pade paśupāṅgajāya",SB 10.14.1,"śrī-brahmā uvāca—Lord Brahmā said; naumi—I offer praise; īḍya—O most worshipable one, my Iṣṭadeva; te—unto You; abhra—like a dark cloud; vapuṣe—whose body; taḍit—like lightning; ambarāya—whose garment; guñjā—made of small berries [guñjā berries symbolize Rādhikā]; avataṁsa—with ornaments (for the ears); paripiccha—and peacock feathers; lasat—resplendent; mukhāya—whose face; vanya-sraje—wearing garlands of forest flowers; kavala—a morsel of food; vetra—a stick; viṣāṇa—a buffalo-horn bugle; veṇu—and a flute; lakṣma—characterized by; śriye—whose beauty; mṛdu—soft; pade—whose feet; paśu-pa—of the cowherd (Nanda Mahārāja or Vṛṣabhanu Mahārāja); aṅga-jāya—unto the son [or daughter].","""O Lord, You are fit to receive the worship of the entire universe. O son of the king of cowherds, Your transcendental body is dark blue like a new cloud, Your garment is brilliant like lightning, and the beauty of Your face is enhanced by Your guñja earrings and the peacock feather on Your head. Wearing garlands of various forest flowers and leaves, and equipped with a herding stick, a buffalo horn, a flute, and a morsel of grain mixed with yogurt in Your hand, You are most attractive. Your lotus feet are very soft. I offer my prayers unto You."""
297, Krṣṇa-tattva,6.42,The Dvija-patnīs of Mathurā prayed as follows:,"śyāmaṁ hiraṇya-paridhiṁ vanamālya-barha-
 dhātu-pravāla-naṭa-veṣam anuvratāṁse
 vinyasta-hastam itareṇa dhunānam abjaṁ
 karṇotpalālaka-kapola-mukhābja-hāsam",SB 10.23.22,śyāmam—dark blue in complexion; hiraṇya—golden; paridhim—whose garment; vana-mālya—with a forest garland; barha—peacock feather; dhātu—colored minerals; pravāla—and sprigs of buds; naṭa—like a dancer upon the stage; veṣam—dressed; anuvrata—of a friend; aṁse—upon the shoulder; vinyasta—placed; hastam—His hand; itareṇa—with the other; dhunānam—twirling; abjam—a lotus; karṇa—upon His ears; utpala—lilies; alaka-kapola—with hair extending over His cheeks; mukha-abja—upon His lotuslike face; hāsam—having a smile.,"""He is dark-complexioned like a fresh raincloud, and His yellow cloth, which defeats the splendour of gold, shimmers against His body. His head is decorated with a peacock feather, and every part of His body is ornamented with designs that are drawn with various coloured minerals. Sprigs of new leaves adorn His body, and around His neck is an enchanting forest-flower garland of five colours. Dressed in this way, He appears as a fresh, youthful, expert dancer. He rests one hand upon His sakhā's shoulder and with the other He twirls a pastime lotus. His ears are decorated with earrings, curly locks of hair splash against His cheeks, and His lotus face blossoms with a gentle smile."
298, Krṣṇa-tattva,6.44,Śrī Caitanya Mahāprabhu glorified Kṛṣṇa at the Ratha-Yātrā,"namo brahmaṇya-devāya
 go-brāhmaṇa-hitāya ca
 jagad-dhitāya kṛṣṇāya
 govindāya namo namaḥ",Viṣṇu Purāṇa 1.19.65,namaḥ—all obeisances; brahmaṇya-devāya—to the Lord worshipable by persons in brahminical culture; go-brāhmaṇa—for cows and brāhmaṇas; hitāya—beneficial; ca—also; jagat-hitāya—to one who always is benefiting the whole world; kṛṣṇāya—unto Kṛṣṇa; govindāya—unto Govinda; namaḥ namaḥ—repeated obeisances.,"Let me offer my respectful obeisances unto Lord Kṛṣṇa, who is the worshipable Deity for all brahminical men, who is the well-wisher of cows and brāhmaṇas, and who is always benefiting the whole world. I offer my repeated obeisances to the Personality of Godhead, known as Kṛṣṇa and Govinda."
299, Krṣṇa-tattva,6.45,,"yat-kīrtanaṁ yat-smaraṇaṁ yad-īkṣaṇaṁ
 yad-vandanaṁ yac-chravaṇaṁ yad-arhaṇam
 lokasya sadyo vidhunoti kalmaṣaṁ
 tasmai subhadra-śravase namo namaḥ",SB 2.4.15,yat—whose; kīrtanam—glorification; yat—whose; smaraṇam—remembrances; yat—whose; īkṣaṇam—audience; yat—whose; vandanam—prayers; yat—whose; śravaṇam—hearing about; yat—whose; arhaṇam—worshiping; lokasya—of all people; sadyaḥ—forthwith; vidhunoti—specifically cleanses; kalmaṣam—effects of sins; tasmai—unto Him; subhadra—all-auspicious; śravase—one who is heard; namaḥ—my due obeisances; namaḥ—again and again.,"Let me offer my respectful obeisances unto the all-auspicious Śrī Kṛṣṇa, about whom glorification, remembrances, audience, prayers, hearing and worship can at once cleanse the effects of all sins of the performer."
300, Krṣṇa-tattva,6.46,Kṛṣṇa awards a divine destination even to His enemies,"aho bakī yaṁ stana-kāla-kūṭaṁ
 jighāṁsayāpāyayad apy asādhvī
 lebhe gatiṁ dhātry-ucitāṁ tato 'nyaṁ
 kaṁ vā dayāluṁ śaraṇaṁ vrajema",SB 3.2.23,"aho—how wonderful; bakī—Pūtanā, the sister of Bakāsura; yam—whom; stana—on the two breasts; kāla-kūṭam—the deadly poison; jighāṁsayā—with a desire to kill; apāyayat—forced to drink; api—although; asādhvī—dangerously inimical to Kṛṣṇa; lebhe—achieved; gatim—the destination; dhātrī—for a nurse; ucitām—suitable; tataḥ—than Him; anyam—other; kam—to whom; vā—or; dayālum—the most merciful; śaraṇam—shelter; vrajema—shall take.","How astonishing! When Pūtana, the wicked sister of Bakāsura, tried to kill child Kṛṣṇa by offering Him deadly poison on her breast, He bestowed upon her the position of His nursemaid. Could I ever have as merciful a shelter as that of Lord Kṛṣṇa?"
301, Krṣṇa-tattva,6.47,"How fortunate are the Vrajavāsīs, the Absolute Truth has become their friend","aho bhāgyam aho bhāgyaṁ
 nanda-gopa-vrajaukasām
 yan-mitraṁ paramānandaṁ
 pūrṇaṁ brahma sanātanam",SB 10.14.32,aho—what great; bhāgyam—fortune; aho—what great; bhāgyam—fortune; nanda—of Mahārāja Nanda; gopa—of the other cowherd men; vraja-okasām—of the inhabitants of Vrajabhūmi; yat—of whom; mitram—the friend; parama-ānandam—the supreme bliss; pūrṇam—complete; brahma—the Absolute Truth; sanātanam—eternal.,"How greatly fortunate are Nanda Mahārāja, the cowherd men and all the other inhabitants of Vrajabhūmi! There is no limit to their good fortune, because the Absolute Truth, the source of transcendental bliss, the eternal Supreme Brahman, has become their friend."
302, Krṣṇa-tattva,6.48,The fortune of Mother Yaśodā and Nanda Bābā,"nandaḥ kim akarod brahman
 śreya evaṁ mahodayam
 yaśodā ca mahā-bhāgā
 papau yasyāḥ stanaṁ hariḥ",SB 10.8.46,"śrī-rājā uvāca—Mahārāja Parīkṣit further inquired (from Śukadeva Gosvāmī); nandaḥ—Mahārāja Nanda; kim—what; akarot—performed; brahman—O learned brāhmaṇa; śreyaḥ—auspicious activities, like performing penances and austerities; evam—as exhibited by him; mahā-udayam—from which they achieved the greatest perfection; yaśodā—mother Yaśodā; ca—also; mahā-bhāgā—most fortunate; papau—drank; yasyāḥ—of whom; stanam—the breast milk; hariḥ—the Supreme Personality of Godhead.","[Having heard of the great fortune of mother Yaśodā, Parīkṣit Mahārāja inquired from Śukadeva Gosvāmī:] O learned brāhmaṇa, mother Yaśodā's breast milk was sucked by the Supreme Personality of Godhead. What past auspicious activities did she and Nanda Mahārāja perform to achieve such perfection in ecstatic love?"
303, Krṣṇa-tattva,6.49,"Let me worship Nanda Bābā, in whose courtyard Parama Brahma is crawling","śrutim apare smṛtim itare
 bhāratam anye bhajantu bhava-bhītāḥ
 aham iha nandaṁ vande
 yasyālinde paraṁ brahma",CC Madhya 19.96,"śrutim—Vedic literature; apare—someone; smṛtim—corollary to the Vedic literature; itare—others; bhāratam—the Mahābhārata; anye—still others; bhajantu—let them worship; bhava-bhītāḥ—those who are afraid of material existence; aham—I; iha—here; nandam—Mahārāja Nanda; vande—worship; yasya—whose; alinde—in the courtyard; param brahma—the Supreme Brahman, Absolute Truth.","[Raghupati Upādhyāya recited:] ""Those who are afraid of material existence worship the Vedic literature. Some worship the śrutis and smṛtis, and others worship the Mahābhārata. Let them do so. As far as I am concerned, I will always worship Kṛṣṇa's father, Nanda Bābā, in whose courtyard Parama Brahma, the Absolute Truth, is crawling here and there on His knees."""
304, Krṣṇa-tattva,6.5,Love for Kṛṣṇa in the mood of the Gopīs of Vraja is the supreme love,"śyāmam eva paraṁ rūpaṁ
 purī madhu-purī varā
 vayaḥ kaiśorakaṁ dhyeyam
 ādya eva paro rasaḥ",CC Mad 19.106,"śyāmam—the form of Śyāmasundara; eva—certainly; param—supreme; rūpam—form; purī—the place; madhu-purī—Mathurā, Vraja mandala; varā—best; vayaḥ—the age; kaiśorakam—fresh youth; dhyeyam—always to be meditated on; ādyaḥ—the original transcendental mellow, or conjugal love; eva—certainly; paraḥ—the supreme; rasaḥ—mellow.","The form of Śyāmasundara is the supreme form, Vraja maṇḍala is the supreme abode, Lord Kṛṣṇa's fresh youth should always be meditated upon, and love for Kṛṣṇa in the mood of the gopīs of Vraja is the supreme sentiment."
305, Krṣṇa-tattva,6.51,"Vraja-vipina-candraṁ smara: Remember Śrī Kṛṣṇa, the moon of the forest of Vraja","nava-jaladhara-varṇaṁ campakodbhāsi karṇaṁ
 vikasita-nalinasyaṁ visphuran-manda-hāsyam
 kanaka ruci-dukūlaṁ cāaru-barhāva-cūlaṁ
 kamapi nikhila-sāraṁ naumi gopi-kumāram",Mukunda-muktāvalī 1/,nava—new; jaladhara—cloud; varṇam—color; campaka—campaka flower; udbhasi—shining; karṇam—ear; vikasita—blossoming; nalina—lotus; asyam—face; visphuran—manifesting; manda—gentle; hasyam—smile; kanaka—gold; ruci—splendor; dukulam—garments; caru—beautiful; barha—peacock feather; avaculam—crown; kam api—someone; nikhila—of all; saram—the best; naumi—I praise; gopi—of the gopi; kumaram—the son.,"I worship a gopī's darling son whose complexion is like that of a fresh raincloud, whose attractive ears are decorated with campaka flowers, upon whose charming face a mild smile blossoms like a blooming lotus flower, who wears a yellow garment which resembles the lustre of molten gold, whose head is adorned with a beautiful peacock feather, and who is the quintessence of the three worlds."
306, Krṣṇa-tattva,6.52,Who is an ocean of elegance suitable for the enactment of amorous pastimes,"mukha-jita-śarad-induḥ keli-lāvaṇya-sindhuḥ
 kara-vinihita-kandur ballavī-praṇabandhuḥ
 vapu-rūpa-sṛta-reṇuḥ kakṣa-nikṣipta-veṇur
 vacana-vaśaga-dhenuḥ pātu māṁ nanda-sūnuḥ",Mukunda-muktāvalī 2,mukha—by the face; jita—defeated; śarat—autumn; induḥ—moon; keli—pastimes; lavaṇya—handsomeness; sindhuḥ—ocean; kara—in His hand; vinihita—placed; kanduḥ—a toy ball; ballavī—of the gopis; praṇa—the life; bandhuḥ—friend; vapuḥ—body; upasṛta—placed; reṇuḥ—dust; kakṣa—under His arms; nikṣipta—placed; veṇuḥ—flute; vacana—words; vaśaga—under the control; dhenuḥ—the cows; patu—may protect; mam—me; nanda—of Nanda; sunuḥ—the son.,"May I be protected by that Śrī Nanda-nandana whose face is far more attractive than the autumn moon, who is an ocean of elegance suitable for the enactment of amorous pastimes, whose hands are equipped with a ball for playing games, who is the dearmost friend of the vraja-ramaṇīs, whose body is beautified by the dust raised from the hooves of the cows, whose flute is kept prominently on His left side, and who subdues the cows by His melodious voice."
307, Krṣṇa-tattva,6.53,"Genuine self-dedication is deep attachment to one's Master, considering reward and punishment equally","viracaya mayi daṇḍaṁ dīna-bandho dayāṁ vā
 gatir iha na bhavattaḥ kācid anyā mamāsti
 nipatatu śata-koṭir nirbharam vā navāmbhas
 tad api kila payodaḥ stūyate cātakena",Tri-bhaṅgī-pañcakam (supl. 1),viracaya—please do; mayi—to me; daṇḍam—punishment; dīna-bandho—friend of the wretched and destitute; dayām—mercy; vā—or; gatiḥ—goal; iha—here; na—not; bhavattaḥ—than You; kācit—anything; anyā—else; mama—of me; asti—is; nipatatu—may fall; śata-koṭiḥ—thunderbolt; nirbharam—intense; vā—or; navāmbhaḥ—fresh water; tad api—nevertheless; kila—indeed; payodaḥ—the cloud; stūyate—is prayed to; cātakena—by a cataka bird.,"O Dīnabandho! Whether the clouds pour down a shower of water upon the thirsting cātaka birds or hurl lightning bolts at them, the cātaka birds never tire of propitiating the clouds, for they have no other recourse. Similarly, whether You are merciful to me or punish me, I have no support in this world other than You. You may do as You like."
308, Krṣṇa-tattva,6.54,Śrī Kṛṣṇa's waves of mercy give hope to this hopeless wretch,"pracīnānāṁ bhajanam atulaṁ duṣkaraṁ śṛṇvato me
 nairāśyena jvalati hṛdayaṁ bhakti-leśālasasya
 viśva-drīcīm agha-hara tavākarṇya kāruṇya-vīcīm
 āśā-bindūkṣitam idam upety antare hanta śaityam",Tri-bhaṅgī-pañcakam (supl. 2),pracīnānām—of the great devotees in ancient times; bhajanam—devotional service; atulam—incomparable; duṣkaram—difficult to perform; śṛṇvataḥ—hearing; me—of me; nairāśyśena—with despair; jvalati—burns; hṛdayam—the heart; bhakti—of devotion; leśa—a small portion; alasasya—weak and indolent; viśva-drīcīm—from Brahma down to the most insignificant creature; aghahara—O killer of Aghasura; tava—of You; akarṇya—hearing; karuṇya—of mercy; vīcīm—waves; āśā—of hope; bindu—by a drop; ukṣitam—sprinkled; idam—this; upeti—attains; antare—within; hanta—indeed; śaityam—coolness.,"O slayer of Aghāsura (or the destroyer of sins)! When I hear of the extremely rigorous sādhana and bhajana undertaken by great souls like Śrī Śuka and Mahārāja Ambarīṣa in former times, my heart which is devoid of any trace of bhakti becomes stricken with remorse and hopelessness because such difficult sādhana and bhajana will never be possible for me. Thus I feel that I will never be able to obtain Your lotus feet. But when I see the waves of mercy You have diffused everywhere from Brahmā down to the most heinous sinners, my heart becomes pacified again and instilled with a ray of hope."
309, Krṣṇa-tattva,6.55,Śrī Kṛṣṇa Dhyāna,"barhāpīḍābhirāmaṁ mṛgamada-tilakaṁ kuṇḍalā-krānta-gaṇḍaṁ
 kañjākṣaṁ kambu-kaṇṭhaṁ smita-subhaga-mukhaṁ svādhare nyasta-veṇum
 śyāmaṁ śāntaṁ tri-bhaṅgaṁ ravikara-vasanaṁ bhūṣitaṁ vaijayantyā
 vande vṛndāvanasthaṁ yuvati-śata-vṛṭaṁ brahma gopāla-veśam",SGG p. 9,,"I worship that Parabrahma – whose crown is decorated with a peacock feather, whose large forehead is marked with tilaka of musk and saffron candana, whose fish-shaped earrings cast a shadow upon His charming cheeks which themselves pulverize the pride of sapphire, whose eyes resemble fully-blossomed lotus flowers, whose neck tapers like a conchshell, whose lotus face is graced with a gentle smile, who holds a flute to His bimba fruit-like lips, whose bodily complexion is like that of a fresh monsoon cloud, who is supremely peaceful, who stands in a delightful three-fold bending posture, whose yellow cloth is resplendent like the rays of the sun, who is adorned with a vaijayantī flower garland, who is surrounded on all sides by thousands of gopīs, and who resides in Śrī Dhāma-Vṛndāvana dressed as a cowherd boy."
310, Krṣṇa-tattva,6.56,He is surrounded by cowherd maidens,"kasturī-tilakaṁ lalāṭa-paṭale vakṣaḥ-sthale kaustubhaṁ
 nāsāgre vara-mauktikaṁkaratale veṇuḥ kare kaṅkaṇam
 sarvāṅge hari-candanaṁ sulalitaṁ kaṇṭhe ca muktāvalī
 gopa-strī-pariveṣṭito vijayate gopāla-cūḍāmaṇiḥ",Śrī Gopāla Sahasra nāma 28,,"His forehead is decorated with musk tilaka, upon His chest rests the Kaustubha jewel, an exquisite pearl adorns the tip of His nose, His lotus hand holds the flute, bracelets adorn His wrists, His entire form is anointed with candana, a necklace of pearls graces His very charming neck, and He is surrounded by cowherd maidens – all glories unto He who is the crest jewel of cowherd boys!"
311, Krṣṇa-tattva,6.57,Tri-bhaṅga-lalitam,"vaṁśīnyastāsya-candraṁ smitayutam atulaṁ pīta-vastraṁ vareṇyaṁ
 kañjākṣaṁ sarva-dakṣaṁ nava-ghana-sadṛśaṁ barhacūḍaṁ śaraṇyam
 trai-bhaṅgair bhaṅgimāṅgaṁ vraja-yuvati-yutaṁ dhvasta-keśyādi-śūraṁ
 vande śrī-nanda-sūnuṁ madhura-rasa-tanuṁ dhurya-mādhurya-pūram",sri krishna dyanam,,"I worship Śrī Nanda-nandana, who holds a flute to His lips, whose gentle smile exudes an incomparable brilliance, who is attired in excellent yellow cloth, whose eyes are like lotuses, who is expert in all the arts, whose bodily complexion is like that of a fresh monsoon cloud, whose head is adorned with a peacock-feather crown, who is the shelter for those who are surrendered to Him, who stands in a delightful three-fold bending posture, who is surrounded by the youthful maidens of Vraja, who subdues demons such as Keśī, who is the crest-jewel of infinite sweetnesses, and is the very embodiment of mādhurya-rasa."
312, Krṣṇa-tattva,6.58,He whose handsome form the gopīs worship with sidelong glances,"phullendīvara-kāntim indu-vadanaṁ barhāvataṁsa-priyaṁ
 śrī-vatsāṇkam udāra-kaustubha-dharaṁ pītāmbaraṁ sundaram
 gopīnāṁ nayanotpalārcita-tanuṁ go-gopa-saṅghāvṛtaṁ
 govindaṁ kala-veṇu-vādana-paraṁ divyāṅga-bhūṣaṁ bhaje",Padyāvalī 46 (Śrī Śāradākāra),phulla—blossoming; indivara—of a blue lotus flower; kāntim—the splendor; indu—moon; vadanam—whose face; barha—peacock feather; avataṁsa—crown; priyam—fond; śrīvatsa—of Śrīvatsa; aṅkam—with mark; udāra—large; kaustubha—Kaustubha gem; dharam—wearing; pīta—yellow; ambaram—with garments; sundaram—handsome; gopīnām—of the gopīs; nayana—of the eyes; utpala—with the lotus flowers; arcita—worshiped; tanum—whose transcendental form; go—of surabhi cows; gopa—and the cowherds; saṅgha—with the hosts; āvṛtam—accompanied; govindam—Kṛṣṇa; kala—sweet; veṇu—of the flute; vādana—of music; param—fond; divya—glittering; aṅga—of the body; bhūṣam—with ornaments; bhaje—I worship.,"I worship Govinda, whose complexion is the colour of a blossoming blue lotus flower, whose face is like the moon, who is fond of wearing a peacock feather in His crown, whose chest bears the mark of Śrīvatsa and is adorned with the Kaustubha gem, who is attired in beautiful yellow garments, whose handsome form the gopīs worship with sidelong glances, whose companions are multitudes of cows and gopas, who plays sweet melodies on the flute, and whose body is decorated with glittering ornaments."
313, Krṣṇa-tattva,6.59,Śrī Kṛṣṇa Praṇāma,"namo nalina-netrāya veṇu-vādya-vinodinī
 rādhādhara-sudhā-pāna-śāline vana-māline",Padyāvalī 2,namaḥ—obeisances; nalina—lotus flowers; netrāya—eyes; veṇu—flute; vādya—music; vinodinī—pastimes; rādhā—of Śrīmatī Rādhārāṇī; adhara—of the lips; sudhā—nectar; pāna—drinking; śāline—expert; vana-māline—wearing a garland of forest flowers.,"To Śrī Kṛṣṇa, whose eyes are beautiful as lotus flowers, who delights in playing the flute, who drinks the nectar of Śrī Rādhā's lips, and who is garlanded with forest flowers, I offer respectful obeisances."
314, Krṣṇa-tattva,6.6,,"kṛṣṇāya vāsudevāya / haraye paramātmane
 praṇata-kleśa-nāśāya / govindāya namo namaḥ",Śrīmad Bhāgavatam 10.73.16,"kṛṣṇāya—to Kṛṣṇa; vāsudevāya—the son of Vasudeva; haraye—the Supreme Lord, Hari; parama-ātmane—the Supersoul; praṇata—of those who have surrendered; kleśa—of the distress; nāśāya—to the destroyer; govindāya—to Govinda; namaḥ namaḥ—repeated obeisances.","Time and again I offer praṇāmas unto Śrī Kṛṣṇa who is the son of Vasudeva, the remover of His devotees' material attachments."
315, Krṣṇa-tattva,6.61,,"kṛṣṇāya vāsudevāya / devakī-nandanāya ca
 nanda-gopa-kumārāya / govindāya namo namaḥ",SB 1.8.21,"kṛṣṇāya—the Supreme Lord; vāsudevāya—unto the son of Vasudeva; devakī-nandanāya—unto the son of Devakī; ca—and; nanda-gopa—Nanda and the cowherd men; kumārāya—unto their son; govindāya—unto Śrī Govinda, who enlivens the cows and the senses; namaḥ—obeisances; namaḥ—obeisances.","Let me therefore offer my respectful obeisances unto the Lord, who has become the son of Vasudeva, the pleasure of Devakī, the boy of Nanda and the other cowherd men of Vṛndāvana, and the enlivener of the cows and the senses."
316, Krṣṇa-tattva,6.62,Śrī Kṛṣṇa Vandanā,"rādhikā-vadana-candra-cakoraḥ / sarva-ballava-vadhū-dhṛti-cauraḥ
 carcarī caturatāñcita-cārī / cāruto jayati kuñja-bihārī",Śrī Kuñja Bihāri aṣṭakam 2,,"All glories to Śrī Kṛṣṇa, who enjoys transcendental pastimes in Vṛndāvana forest. He is the cakora bird that drinks the moonlight of Śrī Rādhā's face. He steals away the composure of all the gopīs. Skillfully clapping His hands in the carcarī rhythm, He dances gracefully."
317, Krṣṇa-tattva,6.63,Madhureṇa samāpayet,"madhuraṁ madhuraṁ vapur asya vibhor
 madhuraṁ madhuraṁ vadanam madhuram
 madhu-gandhi mṛdu-smitam etad aho
 madhuraṁ madhuraṁ madhuraṁ madhuraṁ",Śrī Kṛṣṇa-karṇāmṛta 92,madhuram—sweet; madhuram—sweet; vapuḥ—the transcendental form; asya—His; vibhoḥ—of the Lord; madhuram—sweet; madhuram—sweet; vadanam—face; madhuram—sweet; madhu—gandhi—the fragrance of honey; mṛdu—smitam—soft smiling; etat—this; aho—Oh!; madhuram—sweet; madhuram—sweet; madhuram—sweet; madhuram; sweet.,"The transcendental body of Kṛṣṇa is doubly sweet, and His face is three times sweeter than His body. The soft smile on His face, which is like the fragrance of honey, is four times sweeter still."
318, Krṣṇa-tattva,6.64,Let my mind may become attracted unto You in the same spontaneous way,"yuvatīnāṁ yathā yuni / yunāṁ ca yuvatau yathā
 mano 'bhiramate tadvan / mano me ramatāṁ tvayi",Padma Purāṇa,yuvatīnām—of young girls; yathā—as; yuni—for a young boy; yunām—of young boys; ca—and; yuvatau—for a young girl; yathā—as; manaḥ—mind; abhiramate—takes pleasure; tadvan—so; manaḥ—mind; me—of me; ramatām—may take pleasure; tvayi—in You.,"""O my Lord, I know that young girls have natural affection for young boys, and that young boys have natural affection for young girls. I am praying at Your lotus feet that my mind may become attracted unto You in the same spontaneous way."""
319, Krṣṇa-tattva,6.65,"Śrīmatī Rādhikā says, You are My everything","premadaṁ ca me kāmadaṁ ca me
 vedanaṁ ca me vaibhavaṁ ca me
 jīvanaṁ ca me jīvitaṁ ca me
 daivataṁ ca me deva nā 'param",Śrī Kṛṣṇa-karṇāmṛtam 104,"premadam—giver of His love; ca—and; me—for me; kāmadam—fulfiller of desire; ca—and; me—for me; vedanam—knowledge; ca—and; me—my; vaibhavam—power, wealth; ca—and; me—my; jīvanam—cause of life, vital energy; ca—and; me—my; jīvitam—very life; ca—and; me—my; daivatam—God; ca—and; me—for me; deva—Divine Lord; na—none; aparam—other.","O Kṛṣṇa! You alone are the bestower of prema to Me, the fulfiller of My heart's desires, the giver of knowledge and My only treasure. You are My life, the giver of My life, and My worshipable Deity. Besides You there is nothing for Me."
320, Śakti-tattva,7.1,Daśa-mūla-tattva describes the potency of the lord,"parākhyāyāḥ śakter apṛthag api sa sve mahimani
 sthito jīvākhyāṁ svām acid-abhihitāṁ tāṁ tri-padikām
 sva-tantrecchaḥ śaktiṁ sakala-viṣaye preraṇa-paro
 vikārādyaiḥ śūnyaḥ parama-puruṣo 'yaṁ vijayate",Daśa mūla tattva 3,api—although; apṛthak— non-different; parākhyāyāḥ— from His transcendental potency; tām svām—His own; tri-padikam—three-fold; śaktim—potency; (the other two aspects being) jīva-ākhyam—that known as jīva (the multiple vibhinnāṁśa parts); abhihitam acit—and that known as inanimate; saḥ—that; parama-puruṣaḥ— supreme person; sthitaḥ—is situated; sve—in His; mahimani—glory; svatantra- icchaḥ—fully independent in His desires; śūnyaḥ—free; vikāra-ādyaiḥ—from all external transformations; ayam—He (is); preraṇa-paraḥ—the supreme instigator and ultimate source of inspiration; sakala-viṣaye—in all realms and dimensions of action; asau-vijayate—may He be especially glorious.,"Although Śrī Bhagavān is non-different from His inconceivable transcendental potency (parā-śakti), He has His own independent nature and desires. His para-śakti consists of three aspects: cit-śakti (spiritual potency), jīva-śakti (marginal potency), and māyā-śakti (external potency) and He always inspires them to engage in their respective functions. That parā-tattva (Supreme Absolute Truth), even while performing all these activities, still remains immutable and is eternally situated in the fully transcendental svarūpa of His own glory."
321, Śakti-tattva,7.2,Kṛṣṇa's parā-śakti is one but appears as three aspects,"na tasya kāryaṁ karaṇañ ca vidyāte
 na tat samaś cābhyadhikaś ca dṛśyāte
 parāsya śaktir vividhaiva śrūyate
 svābhāvikī jñāna-bala-kriyā ca",Śvetāṣvatara Upaniṣad 6.8,"tasya—He has; na—no; kāryam—duty to perform; kāraṇam—nor does He have material senses, nor does anyone or anything dictate His actions; ca—also; dṛśyate- it is seen; na vidyate—there does not exist; tat-samaḥ—someone equal to Him; ca- or; abhyadhikaḥ—superior to Him; ca—also; śrūyate-it is heard in the Vedīc literatures that; asya—His; parā saktiḥ- supreme potency; eva—certainly; vividhā— expands in multifarious ways; svābhāvikī—spontaneously providing Him; jñāna— knowledge; bala—strength; ca—also; kriyā—activities.","The Supreme Lord has nothing to do, and no one is found to be equal to or greater than Him, His parā-śakti expands in multifarious ways by which everything is done naturally providing Him full knowledge, power and pastimes."
322, Śakti-tattva,7.3,,parāsya śaktir vividhaiva śrūyate,,,Bhagavān's divine śakti is full of variety; that para-śakti is perceivable in different forms.
323, Śakti-tattva,7.4,,"viṣṇu-śaktir parā proktā
 kṣetrajñākhyā tathā parā
 avidyā-karma-saṁjñānyā
 tṛtīyā śaktir iṣyate",Viṣṇu Purāṇa 6.7.61,viṣṇu-śaktiḥ—the potency of Lord Viṣṇu; parā—spiritual; proktā—it is said; kṣetrajña-ākhyā—the potency known as kṣetra-jña; tathā—as well as; parā— spiritual; avidyā—ignorance; karma—fruitive activities; saṁjñā—known as; anyā— other; tṛtīyā—third; śaktiḥ—potency; iṣyate—known thus.,"Viṣṇu-śakti is of three kinds, parā (transcendental), kṣetrajñā (the living entity), and avidya (ignorance). Viṣṇu's parā śakti is called cit-śakti, kṣetrajñā is called jīva- śakti, and avidya is māyā-śakti."
324, Śakti-tattva,7.5,,"cic-chakti, svarūpa-śakti, antaraṅgā nāma
 tāhāra vaibhava ananta vaikuṇṭhādi dhāma",CC Ādi 2.101,"cit-śakti—spiritual energy; svarūpa-śakti—personal energy; antaḥ-aṅgā—internal; nāma—named; tāhāra—of that; vaibhava—manifestations; ananta—unlimited; vaikuṇṭha-ādi—Vaikuṇṭha, etc.; dhāma—abodes.","The cit-śakti, which is also called svarūpa-śakti or antaraṅga-śakti, displays many varied manifestations. It sustains the kingdom of God and its paraphernalia."
325, Śakti-tattva,7.6,,"māyā-śakti, bahiraṅgā, jagat-kāraṇa
 tāhāra vaibhava ananta brahmāṇḍera gaṇa",CC Ādi 2.102,māyā-śakti—the illusory energy; bahiḥ-aṅgā—external; jagat-kāraṇa—the cause of the universe; tāhāra—of that; vaibhava—manifestations; ananta—unlimited; brahma-aṇḍera—of universes; gaṇa—multitudes.,"The external energy, called māyā-śakti, is the cause of innumerable universes with varied material potencies."
326, Śakti-tattva,7.7,,"jīva-śakti taṭasthākhya, nāhi yāra anta
 mukhya tina śakti, tāra vibheda ananta",CC Ādi 2.103,jīva-śakti—the energy of the living entity; taṭa-stha-ākhya—known as marginal; nāhi—there is not; yāra—of which; anta—end; mukhya—principal; tina—three; śakti—energies; tāra—of them; vibheda—varieties; ananta—unlimited.,"The marginal potency, which is between these two, consists of the numberless living beings (jīvas). These are the three principal energies, which have unlimited categories and subdivisions."
327, Śakti-tattva,7.8,,"kṛṣṇera ananta-śakti, tāte tina—pradhāna
 'cic-chakti', 'māyā-śakti', 'jīva-śakti'-nāma
 'antaraṅgā', 'bahiraṅgā', 'taṭasthā' kahi yāre
 antaraṅgā 'svarūpa-śakti'—sabāra upare",CC Mad 8.151-152,"kṛṣṇera—of Lord Kṛṣṇa; ananta-śakti—unlimited potencies; tāte—in that; tina— pradhāna—chief; cit-śakti—spiritual potency; māyā-śakti—material potency; jīva-śakti—marginal potency, or living entities; nāma—named; antaraṅgā— internal; bahiraṅgā—external; taṭa-sthā—marginal; kahi—we say; yāre—to whom; antaraṅgā—the internal potency; svarūpa-śakti—the personal energy; sabāra upare—above all.","Kṛṣṇa has unlimited potencies, which can be divided into three main parts. These are the spiritual potency, the material potency and the marginal potency, which is known as the living entities. In other words, these are all potencies of God— internal, external and marginal. Antaraṅgā-śakti which is also known as svarūpa- śakti is above all of them."
328, Śakti-tattva,7.9,,"sac-cid-ānanda-maya kṛṣṇera svarūpa
 ataeva svarūpa-śakti haya tina rūpa",CC Mad 8.154,sat-cit-ānanda-maya—eternal bliss and knowledge; kṛṣṇera—of Lord Kṛṣṇa; svarūpa—the real transcendental form; ataeva—therefore; svarūpa-śakti—His spiritual personal potency; haya—is; tina rūpa—three forms.,"The original form of Lord Kṛṣṇa is sac-cid-ānanda [BS 5.1] – the transcendental form of eternity, bliss and knowledge; therefore His svarūpa-śakti or personal potency, the internal potency, has three different forms."
329, Śakti-tattva,7.1,,"ānandāṁśe 'hlādinī', sad-aṁśe 'sandhinī'
 cid-aṁśe 'samvit', yāre jñāna kari' māni",CC Mad 6.159,ānanda-aṁśe—in the part of bliss; hlādinī—the pleasure potency; sat-aṁśe—in the part of eternity; sandhinī—the sandhinī potency; cit-aṁśe—in the part of knowledge; samvit—the samvit potency; yāre—which; jñāna—as knowledge; kari māni—we accept.,"The three portions of the spiritual potency are called hlādinī [the bliss portion], sandhinī [the eternity portion] and samvit [the knowledge portion]. We accept knowledge of these as full knowledge of the Supreme Personality of Godhead."
330, Śakti-tattva,7.11,Hlādinī sandhinī and samvit are three attributes of Kṛṣṇa's internal potency,"hlādinī sandhinī samvit / tvayy ekā sarva-saṁsthitau
 hlāda-tāpa-karī miśrā / tvayi no guṇa-varjite",CC Ādi 4.63,hlādinī—pleasure potency; sandhinī—existence potency; samvit—knowledge potency; tvayi—in You; ekā—one; sarva-saṁsthitau—who are the basis of all things; hlāda—pleasure; tāpa—and misery; karī—causing; miśrā—a mixture of the two; tvayi—in You; na u—not indeed; guṇa-varjite—who are free of influence of the three modes of material nature.,"""O Lord, You are the support of everything. The three attributes, hlādinī, sandhinī and samvit exist in You as one spiritual energy. But the material modes, which cause happiness, misery and mixtures of the two, do not exist in You, for You have no material qualities."""
331, Śakti-tattva,7.12,"Through His pleasure potency, Kṛṣṇa personally tastes all spiritual pleasure","kṛṣṇake āhlāde, tā'te nāma—hlādinī'
 sei śakti-dvāre sukha āsvāde āpani",CC Mad 8.157,kṛṣṇake—unto Kṛṣṇa; āhlāde—gives pleasure; tā'te—therefore; nāma—the name; hlādinī—pleasure-giving potency; sei śakti—that potency; dvāre—by means of; sukha—happiness; āsvāde—tastes; āpani—Lord Kṛṣṇa personally.,"The potency called hlādinī gives Kṛṣṇa transcendental pleasure. Through this pleasure potency, Kṛṣṇa personally tastes all spiritual pleasure."
332, Śakti-tattva,7.13,"Rādhā and Kṛṣṇa are inherently non-different, yet They manifest in two forms just to taste the rasa of Their loving pastimes. They are one soul in two bodies","rādhā pūrṇa-śakti, kṛṣṇa pūrṇa-śaktimān
 dui vastu bheda nāi, śāstra-paramāṇa
 mṛgamada, tāra gandha—yaiche aviccheda
 agni, jvālāte—yaiche kabhu nāhi bheda
 rādhā-kṛṣṇa aiche sadā eka-i svarūpa
 līlā-rasa āsvādite dhare dui-rūpa",CC Ādi 4.96-98,rādhā—Śrīmatī Rādhārāṇī; pūrṇa-śakti—the complete energy; kṛṣṇa—Lord Kṛṣṇa; pūrṇa-śaktimān—the complete possessor of energy; dui—two; vastu—things; bheda—difference; nāi—there is not; śāstra-paramāṇa—the evidence of revealed scripture; mṛga-mada—musk; tāra—of that; gandha—fragrance; yaiche—just as; aviccheda—inseparable; agni—the fire; jvālāte—temperature; yaiche—just as; kabhu—any; nāhi—there is not; bheda—difference; rādhā-kṛṣṇa—Rādhā and Kṛṣṇa; aiche—in this way; sadā—always; eka-i—one; svarūpa—nature; līlā-rasa— the mellows of a pastime; āsvādite—to taste; dhare—manifest; dui-rūpa—two forms.,"Śrī Rādhā is the full power, and Lord Kṛṣṇa is the possessor of full power. The two are not different, as evidenced by the revealed scriptures. They are indeed the same, just as musk and its scent are inseparable, or as fire and its heat are nondifferent. Thus Rādhā and Lord Kṛṣṇa are one, yet They have taken two forms to enjoy the mellows of pastimes."
333, Śakti-tattva,7.14,Yogamāyā – Paurṇamāsī-devī,"rādheśa-keli-prabhutā-vinoda-
 vinyāsa-vijñāṁ vraja-vanditānghriṁ
 kṛpālutādyākhila-viśva-vandyāṁ
 namāmi śirasā śrī paurṇamāsīṁ",SGG p. 13,,"Bowing my head I offer praṇāma unto Śrī Paurṇamāsī-devī, who is very expert in arranging the delighted variegated pleasure pastimes of the master of Śrīmatī Rādhikā. Her lotus feet are worshiped by all the Vrajavāsīs; and who, due to being endowed with all transcendental qualities, beginning with compassion, is worshipable for everyone in the entire universe."
334, Śakti-tattva,7.15,The Gopīs worshipped Kātyāyanī Devī to get Kṛṣṇa as their husband,"kātyāyani mahā-māye / mahā-yoginy adhīśvari
 nanda-gopa-sutaṁ devi / (upa)patiṁ me kuru te namaḥ
 [iti mantraṁ japantyas tāḥ / pūjāṁ cakruḥ kumārikāḥ]",SB 10.22.4,kātyāyanī—O goddess Kātyāyanī; mahā-māye—O great potency; mahā-yogini—O possessor of great mystic power; adhīśvari—O mighty controller; nanda-gopa- sutam—the son of Mahārāja Nanda; devi—O goddess; patim—the husband (or) upapati—lover; me—my; kuru—please make; te—unto you; namaḥ—my obeisances; iti—with these words; mantram—the hymn; japantyaḥ—chanting; tāḥ—they; pūjām—worship; cakruḥ—performed; kumārikāḥ—the unmarried girls.,"[Each of the young unmarried girls performed her worship while chanting the following mantra:] ""O goddess Kātyāyanī, O great potency of the Lord, O possessor of great mystic power and mighty controller of all, please make the son of Nanda Mahārāja my husband (or lover). I offer my obeisances unto you."""
335, Śakti-tattva,7.16,No one can understand how the spiritual energy acts,"ko vetti bhūman bhagavān parātman / yogeśvarotīr bhavatas tri-lokyām
 kva vā kathaṁ vā kati vā kadeti / vistārayan krīḍasi yoga-māyām",SB 10.14.21,kaḥ—who; vetti—knows; bhūman—O supreme great one; bhagavan—O Supreme Personality of Godhead; para-ātman—O Supreme Soul; yoga-īśvara—O master of mystic power; ūtīḥ—the pastimes; bhavataḥ—of Your Lordship; tri-lokyām—in the three worlds; kva—where; vā—or; katham—how; vā—or; kati—how many; vā—or; kadā—when; iti—thus; vistārayan—expanding; krīḍasi—You play; yoga-māyām— Your spiritual energy.,"O supreme great one! O Supreme Personality of Godhead! O Supersoul, master of all mystic power! Your pastimes are taking place continuously in these three worlds, but who can estimate where, how and when You are employing Your spiritual energy and performing these innumerable pastimes? No one can understand the mystery of how Your spiritual energy acts."
336, Śakti-tattva,7.17,Kṛṣṇa engaged His Yogamāyā potency to arrange the rāsa dance,"bhagavān api tā rātṛīḥ
 śāradotphulla-mallikāḥ
 vīkṣya rantuṁ manaś cakre
 yoga-māyām upāśritaḥ",SB 10.29.1,"bhagavān—Kṛṣṇa, the Supreme Personality of Godhead; api—although; tāḥ—those; rātrīḥ—nights; śārada—of autumn: utphulla—blossoming; mallikāḥ—the jasmine flowers; vīkṣya—seeing: rantum—to enjoy love; manaḥ cakre—He made up His mind; yogamāyām—His spiritual potency that makes the impossible possible; upāśritaḥ—resorting to.","Śrī Kṛṣṇa is the Supreme Personality of Godhead, full in all opulences, yet upon seeing those autumn nights scented with blossoming jasmine flowers, He turned His mind toward loving affairs. To fulfill His purposes He employed His internal potency, Yogamāyā."
337, Śakti-tattva,7.18,Lord Brahmā describes Kṛṣṇa's Māyā śakti,"māyā hi yasya jagad-aṇḍa-śatāni sūte
 traiguṇya-tad-viṣaya-veda-vitāyamānā
 sattvāvalambi-para-sattva-viśuddha-sattvaṁ
 govindam ādi-puruṣaṁ tam ahaṁ bhajāmi",Sri Brahma Saṁhitā 41,"aham bhajāmi—I perform bhajana; tam—of that; ādi-puruṣam govindam—original Supreme Person, Śrī Govinda; viśuddha-sattvam—whose pure existence is free from any mixture of passion or ignorance; para-sattva—and upon whose supreme existence; sattva-avalambi—the material mode of goodness, which is mixed with passion and ignorance, is dependent; hi—indeed (it is He); yasya—whose; māyā— illusory potency; sūte—gives birth; śatāni—to hundreds; jagad-aṇḍa—of egg-like universes; veda-vitāyamānā—and who expands throughout the Vedas; tad-viṣaya— topics related to Govinda; traiguṇya—in terms of the three material binding qualities: goodness, passion and ignorance.","Māyā consists of the three material qualities of goodness, passion and ignorance, and is Bhagavān's inferior energy. She propagates the Vedic knowledge that pertains to the material universe. I worship the original Personality Śrī Govinda, who is the shelter of that māyā, though His own existence is the embodiment of pure goodness untinged by passion and ignorance."
338, Śakti-tattva,7.19,,"bhūmir āpo 'nalo vāyuḥ / khaṁ mano buddhir eva ca
 ahaṅkāra itīyaṁ me / bhinnā prakṛtir aṣṭadhā",BG 7.4,bhūmiḥ—earth; āpaḥ—water; analaḥ—fire; vāyuḥ—air; kham—ether; manaḥ— mind; buddhiḥ—intelligence; eva—certainly; ca—and; ahaṅkāraḥ—false ego; iti— thus; iyam—all these; me—My; bhinnā—separated; prakṛtiḥ—energies; aṣṭadhā— eightfold,"Earth, water, fire, air, ether, mind, intelligence and false ego—all together these eight elements constitute My separated material energies."
339, Śakti-tattva,7.2,Surrender to Śrī Kṛṣṇa is the only way to overcome māyā,"daivī hy eṣā guṇa-mayī / mama māyā duratyayā
 mām eva ye prapadyante / māyām etāṁ taranti te",BG 7.14,daivī—transcendental; hi—certainly; eṣā—this; guṇa-mayī—consisting of the three modes of material nature; mama—My; māyā—energy; duratyayā—very difficult to overcome; mām—unto Me; eva—certainly; ye—those who; prapadyante—surrender; māyām etām—this illusory energy; taranti—overcome; te—they.,"This divine energy of Mine, consisting of the three modes of material nature, is practically insurmountable. Only those who surrender unto Me can overcome it."
340, Śakti-tattva,7.22,Durgā is but the shadow of Govinda's svarūpa-śakti,"sṛṣṭi-sthiti-pralaya-sādhana-śaktir ekā
 chāyeva yasya bhuvanāni bibharti durgā
 icchānurūpam api yasya ca ceṣṭate sā
 govindam ādi-puruṣaṁ tam ahaṁ bhajāmi",Brahma Saṁhitā 44,"aham bhajāmi—I render service; tam—to that; govindam ādi-puruṣam—Śrī Govinda, the primeval Personality of Godhead; yasya—whose; śaktiḥ—potency; durgā—Durgā devī; iva chāyā—who is like a shadow (of His cit-śakti); bibharti—nurtures; bhuvanāni—all the planetary systems; ca—and; api ceṣṭate—she also acts (thus); yasya icchā-anurūpam—in accordance with His will; ekā—she alone; sādhana—executes; sṛṣṭi-sthiti-pralaya—the duties of creation, sustenance and dissolution.","The shadow of the svarūpa-śakti or cit-śakti is that mahā-śakti who creates, maintains and annihilates the material universe. She is worshiped throughout the world as Durgā. I render service to the ādi-puruṣa, Śrī Govinda, in accordance with whose desire Durgā conducts her every endeavor."
341, Śakti-tattva,7.23,"Śrī Durgā Devī is but an expansion of Kṛṣṇa's potency, Śrīmati Rādhārānī","yan-nāmnā nāmni durgāhaṁ
 guṇair guṇavatī hy aham
 yad-vaibhavān mahā-lakṣmī
 rādhā nityā parā dvayā",Sammohana-tantra,,"The name Durgā, by which I am known, is Her name. The qualities for which I am famous are Her qualities. The majesty with which I am resplendent is Her majesty. That Mahā-Lakṣmī, Śrī Rādhā, is non-different from Śrī Kṛṣṇa. She is His dearmost sweetheart and the crest-jewel of His beloveds."
342, Śakti-tattva,7.24,,tava vakṣasi rādhāham rāse vṛndāvana-vane,Nārada-pañcarātrika,,"In the forest known as Vṛndāvana, I (Durgā) am Your internal śakti, Śrī Rādhikā, who adorns Your chest in the rāsa dance."
343, Jīva-tattva,8.1,,"jīvera 'svarūpa' haya—kṛṣṇera 'nitya-dāsa'
 kṛṣṇera 'taṭasthā śakti' 'bhedābheda-prakāśa'",CC Mad 20.108,"jīvera—of the living entity; svarūpa—the constitutional position, eternal form; haya—is; kṛṣṇera—of Lord Kṛṣṇa; nitya-dāsa—eternal servant; kṛṣṇera—of Lord Kṛṣṇa; taṭasthā—marginal; śakti—potency; bheda-abheda—one and different; prakāśa—manifestation;",The jīva's constitutional nature is to be an eternal servant of Śrī Kṛṣṇa. The jīva is the marginal potency of Kṛṣṇa and a manifestation simultaneously one with and different from the Lord.
344, Jīva-tattva,8.2,The jīvas are simultaneously different and non-different from Kṛṣṇa,"sphuliṅgāḥ ṛddhāgner iva cid-aṇavo jīva-nicayāḥ
 hareḥ sūryasyaivāpṛthag api tu tad-bheda-viṣayāḥ
 vaśe māyā yasya prakṛti-patir eveśvara iha
 sa jīvo mukto 'pi prakṛti-vaśa-yogyaḥ sva-guṇataḥ",Daśa-mūla-tattva,iva—just like; sphuliṅgāḥ—sparks; ṛddha-agneḥ—of a blazing fire; jīva-nicayāḥ—multitudes of living entities; iva—(are) just like; cit-aṇavaḥ—spiritual atoms; sūryasya—of the spirit sun; hareḥ—of Lord Hari; api—although; apṛthak—not different (from Him in quality); tat-bheda-viśayāḥ—(they are) different from Him (in quantity); eva—certainly; iha—here; saḥ—he; īśvaraḥ—the Supreme Lord; prakṛti-patiḥ—(is)the master of His energies; yasya—has; māyā—illusory potency; vaśe—(is) within His control; api—even; muktaḥ—liberated; jīvaḥ—the living entity; yogyaḥ—amenable; vaśa—under the control; prakṛti—of material nature; sva—own; guṇataḥ—because of his (constutional) nature.,"Just as many tiny sparks burst out from a blazing fire, so the innumerable jīvas are like atomic, spiritual particles in the rays of the spiritual sun, Śrī Hari. Though these jīvas are non-different from Śrī Hari, they are also eternally different from Him. The eternal difference between the jīva and Īśvara is that Īśvara is the Lord and master of māyā-śakti, whereas the jīva can fall under the control of māyā, due to his constitutional nature."
345, Jīva-tattva,8.3,"By their original nature the jīvas are eternal servants of Kṛṣṇa but being averse to Him, they get covered by māyā and are thrown into material bondage","svarūpārthair hīnān nija-sukha-parān kṛṣṇa-vimukhān
 harer māyā-daṇḍyān guṇa-nigaḍa-jālaiḥ kalayatī
 tathā sthūlair liṅgair dvividha-varaṇaiḥ kleśa-nikarair
 mahā-karmālānair nayati patitān svarga-nirayau",Daśa mūla tattva,sva-rūpa—of spiritual identity; arthaiḥ—of those things beneficial; hīnān—devoid; nija—of their own selves according to material mis-identification; sijha—happiness; parān—taking as all-important; kṛṣṇa—to Kṛṣṇa; vimukhān—averse; hareḥ—of Lord Hari; māyā—the illusory energy; daṇḍyān—punishing; guṇa—of the three modes of material naturea; nigaḍa—of shakles; jālaiḥ—with networks; kalayati—holds; tathā—in the same way; sthūlaiḥ—with gross elements; liṅgaiḥ—with subtle elements; dvi-vidha—two kinds; varaṇaiḥ—of coverings; kleśa—of distress; nikaraiḥ—with multitudes; mahā—great; karma—of fruitive activites; ālānaiḥ—with chains; nayati—leads; patitān—fallen conditioned souls; svarga—to the heavenly planets; nirayau—and the hellish planets.,"By his original nature the jīva is an eternal servant of Kṛṣṇa. His svarūpa-dharma is service to Śrī Kṛṣṇa. Bhagavān's bewildering energy (māyā) punishes those jīvas who are bereft of that svarūpa-dharma. These jīvas are averse to Kṛṣṇa and are concerned with their own happiness. She binds them with the ropes of the three modes of material nature – sattva, rajaḥ and tamaḥ, covers their svarūpa (spiritual body) with gross and subtle bodies, and throws them into the miserable bondage of karma, thus repeatedly causing them to experience happiness and distress in heaven and hell."
346, Jīva-tattva,8.4,All jīvas are eternally My parts and parcels,"mamaivāṁśo jīva-loke / jīva-bhūtaḥ sanātanaḥ
 manaḥ-ṣaṣṭhānīndriyāṇi / prakṛti-sthāni karṣati",BG 15.7,mama—My; eva—certainly; aṁśaḥ—fragmental particle; jīva-loke—in the world of conditional life; jīva-bhūtaḥ—the conditioned living entity; sanātanaḥ—eternal; manaḥ—with the mind; ṣaṣṭhāni—the six; indriyāṇi—senses; prakṛti—in material nature; sthāni—situated; karṣati—is struggling hard.,"O Arjuna! I am sarveśvara (the Lord of all). All jīvas are My parts and they are all eternal. Due to being conditioned and opposed to Me, they are struggling intensely with the mind and the senses in this material world."
347, Jīva-tattva,8.5,The forgetful jīva is being kicked by māyā,"kṛṣṇa bhuli' sei jīva anādi-bahirmukha
 ataeva māyā tāre deya saṁsāra-duḥkha",CC Mad 20.117,kṛṣṇa bhuli'—forgetting Kṛṣṇa; sei jīva—that living entity; anādi—from time immemorial; bahir-mukha—attracted by the external feature; ataeva—therefore; māyā—illusory energy; tāre—to him; deya—gives; saṁsāra-duḥkha—miseries of material existence.,"The jīva who has forgotten Kṛṣṇa has been preoccupied with the external potency since time without beginning. Consequently, Kṛṣṇa's illusory potency (māyā) gives him misery in the form of material existence."
348, Jīva-tattva,8.6,"When the jīva misuses his independence, he becomes averse to Kṛṣṇa","nitya-baddha'—kṛṣṇa haite nitya-bahirmukha
 'nitya-saṁsāra', bhuñje narakādi duḥkha",CC Mad 22.12,nitya-baddha—perpetually conditioned; kṛṣṇa haite—from Kṛṣṇa; nitya—eternally; bahir-mukha—averse; nitya-saṁsāra—perpetually conditioned in the material world; bhuñje—experience; naraka-ādi duḥkha—the tribulations of hellish conditions of life;,"When the jīva misuses his independence because of his marginal nature, he becomes averse or indifferent to Kṛṣṇa. He then tastes happiness and distress from heaven to hell in this material existence."
349, Jīva-tattva,8.7,"Becoming averse to Krsna, the jīva is victimized by the material energy","kṛṣṇa-bahirmukha hañā bhoga-vāñchā kare
 nikaṭa-stha māyā tāre jāpaṭiyā dhare",Prema-vivarta 6.2,kṛṣṇa-bahirmukha—turning away from Kṛṣṇa; hañā—becoming; bhoga—sense gratification; vāñchā kare—desiring ; nikaṭa-stha—standing nearby; māyā—the illusory energy of the Lord; tāre— him; jāpaṭiyā dhare—slaps.,"When a living entity wants to enjoy material pleasure, becoming averse to Krsna, he is immediately victimized by the material energy (māyā) who is nearby"
350, Jīva-tattva,8.8,,"sei doṣe māyā-piśācī daṇḍa kare tāre
 ādhyātmikādi tāpa-traya tāre jāri' māre",CC Mad 22.13,sei doṣe—because of this fault; māyā-piśācī—the witch known as the external energy; daṇḍa kare—gives punishment; tāre—unto him; ādhyātmika-ādi—beginning with those pertaining to the body and mind; tāpa-traya—the threefold miseries; tāre—him; jāri'—burning; māre—gives pain;,"Because of the jīva's fault of being averse to Kṛṣṇa, the witch māyā binds him with the coverings of the gross and subtle bodies and inflicting punishment by burning him with threefold kleśa (misery) of ādhyātmika, ādhidaivika and ādhibhautika."
351, Jīva-tattva,8.9,The jīva becomes free from māyā only when he takes shelter of a sādhu,"kāma-krodhera dāsa hañā tāra lāthi khāya
 bhramite bhramite yadi sādhu-vaidya pāya
 tāṅra upadeśa-mantre piśācī palāya
 kṛṣṇa-bhakti pāya, tabe kṛṣṇa-nikaṭa yāya",CC Mad 22.14-15,kāma—of lusty desires; krodhera—and of anger; dāsa—the servant; hañā—becoming; tāra—by them; lāthi khāya—is kicked; bhramite bhramite—wandering and wandering; yadi—if; sādhu—a devotee; vaidya—physician; pāya—he gets; tāṅra—his; upadeśa-mantre—by instruction and hymns; piśācī—the witch (the external energy); palāya—flees; kṛṣṇa-bhakti—devotional service to Kṛṣṇa; pāya—obtains; tabe—in this way; kṛṣṇa-nikaṭa yāya—he goes to Kṛṣṇa.,"Controlled by the six enemies of lust, anger and so on, the jīva is continually beaten by the witch māyā; this is the jīva's disease. As he goes on wandering high and low in material existence, he may by good fortune find a doctor in the form of a sādhu. Then, by the influence of the sādhu's guidance and instructions, Māyādevi abandons the jīva and runs away. This is just like a witch giving up her influence over a man, and fleeing from the mantras of an exorcist. Only a jīva who is free from māyā attains Kṛṣṇa-bhakti and is qualified to approach Kṛṣṇa."
352, Jīva-tattva,8.1,,"kabhu svarge uṭhāya, kabhu narake ḍubāya
 daṇḍya-jane rājā yena nadīte cubāya",CC Mad 20.118,kabhu—sometimes; svarge—to higher planetary systems; uṭhāya—he rises; kabhu—sometimes; narake—in hellish conditions of life; ḍubāya—he is drowned; daṇḍya-jane—a criminal; rājā—a king; yena—as; nadīte—in the river; cubāya—dunks.,"In the material condition, the living entity is sometimes raised to higher planetary systems and material prosperity and sometimes drowned in a hellish situation. His state is exactly like that of a criminal whom a king punishes by submerging him in water and then raising him again from the water."
353, Jīva-tattva,8.11,,"yat taṭastham tu cid-rūpaṁ / saṁvedāt tu vinirgatam
 rañjitaṁ guṇa-rāgeṇa / sa jīva iti kathyate",Śrī Nārada Pañcarātra,yat—what; taṭa-sthaṁ—marginal; tu—indeed; cid-rūpam—spiritual in nature; sva-samvedyāt—from self-awareness; vinirgatam—gone away; rañjitam—becoming affected; guṇa—by the influence of the modes; rāgeṇa—by desire; sa—he; jīva—the individual spirit soul; iti—thus; kathyate—is said; iti—thus; ādau—beginning.,"That entity who is constituted of the marginal potency, who is spiritual by nature, who departs from the self-cognizant saṁvit energy, and thus becomes affected by the influence of māyā's three modes of material nature, is called the living entity (jīva)."
354, Jīva-tattva,8.12,The jīva is a superior potency to māyā,"apareyam itas tv anyāṁ / prakṛtiṁ viddhi me parām
 jīva-bhūtāṁ mahā-bāho / yayedaṁ dhāryate jagat",BG 7.5,aparā—inferior energy; iyam—this material world; itaḥ—beyond this; tu—but; anyām—another; prakṛtim—energy; viddhi—you must know; me—of Me; parām—which is superior energy; jīva-bhūtām—they are the living entities; mahā-bāho—O mighty-armed one; yayā—by which; idam—this material world; dhāryate—is being conducted; jagat-universe.,"O Mahā-bāho, you should know that My external energy, which consists of eight divisions, is inferior. There is another potency of Mine known as the jīva-svarūpa, which is superior and which accepts this material world for the purpose of enjoying the fruits of karma."
355, Jīva-tattva,8.13,The jīva is a particle of a ray of Paramātmā,"yathāgneḥ kṣudrā visphuliṅgā vyuccaranty evam evāsmād ātmānaḥ
 sarve prāṇāḥ sarve lokāḥ sarve devāḥ sarvāṇi bhūtāni vyuccaranti",Bṛhad-āraṇyaka Upaniṣad 2.1.20,yathā—as; kṣudra-tiny; visphuliṅga—sparks; vyuccaranti—are manifested; agneḥ—from fire; evam—similarly; sarve prāṇāḥ—all living beings; sarve lokāḥ—all planets; sarve devāḥ—all the demigods; sarvāṇi bhūtāni—all the elements of the cosmos; eva vyuccaranti—are certainly manifested; asmād ātmānaḥ—from that Soul.,"As innumerable sparks emanate from a fire, similarly all the jīvas with their individual characteristics are manifested from the Paramātmā, along with the demigods, planets, animate and inanimate beings"
356, Jīva-tattva,8.14,,"sūryāṁśa-kiraṇa, yaiche agni-jvālā-caya
 svābhāvika kṛṣṇera tina-prakāra 'śakti' haya",CC Mad 20.109,sūrya-aṁśa—part and parcel of the sun; kiraṇa—a ray of sunshine; yaiche—as; agni-jvālā-caya—molecular particle of fire; svābhāvika—naturally; kṛṣṇera—of Lord Kṛṣṇa; tina-prakāra—three varieties; śakti—energies; haya—there are.,"Kṛṣṇa is compared to the sun and the jīva is like an aṁśa, an atomic particle in His rays. Kṛṣṇa has three kinds of energies."
357, Jīva-tattva,8.15,The jīva and Paramātma are not identical; they reside like two birds in the heart,"dvā suparṇā sayujā sakhāyāḥ / samānaṁ vṛkṣaṁ pariṣasvajāte
 tayor anyaḥ pippalaṁ svādv atty / anaśnann anyo 'bhicākaśīti",Śvetāsvatara Upaniṣad 4.6,dvā—two; suparṇā—birds; sayujā—together; sakhāyāḥ—friends; sa-mānam—along with love; vṛkṣam—tree; pariṣasvajāte—sitting; tayor—both; anyaḥ—one; pippalam—enjoying the fruits; svādu—tasting; atti—eats; anaśnann—while eating; anyaḥ—another; abhicākaśīti— looking at.,"Paramātma and the jīvātma reside like two birds on the branch of a pīpala tree, which represents the gross and subtle bodies. The jīva is tasting the fruits of the tree according to his fruitive activities whereas Paramātma does not taste the fruits but is situated as the witness."
358, Jīva-tattva,8.16,Two kinds of jīvas: conditioned and liberated,"sei vibhinnāṁśa jīva-dui ta' prakāra
 eka-'nitya-mukta', eka-'nitya-saṁsāra'",CC Mad 22.10,sei vibhinna-aṁśa—that separated part and parcel of Kṛṣṇa; jīva—the living entity; dui ta' prakāra—two categories; eka—one; nitya-mukta—eternally liberated; eka—one; nitya-saṁsāra—perpetually conditioned.,"The living entities [jīvas] are divided into two categories. Most are eternally liberated, and some are eternally conditioned."
359, Jīva-tattva,8.17,,"nitya-mukta'—nitya kṛṣṇa-caraṇe unmukha
 'kṛṣṇa-pāriṣada' nāma, bhuñje sevā-sukha",CC Mad 22.11,nitya-mukta—eternally liberated; nitya—always; kṛṣṇa-caraṇe—the lotus feet of Lord Kṛṣṇa; unmukha—turned toward; kṛṣṇa-pāriṣada—associates of Lord Kṛṣṇa; nāma—known as; bhuñje—enjoy; sevā-sukha—the happiness of service.,"Those who are eternally liberated are always awake to Kṛṣṇa consciousness, and they render transcendental loving service at the feet of Lord Kṛṣṇa. They are to be considered eternal associates of Kṛṣṇa, and they are eternally enjoying the transcendental bliss of serving Kṛṣṇa."
360, Jīva-tattva,8.18,The jīva is a spiritual substance (aprākṛta vastu),"bālāgra-śata-bhāgasya śatadhā kalpitasya ca
 bhāgo jīvaḥ sa vijñeyaḥ sa cānantyāya kalpate",Śvetāśvatara Up. 5.9,bāla-agra—the tip of a hair; śata-bhāgasya—of one hundredth; śata-dhā—into one hundred parts; kalpitasya—divided; ca—and; bhāgaḥ—minute portion; jīvaḥ—the living entity; saḥ—that; vijñeyaḥ—to be understood; saḥ—that; ca—and; anantyāya—unlimited; kalpate—considered.,"If one divides the tip of a hair into one hundred parts and again divides into one hundred parts, then the jīva is even more subtle than that. Although he is so subtle, the jīva is a spiritual substance (aprākṛta vastu) and he is suitable for ānantya dharma (ant means 'to be free from death', and ānantya means mokṣa, liberation)."
361, Jīva-tattva,8.19,The jīva can never fall from the spiritual world,"yad gatvā na nivartante
 tad dhāma paramaṁ mama",BG 15.6,yat—where; gatvā—going; na—never; nivartante—they come back; tat dhāma—that abode; paramam—supreme; mama—My.,Those who reach My supreme abode never return to this material world.
362, Jīva-tattva,8.21,"The material world, from top to bottom, is a place of misery. However, one who attains My abode, never takes birth again","ā-brahma-bhuvanāl lokāḥ / punar āvartino 'rjuna
 mām upetya tu kaunteya / punar janma na vidyate",BG 8.16,ā-brahma-bhuvanāt—up to the Brahmaloka planet; lokāḥ—the planetary systems; punaḥ—again; āvartinaḥ—returning; arjuna—O Arjuna; mām—unto Me; upetya—arriving; tu—but; kaunteya—O son of Kuntī; punaḥ janma—rebirth; na—never; vidyate—takes place.,"From the highest planet in the material world down to the lowest, all are places of misery wherein repeated birth and death take place. But one who attains to My abode, O son of Kuntī, never takes birth again."
363, Jīva-tattva,8.22,You are not this body,"dehino 'smin yathā dehe / kaumāraṁ yauvanaṁ jarā
 tathā dehāntara-prāptir / dhīras tatra na muhyati",BG 2.13,dehinaḥ—of the embodied; asmin—in this; yathā—as; dehe—in the body; kaumāram—boyhood; yauvanam—youth; jarā—old age; tathā—similarly; dehāntara—transference of the body; prāptiḥ—achievement; dhīraḥ—the sober; tatra—thereupon; na—never; muhyati—deluded.,"As the embodied soul continually passes, in this body, from boyhood to youth to old age, the soul similarly passes into another body at death. The self-realized soul is not bewildered by such a change."
364, Jīva-tattva,8.23,The jīva is different from his material body,"yathānalo dāruṣu bhinna īyate
 yathānilo deha-gataḥ pṛthak sthitaḥ
 yathā nabhaḥ sarva-gataṁ na sajjate
 tathā pumān sarva-guṇāśrayaḥ paraḥ",SB 7.2.43,yathā—just as; analaḥ—the fire; dāruṣu—in wood; bhinnaḥ—separate; īyate—is perceived; yathā—just as; anilaḥ—the air; deha-gataḥ—within the body; pṛthak—separate; sthitaḥ—situated; yathā—just as; nabhaḥ—the sky; sarva-gatam—all-pervading; na—not; sajjate—mix; tathā—similarly; pumān—the living entity; sarva-guṇa-āśrayaḥ—although now the shelter of the modes of material nature; paraḥ—transcendental to material contamination.,"As fire, although situated in wood, is perceived to be different from the wood, as air, although situated within the mouth and nostrils, is perceived to be separate, and as the sky, although all-pervading, never mixes with anything, so the living entity, although now encaged within the material body, of which it is the source, is separate from it."
365, Jīva-tattva,8.24,There is no birth nor death for the spirit soul,"na jāyate mriyate vā kadācin
 nāyaṁ bhūtvā bhavitā vā na bhūyaḥ
 ajo nityaḥ śāśvato 'yaṁ purāṇo
 na hanyate hanyamāne śarīre",BG 2.20,"na—never; jāyate—takes birth; mriyate—dies; vā—either; kadācit—at any time (past, present or future); na—never; ayam—this; bhūtvā—having come into being; bhavitā—will come to be; vā—or; na—not; bhūyaḥ—or is again coming to be; ajaḥ—unborn; nityaḥ—eternal; śāśvataḥ—permanent; ayam—this; purāṇaḥ—the oldest; na—never; hanyate—is killed; hanyamāne—being killed; śarīre—the body.","For the soul there is neither birth nor death at any time. He has not come into being, does not come into being, and will not come into being. He is unborn, eternal, ever-existing and primeval. He is not slain when the body is slain."
366, Jīva-tattva,8.25,The jīvātma is changeless and immortal,"acchedyo 'yam adāhyo 'yam / akledyo 'śoṣya eva ca
 nityaḥ sarva-gataḥ sthāṇur / acalo 'yaṁ sanātanaḥ",BG 2.24,acchedyaḥ—unbreakable; ayam—this soul; adāhyaḥ—unable to be burned; ayam—this soul; akledyaḥ—insoluble; aśoṣyaḥ—not able to be dried; eva—certainly; ca—and; nityaḥ—everlasting; sarva-gataḥ—all-pervading; sthāṇuḥ—unchangeable; acalaḥ—immovable; ayam—this soul; sanātanaḥ—eternally the same.,"The jīvātma is changeless and immortal. It cannot be cut by any weapon, burnt by fire, moistened by water or dried by air. He is nitya (eternal), all-pervasive, unchanging, steadfast and sanātana (ever-existing)."
367, Jīva-tattva,8.26,Further ślokas added by Śrīla Gurudeva to the GVP Hindi edition of Śrī Gauḍīya-Kaṇṭhahāra,"sthūlāni sūkṣmāṇi bahūni caiva
 rūpāṇi dehī sva-guṇair vṛṇoti
 kriyā-guṇair ātma-guṇaiś ca teṣāṁ
 saṁyoga-hetur aparo 'pi dṛṣṭaḥ",Śvetāśvatara Upaniṣad 5.22,sthulāni—large; sukṣmāni—and small; bahūni—many; ca—also; eva—certainly; rūpāni—forms; dehī—the embodied spirit soul; sva-guṇaiḥ—by his qualities; vṛnoti—accepts; kriyā-guṇaiḥ—by the results of his actions; ātma-guṇaiḥ—by his thoughts and conceptions of life; ca—also; teṣām—of them; samyoga-hetuḥ—the reasons; aparaḥ—not the Supreme; api—even; dṛṣṭaḥ—is observed.,"According to his own merit the conditioned soul accepts many different bodies, both large and small. According to his deeds and character he is linked to different bodies. Thus it is seen that he is different from the Supreme Personality of Godhead."
368, Jīva-tattva,8.27,,pareśa-vaimukhyāt teṣām avidyābhiniveśaḥ,Śrī Amnaya Sutra 35,pareśa—to the Supreme Personality of Godhead; vaimukhyāt—because of aversion or indifference; teṣām—of them; avidyā—ignorance; abhiniveśaḥ—absorption.,Because of indifference to the Supreme Lord the baddha-jīva becomes covered by avidyā in the form of the conception that he is also īśvara.
369, Jīva-tattva,8.27a,,sva-svarūpa-bhramaḥ,Śrī Amnaya Sutra 36,sva—own; svarūpa—identity; bhramaḥ—mistake.,The baddha-jīva is bewildered about his own identity.
370, Jīva-tattva,8.27b,,viṣama-kāma-karma-bandhaḥ,Śrī Amnaya Sutra 37,viṣama—turbulent; kāma—of material desires; karma—actions; bandhaḥ—bondage.,"Because of svarūpa-bhrama, the baddha-jīva, being controlled by lust, suffers in bondage created by the turbulent nature of fruitive activities."
371, Jīva-tattva,8.27c,,sthūla-liṅgābhimāna-janita-saṁsāra-kleśāś ca,Śrī Amnaya Sutra 38,sthūla—the gross material body; liṅga—the subtle material body; abhimāna—identification; janita—created; saṁsāra—in the world of birth and death; kleśāḥ—troubles; ca—also.,"Because he takes the gross and subtle material bodies to be himself, the soul suffers miseries within the world of birth and death."
372, Jīva-tattva,8.28,,"māyāṁ tu prakṛtiṁ vidyān māyinaṁ tu maheśvaram
 tasyāvayava-bhūtais tu vyāptaṁ sarvam idaṁ jagat",Śvet.Upanisad 4.9-10,,"That into which the captive jīva enters is known as prakṛti, or māyā. The supreme Lord, controller of māyā pervades the entire creation in His universal form."
373, Jīva-tattva,8.29,Jīva Gosvāmī defines further,tad evam anantā eva jīvākhyās taṭasthāḥ śaktayaḥ tatra tāsāṁ varga-dvayam eko vargo' nādita eva bhagavad-unmukhaḥ anyas tv anādita eva bhagavat-parāṅmukhaḥ svabhāvatas tadīya-jñāna-bhāvāt tadīya-jñānābhāvāt ca,Paramātma Sandarbha 47,,The number of jīvas is unlimited. They are divided into two classes. One class is favorable to the Lord from a time without beginning. The other class is averse to the Lord from a time without beginning. The first class is favorable to the Lord because of knowledge of relationship with the Lord. The second class is averse to the Lord because of lack of that knowledge.
374, Jīva-tattva,8.3,,tatra prathamo 'ntaraṇgā-śakti vilāsānugṛhīto nitya-bhagavat-parikara-rūpo garuḍādikaḥ,Paramātma Sandarbha 47,,"The favorable jīvas are all recipients of the mercy of the pastimes of the Lord's internal energy. They are the eternal associates of the Lord, such as Garuḍā."
375, Jīva-tattva,8.31,,aparas tu tat parāṅmukhatva-doṣeṇa labdha-chidrayā māyayā paribhūtaḥ saṁsārī,Paramātma Sandarbha 47,,"The second class of jīvas is devoid of the help of the internal energy because they are averse to the Lord. Because of this lack, they are overwhelmed by māyā and take repeated birth in the material world."
376, Jīva-tattva,8.32,The qualities of the soul have been described in the Upaniṣads,"eṣa ātmāpahata-pāpmā vijaro vimṛtyur viśoko
 vijighatso 'pipāsaḥ satya-kāmaḥ satya-saṅkalpaḥ",Chāndogya Up 8.7.1,eṣaḥ—this; ātmā—soul; apahata-pāpma—free of sin; vijaraḥ—free from old age; vimṛtyuḥ—free from death; viśokaḥ—free from lamentation; vijighatsaḥ—free from hunger; apipāsaḥ—free from thirst; satyakāmaḥ—with—spiritual desires; satya-sankalpaḥ—spiritual thoughts;,"By nature the soul is free from the bondage of actions; free from old age, death, lamentation, bewilderment, hunger and thirst. He has no sensual desires and all his spiritual desires become realized."
377, Jīva-tattva,8.33,,"bhakta-deha pāile haya guṇera smaraṇa
 guṇākṛṣṭa hañā kare nirmala bhajana",CC Mad 24.111,bhakta-deha—the body of a devotee; pāile—when one gets; haya—there is; guṇera smaraṇa—remembrance of the transcendental qualities; guṇa-ākṛṣṭa hañā—being attracted by the transcendental qualities; kare—performs; nirmala bhajana—pure devotional service.,"Only when one gets a devotee's spiritual body (siddha-deha), can he do pure bhajana and remember the transcendental qualities and pastimes of Kṛṣṇa. Being attracted by Kṛṣṇa's qualities and pastimes, one becomes a pure devotee engaged in His eternal service in the nitya-līlā."
378, Jīva-tattva,8.34,,"adhikāra nā labhiyā siddha-deha bhāve
 viparyaya buddhi janme śaktira abhāve",Bhajana-rahasya 1.10,"adhikara nā—without proper qualification; labhiyā—attaining; siddha-deha—spiritual body; bhāve—while meditating; viparyaya—perverted, reversed; buddhi—intelligence; janme—born; śaktira abhāve—having insufficient power.","The intelligence of those who try to contemplate their siddha-deha prematurely, without sufficient qualification, becomes bewildered due to their lack of spiritual strength (bhoga-vṛtti will come and their entire bhajana will be ruined)."
379, Jīva-tattva,8.35,,"vidhi-mārga-rata-jane svādhīnatā ratna-dāne
 rāga-mārge karān praveśa
 rāga-vaśavartī haiyā pārakīya bhāvāśraye
 labhe jīva kṛṣṇa-premāveśa",kṛṣṇa-nāma dhare kata bala,,"To the person fixed in the regulative principles (niṣṭhā), the Holy Name gives the jewel of independence, placing him on the path of spontaneous devotion (rāgānuga-bhakti). That person, overcome by spontaneous attachment to the Lord, takes shelter of the parakīyā mood and goes on to become absorbed in love for Kṛṣṇa."
380, Jīva-tattva,8.36,sampadyāvirbhāvaḥ svena-śabdāt,sampadyāvirbhāvaḥ svena-śabdāt,Vedānta Sutra 4.4.1,"sampadya—of he who has attained perfection; āvirbhāvaḥ—manifestation; śabdāt-svena—by the word ""own"".","In the stage of perfection, the form which manifests is his own' (This is a Vedānta Sūtra commentary on a Chāndogya Upaniṣad śloka which states that every jīva has his own (svena) innate svarūpa). ['Just so this blessed soul, rising up from the [material] body and approaching the supreme light with his own form achieves (the Absolute).' (Chāndogya Upaniṣad 8.12.2)]"
381, Jīva-tattva,8.37,,"aprākṛta vastu nahe prākṛta-gocara
 veda-purāṇete ei kahe nirantara",CC Mad 9.194,aprākṛta—spiritual; vastu—substance; nahe—not; prākṛta—of matter; gocara—within the jurisdiction; veda-purāṇete—the Vedas and the Purāṇas; ei—this; kahe—say; nirantara—always.,The Vedas and Purāṇas always assert that spiritual substance can never be comprehended by the mundane senses.
382, Jīva-tattva,8.38,A thunderbolt on the heads of the sahajiyās,"ataḥ śrī-kṛṣṇa-nāmādi
 na bhaved grāhyam indriyaiḥ
 sevonmukhe hi jihvādau
 svayam eva sphuraty adaḥ",Padma Purāṇa,"ataḥ—therefore; śrī-kṛṣṇa-nāma-ādi—Lord Kṛṣṇa's name, form, qualities, pastimes and so on; na—not; bhavet—can be; grāhyam—perceived; indriyaiḥ—by the blunt material senses; sevā-unmukhe—to one engaged in His service; hi—certainly; jihvā-ādau—beginning with the tongue; svayam—personally; eva—certainly; sphurati—become manifest; adaḥ—those (Kṛṣṇa's name, form, qualities and so on).","The nāma-rūpa-guṇ-līlā of Śrī Kṛṣṇa can never be perceived by the conditioned soul. Only for one whose mind and senses have ben purified by chanting and serving under the guidance of sad-guru will Kṛṣṇa's name, form, qualities and pastimes become manifest. Śrī harināma will manifest on the tongue of such a sevon-mukha sādhaka naturally by itself."
383, Jīva-tattva,8.39,,"kīrtana-prabhāve, smaraṇa haibe,
 se kāle bhajana-nirjana sambhava",Mahājana-racita Gīta,kīrtana-prabhāve—by the power of the chanting; smaraṇa—remembering the Lord's pastimes; haibe—will be; se kāle—at that time; bhajana-nirjana—solitary bhajana; sambhava—possible.,The transcendental power of congregational chanting automatically awakens remembrance of the Lord and His divine pastimes in relation to one's own eternal spiritual form. Only at that time does it become possible to go off to a solitary place and engage in the confidential worship of Their Lordships (aṣṭa-kālīya-līlā-smaraṇa).
384, Acintya-bhedābheda-tattva,9.1,Śrī-Daśa-Mūla-Tattva States,"hareḥ śakteḥ sarvaṁ cid-acid akhilaṁ syāt pariṇatiḥ
 vivartaṁ no satyaṁ śrutim iti viruddhaṁ kali-malam
 harer bhedābheda-śruti-vihita-tattvaṁ suvimalaṁ
 tataḥ premnaḥ siddhir bhavati nitarāṁ nitya-viṣaye",Śrī-Daśa-Mūla-Tattva,sarvam—everything; cit-acit—spiritual and material; syāt—should be understood to be; pariṇatiḥ—the transformation; śakteḥ—of the energy; hareḥ—of Lord Hari; vīvartam—the impersonalist philosophy of illusion; na—not; tu—indeed; satyam—true; kali—of the age of Kali; malam—contamination; viruddham—contradicting; śrutim—by the Vedas; suvimalam—very pure; tattvam—truth; vihita—established; śruti—in the Vedas; iti—that; akhilam— everything; abhedau— simultaneously one; bheda—and different; hareḥ—from Lord Hari; tataḥ—therefore; siddhiḥ—the perfection; premṇaḥ—of spiritual love; bhavati—may be; nitarām—eternally; nitya-viṣaye—when one accepts this eternal and all-encompassing principle.,"The entire spiritual and material creation is a transformation of Śrī Kṛṣṇa's śakti. The impersonal philosophy of illusion (vivarta-vāda) is not true. It is an impurity produced by Kali-yuga, and is contrary to the teachings of the Vedas. The Vedas support acintya-bhedābheda-tattva (inconceivable oneness and difference) as the pure absolute doctrine, and one can attain perfect love for Kṛṣṇa when he accepts this principle."
385, Acintya-bhedābheda-tattva,9.2,The Supreme Absolute Truth is One – 'ekam eva paramaṁ tattvaṁ',"ekam eva paramaṁ tattvaṁ svabhāvika-acintya-śaktyā
 sarvadaiva svarūpa-tad-rūpa-vaibhava-jīva-pradhāna-rūpeṇa
 caturddhāvatiṣṭhate, sūryāntara-maṇḍalasthita-teja īva
 maṇḍala-tad-bahirgata-tad-raśmi-tat-praticchavi-rūpeṇa",Bhāgavat-sandarbha,,"The Absolute Truth is one. His unique characteristic is that He is endowed with inconceivable potency through which He is always manifested in four ways: 1) svarūpa (His original form), 2) tad-rūpa-vaibhava (His personal splendor, including His eternal abode and eternal associates, expansions and avatāras), 3) jīvas (the individual souls), and 4) pradhāna (the material energy). These four features are likened to the interior of the sun planet, the surface of the sun, the sun-rays emanating from this surface, and a remotely situated reflection, respectively."
386, Acintya-bhedābheda-tattva,9.3,,"advaya-jñāna-para-tattva – The Absolute Truth is undivided knowledge.
 Bhag. Sand. 16.16/JD Ch.18
 

 ekam eva paramaṁ tattvaṁ – The Absolute Truth is one.
 Bhag. Sand. 16.16/JD Ch.18
 

 ekam evādvitīyam – The absolute truth is one without a second.
 Chāndogya Upaniṣad 6.2.1/JD Ch.18
 

 neha nānāsti kiñcana
 Bṛhad-āraṇyaka Upaniṣad 4.4.19
 

 sarvaṁ khalv idaṁ brahma – This entire creation is the form of the Absolute.
 Chāndogya Upaniṣad 3.14.1/JD Ch. 18",Bhag. Sand. 16.16,,"Other than the one non-dual absolute truth, advaya-brahma, there is no existence of any separate forms."
387, Acintya-bhedābheda-tattva,9.4,There is no svagata-bheda in the Absolute Truth,"aṅgāni yasya sakalendriya-vṛttimanti
 paśyanti pānti kalayanti ciraṁ jaganti
 ānanda-cinmaya-sad-ujjvala-vigrahasya
 govindam ādi-puruṣaṁ tam ahaṁ bhajāmi",Śrī Brahma-saṁhitā 5.32,aham bhajāmi—I engage in the bhajana; tam govindam—of Him Govinda; ādi-puruṣam—the original person; vigrahasya—whose form (is) cinmaya—embued with spirit; ānanda—bliss; sat—substantiality; ujjvala—full of dazzling splendor; yasya—whose; aṅgāni—limbs; vṛttimanti—possess the functions; sakala-indriya—of all His organs; yasya—whose; aṅgāni—plenary portions paśyanti—behold; pānti—maintain; kalayanti—manifest; ciram—eternally; jaganti—the universes.,"""I engage in the bhajana of Śrī Govinda, the primeval Lord. His transcendental form is full of bliss, truth, substantiality and is thus full of the most dazzling splendor. Each of the limbs of that transcendental figure possesses in Himself, the full-fledged functions of all the organs, and eternally sees, maintains and manifests the infinite universes, both spiritual and mundane."""
388, Acintya-bhedābheda-tattva,9.5,There is no svajātīya-bheda in the Absolute Truth,"dīpārcir eva hi daśāntaram abhyupetya
 dīpāyate vivṛta-hetu-samāna-dharmā
 yas tādṛg eva hi ca viṣṇutayā vibhāti
 govindam ādi-puruṣaṁ tam ahaṁ bhajāmi",Śrī Brahma-saṁhitā5.46,"aham bhajāmi—I engage in the devotion service of; ādi-puruṣam—the original person; tam govindam—Him, the charmer of cow and milkmaids; eva hi—certainly; (just like) dīpa-arciḥ—the flame of a lamp; abhyupetya—expands; dīpāyate—lighting; daśa-antaram—ten other lamps; samāna-dharmā—equally powerful; vivṛta-hetu—as their expanded cause; ca—also; eva hi—in exactly; yaḥ—who; tādṛk—same way; viṣṇutayā—by His expansion as Lord Viṣṇu; vibhāti—He illuminates;","When the flame of one candle is expanded to another candle and placed in a different position, it burns separately, and its illumination is as powerful as the original candle's. Similarly, the Supreme Lord, Govinda, expands Himself in different forms as Viṣṇu, who is equally luminous, powerful and opulent. Let me worship that Supreme Personality of Godhead, Govinda."
389, Acintya-bhedābheda-tattva,9.6,There is no vijātīya-bheda in the Absolute Truth,śakti-śaktimator abhedaḥ,Vedānta sutra,,"There is no difference between the energetic and energy, the potent and the potency."
390, Acintya-bhedābheda-tattva,9.7,,iśāvāsyam idam sarvaṁ / yat kiñca jagatyāṁ jagat,Īśopaniṣad 1,īśa—by the Lord; āvāsyam—controlled; idam—this; sarvam—all; yat kiñca—whatever; jagatyām—within the universe; jagat—all that is animate or inanimate.,Everything animate or inanimate that is within the universe is controlled and owned by the Lord.
391, Acintya-bhedābheda-tattva,9.8,Kṛṣṇa is equipped with His inconceivable potency,aghaṭana ghaṭana patīyasī śakti,BR 1.1 pt,,The potency that makes the inconceivable conceivable and the impossible possible.
392, Acintya-bhedābheda-tattva,9.9,,kartum akartum anyathā kartuṁ,Paramātma Sandarbha An. 93,kartum—to do; akartum—not to do; anyathā—otherwise; kartuṁ—to do.,"He has the power to do anything, to undo anything, or to change anything into anything else. Although He is the doer, He is nonetheless the non-doer"
393, Acintya-bhedābheda-tattva,9.1,Kṛṣṇa is everyone's maintainer,"yato vā imāni bhūtāni / jāyante yena jātāni jīvanti
 yat prayanty abhisaṁviśanti / tad vijijñāsasva tad brahma",Taittirīya Up. 3.1.1,yataḥ—from whom; vai—indeed; imāni—these; bhūtāni—beings; jāyante—are born; yena—by whom; jātāni—born; jīvanti—live; yat—what; prayanti—go; abhāsaṁviśanti—enter; tat—that; vijijñāsasva—you should try to know; tat—that; brahma—the Supreme.,"One should enquire about that Brahman from whom all living entities are born, by whom their existence is maintained and into whom they all ultimately enter. (see 6.12 nityo nityānāṁ)"
394, Acintya-bhedābheda-tattva,9.12,All the universes are situated within Bhagavān and Bhagavān is also fully present in every atom of all the universes by the influence of His acintya-śakti,"eko 'py asau racayituṁ jagad-aṇḍa-koṭiṁ
 yac-chaktir asti jagad-aṇḍa-cayā yad-antaḥ
 aṇḍāntara-stha-paramāṇu-cayāntara-stham-
 govindam ādi-puruṣaṁ tam ahaṁ bhajāmi", Sri Brahma Samhita 35,"aham bhajāmi—I render service; tam—to that; ādi-puruṣam govindam—primeval Person, Śrī Govinda; api—although; asau asti—He is exists; ekaḥ—in a single tattva; yat-śaktiḥ—by His self-sufficient potency; racayitum—in creating; koṭim—the tens of milllions; jagad-aṇḍa—of universes; yad-antaḥ—through His entrance; cayā—within the host; jagad-aṇḍa—of universes; antara-stha—He becomes situated; aṇḍa—(simultaneously) in each universe; antara-stham—and within; cayā—each of the host; paramāṇu—of parama-aṇus (atoms).","Śakti (potency) and śaktimān (potent) are one undifferentiated principle. The śakti by which billions of universes are created is situated inseparably within Bhagavān. All the universes are situated within Bhagavān and Bhagavān is also fully present in every atom of all the universes by the influence of His acintya-śakti. I render service to that ādi-puruṣa, Śrī Govinda. (see 3.33 – yathā mahānti bhūtāni)"
395, Acintya-bhedābheda-tattva,9.13,eko bahu syāṁ,eko bahu syāṁ,Chāndogya Upaniṣad 6.2.3,eka—one; bahu—many; syām—I will be;,"Śrī Bhagavān thought: Although I am one, I shall become many. (Kṛṣṇa is One and becomes many. Yet becoming many, He still remains One). [BS 35 pt]"
396, Acintya-bhedābheda-tattva,9.14,,"oṁ pūrṇam adaḥ pūrṇam idaṁ / pūrṇāt pūrṇam udacyate
 pūrṇasya pūrṇam ādāya / pūrṇam evāvaśiṣyate",Śrī Iśopaniṣad,"oṁ—the Complete Whole; pūrṇam—perfectly complete; adaḥ—that; pūrṇam—perfectly complete; idam—this phenomenal world; pūrṇāt—from the all-perfect; pūrṇam—complete unit; udacyate—is produced; pūrṇasya—of the Complete Whole; pūrṇam—completely, all; ādāya—having been taken away; pūrṇam—the complete balance; eva—even; avaśiṣyate—is remaining.","The Personality of Godhead is perfect and complete, and because He is completely perfect, all emanations from Him, such as this phenomenal world, are perfectly equipped as complete wholes. Whatever is produced of the Complete Whole is also complete in itself. Because He is the Complete Whole, even though so many complete units emanate from Him, He remains perfectly complete."
397, Acintya-bhedābheda-tattva,9.15,,"mayā tatam idaṁ sarvaṁ / jagad avyakta-mūrtinā
 mat-sthāni sarva-bhūtāni / na cāhaṁ teṣv avasthitaḥ",BG 9.4,mayā—by Me; tatam—pervaded; idam—this; sarvam—all; jagat—cosmic manifestation; avyakta-mūrtinā—by the unmanifested form; mat-sthāni—in Me; sarva-bhūtāni—all living entities; na—not; ca—also; aham—I; teṣu—in them; avasthitaḥ—situated.,"By Me, in My unmanifested form, this entire universe is pervaded. All beings are in Me, but I am not in them."
398, Acintya-bhedābheda-tattva,9.16,,"na ca mat-sthāni bhūtāni / paśya me yogam aiśvaram
 bhūta-bhṛn na ca bhūta-stho / mamātmā bhūta-bhāvanaḥ",BG 9.5,na—never; ca—also; mat-sthāni—situated in Me; bhūtāni—all creation; paśya—just see; me—My; yogam aiśvaram—inconceivable mystic power; bhūta-bhṛt—the maintainer of all living entities; na—never; ca—also; bhūta-sthaḥ—in the cosmic manifestation; mama—My; ātmā—Self; bhūta-bhāvanaḥ—the source of all manifestations.,"And yet everything that is created does not rest in Me. Behold My mystic opulence! Although I am the maintainer of all living entities and although I am everywhere, I am not a part of this cosmic manifestation, for My Self is the very source of creation."
399, Acintya-bhedābheda-tattva,9.17,,"janma karma ca viśvātmann / ajasyākartur ātmanaḥ
 tiryaṅ-nèṣiṣu yādaḥsu / tad atyanta-viḍambanam",SB 1.8.30,janma—birth; karma—activity; ca—and; viśva-ātman—O soul of the universe; ajasya—of the unborn; akartuḥ—of the inactive; ātmanaḥ—of the vital energy; tiryak—animal; nṛ—human being; ṛṣiṣu—in the sages; yādaḥsu—in the water; tat—that; atyanta—veritable; viḍambanam—bewildering.,"[Queen Kuntī said:] ""Of course it is bewildering, O soul of the universe, that You work, though You are inactive, and that You take birth, though You are the vital force and the unborn. You Yourself descend amongst animals, men, sages and aquatics. Verily, this is bewildering."""
400, Acintya-bhedābheda-tattva,9.18,,"gopy ādade tvayi kṛtāgasi dāma tāvad
 yā te daśāśru-kalilāñjana-sambhramākṣam
 vaktraṁ ninīya bhaya-bhāvanayā sthitasya
 sā māṁ vimohayati bhīr api yad bibheti",SB 1.8.31,gopī—the cowherd lady (Yaśodā); ādade—took up; tvayi—on Your; kṛtāgasi—creating disturbances (by breaking the butter pot); dāma—rope; tāvat—at that time; yā—that which; te—Your; daśā—situation; aśru-kalila—overflooded with tears; añjana—ointment; sambhrama—perturbed; akṣam—eyes; vaktram—face; ninīya—downwards; bhaya-bhāvanayā—by thoughts of fear; sthitasya—of the situation; sā—that; mām—me; vimohayati—bewilders; bhīḥ api—even fear personified; yat—whom; bibheti—is afraid.,"[Queen Kuntī said:] ""My dear Kṛṣṇa, Yaśodā took up a rope to bind You when You committed an offense, and Your perturbed eyes overflowed with tears, which washed the mascara from Your eyes. And You were afraid, though fear personified is afraid of You. This sight is bewildering to me."""
401, Varṇāśrama-dharma-tattva,10.1,Even the most fallen and sinful can be purified by sādhu-saṅga,"kirāta-hūṇāndhra-pulinda-pulkaśā
 ābhīra-śumbhā yavanāḥ khasādayaḥ
 ye 'nye ca pāpā yad-apāśrayāśrayāḥ
 śudhyanti tasmai prabhaviṣṇave namaḥ",SB 2.4.18,kirāta—a province of old Bhārata; hūṇa—part of Germany and Russia; āndhra—a province of southern India; pulinda—the Greeks; pulkaśāḥ—another province; ābhīra—part of old Sind; śumbhāḥ—another province; yavanāḥ—the Turks; khasa-ādayaḥ—the Mongolian province; ye—even those; anye—others; ca—also; pāpāḥ—addicted to sinful acts; yat—whose; apāśraya-āśrayāḥ—having taken shelter of the devotees of the Lord; śudhyanti—at once purified; tasmai—unto Him; prabhaviṣṇave—unto the powerful Viṣṇu; namaḥ—my respectful obeisances.,"Kirāta, Hūṇa, Āndhra, Pulinda, Pulkaśa, Ābhīra, Śumbha, Yavana, members of the Khasa races and even others addicted to sinful acts can be purified by taking shelter of the devotees of the Lord, due to His being the supreme power. I offer my respectful obeisances unto Him."
402, Varṇāśrama-dharma-tattva,10.2,,"kulācāra-vihīno'pi dṛḍha-bhaktir jitendriyaḥ
 praśastaṁ sarva-lokānāṁ na tv aṣṭādaśa-vidyakaḥ
 bhakti-hīno dvijaḥ śāntaḥ saj-jāti-dharmikas tathā",Skanda Purāṇa,,"A person who, although not born in an aristocratic family and unaware of the niceties of refined conduct, controls his senses and engages in unwavering devotional service to the Supreme Lord, is famous and glorious among men. However, a peaceful, nobly born brāhmaṇa, religious and learned in the eighteen sciences, but who does not serve the Lord, is not glorious at all."
403, Varṇāśrama-dharma-tattva,10.3,,"brāhmaṇaḥ kṣatriyo vaiśyaḥ śūdro yad ivetaraḥ
 viṣṇu-bhakti-samāyukto jñeyaḥ sarvottamottamaḥ",Bhakti Sandarbha,,"In the Kāśī-khaṇḍa it is said: ""Either a brāhmaṇa, kṣatriya, vaiśya, śūdra, or whatever, a person is most exalted if he engages in devotional service to Lord Viṣṇu."""
404, Varṇāśrama-dharma-tattva,10.4,,"viṣṇu-bhakti-vihīnā ye caṇḍālāḥ parikīrtitāḥ
 caṇḍālā api vai śreṣṭhā hari-bhakti-parāyaṇāḥ",Bṛhan-nāradīya,ye—those; viṣṇu-bhakti-vihīnāḥ—bereft of devotion to Śrī Viṣṇu; caṇḍālāḥ—dogeaters; parikīrtitāḥ—are said to be; api—however; caṇḍālā—dogeaters; vai—certainly; śreṣṭhāḥ—most exalted; hari-bhakti-parāyaṇāḥ—who are dedicated to hari-bhakti.,"""O King, a dog-eater that is a devotee of Lord Viṣṇu is greater than a brāhmaṇa. A brāhmaṇa that has no devotion for Lord Viṣṇu is lower than a dog-eater."""
405, Varṇāśrama-dharma-tattva,10.5,,"caṇḍālo 'pi dvija-śreṣṭha (or:) muneḥ śreṣṭo
 hari-bhakti-parāyaṇaḥ
 hari-bhakti-vihīnaś ca
 dvijo 'pi śvapacādhamaḥ",Caitanya Maṇgala Ādi 31.52,caṇḍāla—one born as a dog-eater; api—although; dvija-śreṣṭha—the best of the twice-born; hari-bhakti-parāyaṇaḥ—absorbed in devotion to Śrī Hari; hari-bhakti-vihīnaḥ—one devoid of devotional service to Hari; ca—and; dvijaḥ—twice-born; api—although; śvapaca-adhamaḥ—lower than a dogeater;.,"Even if one is born in the family of a caṇḍāla, if he engages in the devotional service of the Lord, he is be considered the best of brāhmaṇas. But one born a brāhmaṇa if devoid of devotional service is lower than a dog-eater."
406, Varṇāśrama-dharma-tattva,10.6,,"janmanā jāyate śūdraḥ / saṁskarād bhaved dvijaḥ
 veda-pāṭhād bhaved vipro / brahma jānātīti brāhmanaḥ",Smṛti Vākya,janmanā—by birth; jāyate—one is born; śūdraḥ—a śūdra; saṁskarāt—by the process of reformatory ceremonies such as initiation by a spiritual master; bhavet—one may become; dvijaḥ—twice-born; veda-pāṭhāt—study of the Vedas; bhaved —one can become; vipraḥ—inspired within; brahma—the Supreme Spirit; jānāti—knows; iti—thus; brāhmanaḥ—a brāhmaṇa.,"By birth everyone is a śūdra; by undergoing the purificatory ceremonies under the direction of a bona fide spiritual master, one becomes dvija, twice-born. One who through study of the Vedas is inspired within his heart becomes a vipra and when one actually realizes Brahma, the Supreme Spirit, he becomes a brāhmaṇa."
407, Varṇāśrama-dharma-tattva,10.7,,"yaśaḥ śriyām eva pariśramaḥ paro
 varṇāśramācāra-tapaḥ-śrutādiṣu
 avismṛtiḥ śrīdhara-pāda-padmayor
 guṇānuvāda-śravaṇādarādibhiḥ",SB 12.12.54,yaśaḥ—in fame; śrīyām—and opulence; eva—only; pariśramaḥ—the labor; paraḥ—great; varṇa-āśrama-ācāra—by one's execution of duties in the varṇāśrama system; tapaḥ—austerities; śruta—hearing of sacred scripture; ādiṣu—and so on; avismṛtiḥ—without forgetting; śrīdhara—of the maintainer of the goddess of fortune; pāda-padmayoḥ—of the lotus feet; guṇa-anuvāda—of the chanting of the qualities; śravaṇa—by hearing; ādara—respecting; ādibhiḥ—and so on.,"The great endeavor one undergoes in executing the ordinary social and religious duties of the varṇāśrama system, in performing austerities, and in hearing from the Vedas culminates only in the achievement of mundane fame and opulence. But by respecting and attentively hearing the recitation of the transcendental qualities of the Supreme Lord, the husband of the goddess of fortune, one can unfailingly remember His lotus feet."
408, Varṇāśrama-dharma-tattva,10.8,,"yadi māṁ prāptum icchanti prāpnuvanty eva nānyathā
 kalau kaluṣa-cittānāṁ vṛthāyuḥ-prabhṛtīni ca
 bhavanti varṇāśramiṇāṁ na tu mac-charaṇārthinām",Bhakti Sandarbha 99,,"In Brahman-vaivarta Purāṇa Lord Viṣṇu tells Lord Śiva: ""If the living entities desire to attain Me they should take shelter of Me. Their hearts polluted by Kali-yuga, the followers of varṇāśrama waste their lives and everything they possess. This is not true for they who take shelter of Me. They do not waste their lives."""
409, Varṇāśrama-dharma-tattva,10.9,The sannyāsa mantra (of the avadhuta-brāhmaṇa),"etāṁ sa āsthāya parātma-niṣṭhām
 adhyāsitāṁ pūrvatamair maharṣibhiḥ
 ahaṁ tariṣyāmi duranta-pāraṁ
 tamo mukundāṅghri-niṣevayaiva",SB 11.23.57,"etām—this; sa āsthāya—becoming completely fixed in; para-ātma-niṣṭhām—devotion to the Supreme Person, Kṛṣṇa; adhyāsitām—worshiped; pūrvatamaiḥ—by previous; mahaṛṣibhiḥ—great sages; aham—I; tariṣyāmi—shall cross over; duranta-pāram—the insurmountable; tamaḥ—the ocean of nescience; mukunda-aṅghri—of the lotus feet of Mukunda; niṣevayā—by worship; eva—certainly.","[An expanded translation by Śrīla B.R. Śrīdhara Mahārāja:] The previous great sages have accepted and shown the path of sannyāsa. I have now accepted that very form of life. Now, leaving everything aside, I shall run toward Vṛndāvana. There, taking the name of Mukunda, Kṛṣṇa, I shall cross over the ocean of nescience. Crossing this māyā, I shall reach Vraja and fully enter the service of Śrī Kṛṣṇa (Golden Volcano)."
410, Varṇāśrama-dharma-tattva,10.1,,"varṇāśramācāravatā / puruṣeṇa paraḥ pumān
 viṣṇur ārādhyate panthā / nānyat tat-toṣa-kāraṇam",Viṣṇu Purāṇa 3.8.9,varṇa-āśrama-ācāravatā—who behaves according to the system of four divisions of social order and four divisions of spiritual life; puruṣeṇa—by a man; paraḥ—the supreme; pumān—person; viṣṇuḥ—Lord Viṣṇu; ārādhyate—is worshiped; panthā—way; na—not; anyat—another; tat-toṣa-kāraṇam—cause of satisfying the Lord.,"The Supreme Personality of Godhead, Lord Viṣṇu, is worshiped by the proper execution of prescribed duties in the system of varṇa and āśrama. There is no other way to satisfy the Supreme Personality of Godhead. One must be situated in the institution of the four varṇas and āśramas."
411, Varṇāśrama-dharma-tattva,10.11,,"ataḥ pumbhir dvija-śreṣṭhā / varṇāśrama-vibhāgaśaḥ
 svanuṣṭhitasya dharmasya / saṁsiddhir hari-toṣaṇam",SB 1.2.13,ataḥ—so; pumbhiḥ—by the human being; dvija-śreṣṭhāḥ—O best among the twiceborn; varṇa-āśrama—the institution of four castes and four orders of life; vibhāgaśaḥ—by the division of; svanuṣṭhitasya—of one's own prescribed duties; dharmasya—occupational; saṁsiddhiḥ—the highest perfection; hari—the Personality of Godhead; toṣaṇam—pleasing.,"O best among the twice-born, it is therefore concluded that the highest perfection one can achieve by discharging the duties prescribed for one's own occupation according to caste divisions and orders of life is to please the Personality of Godhead."
412, Varṇāśrama-dharma-tattva,10.12,Vaiṣṇava versus smarta conceptions,cātur-varṇyaṁ mayā sṛṣtaṁ / guṇa-karma vibhāgaśaḥ,BG 4.13,cātuḥ-varṇyam—the four divisions of human society; mayā—by Me; sṛṣṭam—created; guṇa—of quality; karma—and work; vibhāgaśaḥ—in terms of division;,"""The four divisions of human society were created by Me, in terms of their respective qualities and characteristic work [not in terms of birth."""
413, Varṇāśrama-dharma-tattva,10.13,,"yasya yal lakṣaṇaṁ proktaṁ
 puṁso varṇābhivyañjakam
 yad anyatrāpi dṛśyeta
 tat tenaiva vinirdiśet",SB 7.11.35,"yasya—of whom; yat—which; lakṣaṇam—symptom; proktam—described (above); puṁsaḥ—of a person; varṇa-abhivyañjakam—indicating the classification of varṇas: brāhmaṇa, kṣatriya, vaiśya, śūdra, etc.); yat—if; anyatra—elsewhere; api—also; dṛśyeta—is seen; tat—that; tena—by that symptom; eva—certainly; vinirdiśet—one should designate.","If one shows the symptoms of being a brāhmaṇa, kṣatriya, vaiśya or śūdra, as described above, even if he has appeared in a different class, he should be accepted according to those symptoms of classification. In other words, if a person is born in a śūdra family but has all the qualities of a Guru, he should be accepted not only as a brāhmaṇa but as a bona fide Guru as well."
414, Abhidheya-tattva,11,,sā vidyā tan-matir yayā,SB 4.29.49,sā—that; vidyā—education; tat—unto the Lord; matiḥ—consciousness; yayā—by which.,"Real knowledge is that which helps one to become absorbed in Kṛṣṇa, or by which one's attention is concentrated on Bhagavān."
415, Abhidheya-tattva,11.1,,"rāja-vidyā rāja-guhyaṁ
 pavitram idam uttamam
 pratyakṣāvagamaṁ dharmyaṁ
 su-sukhaṁ kartum avyayam",BG 9.2,rāja-vidyā—the king of education; rāja-guhyam—the king of confidential knowledge; pavitram—the purest; idam—this; uttamam—transcendental; pratyakṣa—directly experienced; avagamam—understood; dharmyam—the principle of dharma; susukham—very happy; kartum—to execute; avyayam—everlasting.,"This knowledge is the king of education, the most secret of all secrets. It is the purest knowledge, and because it gives direct perception of the self by realization, it is the perfection of dharma. It is everlasting, and it is joyfully performed."
416, Abhidheya-tattva,11.2,"Mahāprabhu asked Rāya Rāmānanda, ""What is the ultimate knowledge?""","prabhu kahe – ""kaun vidyā vidyā madhye sāra?""
 rāya kahe – ""kṛṣṇa bhakti vinā vidyā nāhi āra""",CC Mad 8.245,prabhu kahe—the Lord inquired; kon—what; vidyā—knowledge; vidyā-madhye—in the midst of knowledge; sāra—the essence; rāya kahe—Rāmānanda Rāya answered; kṛṣṇa-bhakti—devotional service to Kṛṣṇa; vinā—except; vidyā—education; nāhi—there is not; āra—any other.,"""Which is the most important of all fields of knowledge?"" Rāya Rāmānanda replied, ""Except for kṛṣṇa-bhakti, no other knowledge is important."""
417, Abhidheya-tattva,11.3,"The scriptures condemn the path of speculative knowledge (jñāna). Therefore, one must abandon the desire for knowledge and replace it with bhakti","jñāne prayāsam udapāsya namanta eva
 jīvanti san-mukharitāṁ bhavadīya-vārtām
 sthāne sthitāḥ śruti-gatāṁ tanu-vāṅ-manobhir
 ye prāyaśo 'jita jito 'py asi tais tri-lokyām",SB 10.14.3,"jñāne—for knowledge; prayāsam—the endeavor; udapāsya—giving up, discarding resolutely; namantaḥ—offering obeisances; eva—simply; jīvanti—live; sat-mukharitām—chanted by the pure devotees; bhavadīya-vārtām—topics related to You; sthāne—in their material position; sthitāḥ—remaining; śruti-gatām—received by hearing; tanu—with their body; vāk—words; manobhiḥ—and mind; ye—who; prāyaśaḥ—for the most part; ajita—O unconquerable one; jitaḥ—conquered; api—nevertheless; asi—You become; taiḥ—by them; tri-lokyām—within the three worlds.","[Brahma prayed:] ""Those who, even while remaining situated in their established social positions, throw away the process of speculative knowledge and with their body, words and mind offer all respects to descriptions of Your personality and activities, dedicating their lives to these narrations, which are vibrated by You personally and by Your pure devotees, certainly conquer Your Lordship, although You are otherwise unconquerable by anyone within the three worlds."" (BVSP) (An alternative translation by SSM:) ""Hatefully giving up all intellectual attempts to understand the Supreme Truth, those who want to realize You should completely surrender unto You. They should hear from self-realized devotees about Your holy name and transcendental pastimes. Whatever situation they may find themselves in, they should progress by fully dedicating their mind, body, and words to You. In this way the infinite, who is never conquered by anyone, becomes conquered through love."""
418, Abhidheya-tattva,11.4,Bhakti free from Jñāna and Vairāgya,"tasmān mad-bhakti-yuktasya
 yogino vai mad-ātmanaḥ
 na jñānaṁ na ca vairāgyaṁ
 prāyaḥ śreyo bhaved iha",SB 11.20.31,tasmāt—therefore; mat-bhakti-yuktasya—of one who is engaged in My loving service; yoginaḥ—of a devotee; vai—certainly; mat-ātmanaḥ—whose mind is fixed in Me; na—not; jñānam—the cultivation of knowledge; na—nor; ca—also; vairāgyam—the cultivation of renunciation; prāyaḥ—generally; śreyaḥ—the means of achieving perfection; bhavet—may be; iha—in this world.,"Therefore, for a devotee engaged in My loving service, with mind fixed on Me, the cultivation of knowledge and renunciation is generally not the means of achieving the highest perfection within this world."
419, Abhidheya-tattva,11.5,Material knowledge is born from māyā (illusion) and is therefore useless,"jaḍavidyā jata māyāra vaibhava tomāra bhajane bādhā
 moha janamiyā anitya saṁsāre jīvake karaye gādhā",BVT,,The knowledge of this material world is knowledge born of Your illusory energy (māyā). It creates obstacles in devotional service and makes an ass of the eternal jīva by increasing his infatuation with this temporary world.
420, Abhidheya-tattva,11.6,Śrīmad-Bhāgavatam condemns the path of speculative knowledge (jñāna),"śreyaḥ-sṛtiṁ bhaktim udasya te vibho / kliśyanti ye kevala-bodha-labdhaye
 teṣām asau kleśala eva śiṣyate / nānyad yathā sthūla-tuṣāvaghātinām",SB 10.14.4,śreyaḥ—of supreme benefit; sṛtim—the path; bhaktim—devotional service; udasya—rejecting; te—they; vibho—O almighty Lord; kliśyanti—struggle; ye—who; kevala—exclusive; bodha—of knowledge; labdhaye—for the achievement; teṣām—for them; asau—this; kleśalaḥ—botheration; eva—merely; śiṣyate—remains; na—nothing; anyat—other; yathā—just as; sthūla-tuṣa—empty husks; avaghātinām—for those who are beating.,"O Lord, devotional service unto You is the main source of all kinds of auspiciousness. Those who give up this path only to cultivate jñāna [speculative knowledge] will simply undergo hard work, suffer pain and achieve difficulty, just as the only gain of a person who beats empty husks is hard work, not rice."
421, Abhidheya-tattva,11.7,In Śrīmad-Bhāgavatam jñāna and karma are both condemned,"naiṣkarmyam apy acyuta-bhāva-varjitaṁ
 na śobhate jñānam alaṁ nirañjanam
 kutaḥ punaḥ śaśvad abhadram īśvare
 na cārpitaṁ karma yad apy akāraṇam",SB 1.5.12,"naiṣkarmyam—self-realisation, being freed from the reactions of fruitive work; api—in spite of; acyuta—the infallible Lord; bhāva—conception; varjitam—devoid of; na—does not; śobhate—look well; jñānam—transcendental knowledge; alam—by and by; nirañjanam—free from designations; kutaḥ—where is; punaḥ—again; śaśvat—always; abhadram—uncongenial; īśvare—unto the Lord; na—not; ca—and; arpitam—offered; karma—fruitive work; yat api—what is; akāraṇam—not fruitive.","Even pure knowledge (jñā), which is the direct sādhana to obtain liberation, has no beauty if it is devoid of bhakti to Bhagavān. How then can selfless action (niṣkāma-karma), which is not offered to Bhagavān, and fruitive action (kāmya-karma), which is always inauspicious in both its practice stage and at perfection, be beautiful or beneficial?"
422, Abhidheya-tattva,11.8,Bhāgavatam Derides Jñāna and Karma,"dharmaḥ svanuṣṭhitaḥ puṁsāṁ
 viṣvaksena-kathāsu yaḥ
 notpādayed yadi ratiṁ
 śrama eva hi kevalam",SB 1.2.8,dharmaḥ—occupation; svanuṣṭhitaḥ—executed in terms of one's own position; puṁsām—of humankind; viṣvaksena—the Personality of Godhead (plenary portion); kathāsu—in the message of; yaḥ—what is; na—not; utpādayet—does produce; yadi—if; ratim—attraction; śramaḥ—useless labor; eva—only; hi—certainly; kevalam—entirely.,"Any spiritual practices and occupational duties that do not inspire attraction for Harī-kathā, the narrations of Śrī Kṛṣṇa, are only a waste of time."
423, Abhidheya-tattva,11.9,"Taste is the key for understanding bhakti, not logic or dry reasoning","svalpāpi rūcir eva syād bhakti-tattvāvabodhikā
 yuktis tu kevalā naiva yad asyā apratiṣṭhatā",BRS 1.1.45,eva—certainly; api—even; sv-alpā—a very slight; rūciḥ—taste; syāt—can be; avabodhikā—an awakener; bhakti-tattva—for the science of devotion; tu—however; kevalā—only; yuktiḥ—logic; (is) eva—certainly; na—not; apratiṣṭhatā—a sound foundation; yad—which; asyāḥ—for the realization of bhakti.,"If a person has even a little taste for understanding devotional service, the revealed scriptures will bring him nearer to the truth of bhakti. But for one who is only interested in speculating and book knowledge and who does not engage in practical service, understanding will never be conclusive."
424, Abhidheya-tattva,11.1,Jñāna and Vairāgya are not essential for devotional service,"jñāna-vairāgyādi—bhaktira kabhu nahe 'aṅga'
 ahiṁsā-yama-niyamādi bule kṛṣṇa-bhakta-saṅga",CC Mad 22.145,jñāna—the path of knowledge; vairāgya-ādi—the path of renunciation and so on; bhaktira—of devotional service; kabhu—at any time; nahe—not; aṅga—a part; ahiṁsā—nonviolence; yama—controlling the senses and the mind; niyama-ādi—restrictions and so on; bule—roam; kṛṣṇa-bhakta-saṅga—in the association of a devotee of Lord Kṛṣṇa.,"The path of speculative knowledge (jñāna) and renunciation (vairāgya) is not essential for devotional service. Indeed, good qualities such as nonviolence and control of the mind and senses automatically accompany a devotee of Lord Kṛṣṇa."
425, Abhidheya-tattva,11.11,Bhukti and Mukti are just like clouds which temporarily cover the sky of Bhakti,"bhukti mukti, je-gati, tāhe nā koriho rati
 meghera chāyāya, juḍāna jemana, kaha nā se kaun gati",E Mana! 'Harinām' Koro Sāra 3,,"[Oh mind] Do not develop attachment for a life aimed at sense gratification or impersonal liberation. You should realise both are just like clouds which are temporarily covering the sky of bhakti. Being insubstantial like a shadow, you should realise they are not our desired objective."
426, Abhidheya-tattva,11.12,Progress is difficult for those attached to the impersonal feature,"kleśo 'dhikataras teṣām / avyaktāsakta-cetasām
 avyaktā hi gatir duḥkhaṁ / dehavadbhir avāpyate",BG 12.5,kleśaḥ—trouble; adhikataraḥ—very much; teṣām—of them; avyakta—to the unmanifested; āsakta—attached; cetasām—of those whose minds; avyaktā—toward the unmanifested; hi—certainly; gatiḥ—progress; duḥkham—with trouble; deha-vadbhiḥ—by the embodied; avāpyate—is achieved.,"For those whose minds are attached to the unmanifested, impersonal feature of the Supreme, advancement is very troublesome. To make progress in that discipline is always difficult for those who are embodied."
427, Abhidheya-tattva,11.13,Those whose goal is impersonal Brahman liberation are bound to fall down because of neglecting Kṛṣṇa,"ye 'nye 'ravindākṣa vimukta-māninas
 tvayy asta-bhāvād aviśuddha-buddhayaḥ
 āruhya kṛcchreṇa paraṁ padaṁ tataḥ
 patantya adho 'nādṛta-yuṣmad-aṅghrayaḥ",SB 10.2.32,aravinda-akṣa—O lotus-eyed one; ye anye—those others; asta-bhāvāt—on account of their mood being displaced; tvayi—towards You; vimukta-māninaḥ—falsely considering themselves liberated from material bondage; aviśuddha-buddhayaḥ—their intelligence being impure; āruhya—even though achieving; kṛcchreṇa—by undergoing severe austerities; param padam—the highest position (according to their imagination and speculation); patanti—they fall; adhaḥ—down into material existence; tataḥ—from that position; anādṛta—because of neglecting devotion to; yuṣmat—Your; aṅghrayaḥ—lotus feet.,"[Someone may say that aside from Vaiṣṇavas, who always seek shelter at the Lord's lotus feet, there are those who are not Vaiṣṇavas but have accepted a different process for attaining salvation. What happens to them? In answer to this question, Lord Brahmā says:] O lotus-eyed Lord, although nondevotees who accept severe austerities and penances to achieve the highest position may think themselves liberated, their intelligence is impure. Although they may rise to the level of impersonal Brahman realisation, they fall down from their position of imagined superiority because they neglect to worship Your lotus feet."
428, Abhidheya-tattva,11.14,Kṛṣṇa cannot be known by mental speculation,"athāpi te deva padāmbuja-dvaya-
 prasāda-leśānugṛhīta eva hi
 jānāti tattvaṁ bhagavan-mahimno
 na cānya eko 'pi ciraṁ vicinvan",SB 10.14.29,atha—therefore; api—indeed; te—Your; deva—my Lord; pada-ambuja-dvaya—of the two lotus feet; prasāda—of the mercy; leśa—by only a trace; anugṛhītaḥ—favored; eva—certainly; hi—indeed; jānāti—one knows; tattvam—the truth; bhagavat—of Śrī Rādhā-Kṛṣṇa; mahimnaḥ—of the greatness; na—never; ca—and; anyaḥ—another; ekaḥ—one; api—although; ciram—for a long period; vicinvan—speculating.,"[Lord Brahmā said:] My Lord, if one is favored by even a slight trace of the mercy of Your lotus feet, he can understand the greatness of Your personality. But those who speculate are unable to know you, even though they study the Vedas for many years."
429, Abhidheya-tattva,11.15,Only bhakti can award true peacefulness,"kṛṣṇa-bhakta—niṣkāma, ataeva 'śānta'
 bhukti-mukti-siddhi-kāmī sakali 'aśānta'",CC Mad 19.149,kṛṣṇa-bhakta—a devotee of Lord Kṛṣṇa; niṣkāma—actually desireless; ataeva—therefore; śānta—peaceful; bhukti—of material enjoyment; mukti—of liberation from material activities; siddhi—of perfection in yogic performance; kāmī—those who are desirous; sakali—all of them; aśānta—not peaceful.,"Because a devotee of Lord Kṛṣṇa is desireless, he is peaceful. Karmis (Fruitive workers) desire bhukti (material enjoyment), jñānīs desire muktī (liberation), and yogīs desire mystic perfections; therefore they are all lusty and cannot be peaceful."
430, Abhidheya-tattva,11.16,Even the Ātmārāmas (self-satisfied liberated souls) are attracted by pure bhakti,"ātmārāmāś ca munayo / nirgranthā apy urukrame
 kurvanty ahaitukīṁ bhaktim / ittham-bhūta-guṇo hariḥ",SB 1.7.10,sūtaḥ uvāca—Sūta Gosvāmī said; ātmārāmāḥ—those who take pleasure in ātmā (spirit soul); ca—also; munayaḥ—sages; nirgranthāḥ—freed from all bondage; api—in spite of; urukrame—unto the great adventurer; kurvanti—do; ahaitukīm—unalloyed; bhaktim—devotional service; ittham-bhūta—such wonderful; guṇaḥ—qualities; hariḥ—of the Lord.,Even the liberated souls who are fully satisfied in the self are irresistibly attracted by the superexcellent qualities of Kṛṣṇa and surrender to Him with unalloyed devotion.
431, Abhidheya-tattva,11.17,Prema-bhakti forcefully attracts even great liberated souls like Śukadeva Gosvāmī,"sva-sukha-nibhṛta-cetās tad-vyudastānya-bhāvo
 'py ajita-rucira-līlākṛṣṭa-sāras tadīyam
 vyatanuta kṛpayā yas tattva-dīpaṁ purāṇaṁ
 tam akhila-vṛjina-ghnaṁ vyāsa-sūnuṁ nato 'smi",SB 12.12.69,"sva-sukha—in the happiness of the self; nibhṛta—solitary; cetāḥ—whose consciousness; tat—because of that; vyudasta—given up; anya-bhāvaḥ—any other type of consciousness; api—although; ajita—of Śrī Kṛṣṇa, the unconquerable Lord; rucira—pleasing; līlā—by the pastimes; ākṛṣṭa—attracted; sāraḥ—whose heart; tadīyam—consisting of the activities of the Lord; vyatanuta—spread, manifested; kṛpayā—mercifully; yaḥ—who; tattva-dīpam—the bright light of the Absolute Truth; purāṇam—the Purāṇa (Śrīmad-Bhāgavatam); tam—unto Him; akhila-vṛjina-ghnam—defeating everything inauspicious; vyāsa-sūnum—son of Vyāsadeva; nataḥ asmi—I offer my obeisances.","Let me offer my respectful obeisances unto my spiritual master, the son of Vyāsadeva, Śukadeva Gosvāmī. It is he who defeats all inauspicious things within this universe. Although in the beginning he was absorbed in the happiness of Brahman realisation and was living in a secluded place, giving up all other types of consciousness, he became attracted by the pleasing, most melodious pastimes of Lord Śrī Kṛṣṇa. He therefore mercifully spoke this supreme Purāṇa, Śrīmad-Bhāgavatam, which is the bright light of the Absolute Truth and which describes the activities of the Lord."
432, Abhidheya-tattva,11.18,One should always remember Kṛṣṇa and never forget Him,"smartavyaḥ satataṁ viṣṇur / vismartavyo na jātucit
 sarve vidhi-niṣedhāḥ syur / etayor eva kiṅkarāḥ",Padma Purāṇa,smartavyaḥ—to be remembered; satatam—always; viṣṇuḥ—Lord Viṣṇu; vismartavyaḥ—to be forgotten; na—not; jātucit—at any time; sarve—all; vidhi-niṣedhāḥ—rules and prohibitions; syuḥ—should be; etayoḥ—of these two principles (always to remember Kṛṣṇa or Viṣṇu and never to forget Him); eva—certainly; kiṅkarāḥ—the servants.,One should always remember Kṛṣṇa and never forget Him. All the rules and prohibitions are subservient to these two principles.
433, Abhidheya-tattva,11.19,"This rare human body, although temporary, affords the opportunity for spiritual perfection","labdhvā su-durlabham idaṁ bahu-sambhavānte
 mānuṣyam artha-dam anityam apīha dhīraḥ
 tūrṇaṁ yateta na pated anu-mṛtyu yāvan
 niḥśreyasāya viṣayaḥ khalu sarvataḥ syāt",SB 11.9.29,labdhvā—having obtained; su-durlabham—that which is very difficult to obtain; idam—this; bahu—many; sambhava—births; ante—after; mānuṣyam—human form of life; artha-dam—which awards great value; anityam—not eternal; api—although; iha—in this material world; dhīraḥ—one who has sober intelligence; tūrṇam—immediately; yateta—should endeavor; na—not; patet—has fallen; anu-mṛtyu—always subject to death; yāvat—as long as; niḥśreyasāya—for ultimate perfection; viṣayaḥ—sense gratification; khalu—always; sarvataḥ—in all conditions; syāt—is possible.,"This human birth is very rare, because it is only attained after many lifetimes. Even though it is temporary, it can give the highest truth. We cannot obtain the highest truth without sādhu-saṅga, which is difficult to obtain in any species other than the human form. An intelligent person should therefore endeavour to achieve the ultimate good fortune before death, without delaying for even a moment. And what is the ultimate good fortune? Cultivation of kṛṣṇa-bhakti."
434, Abhidheya-tattva,11.2,"This human birth is very rare, therefore take the association of sādhus and cross over this ocean of birth and death.","bhajahū re māna, śrī nanda-nandana, abhaya-caraṇāravinda re
 durlabha mānava-janama sat-saṅge, taraha e bhāva-sindhu re",Bhajahū Re Māna 1,,"O mind, serve the lotus feet of Śrī Nanda-nandana, which bring fearlessness. This human birth is very rare. Take the association of sādhus and cross over this ocean of birth and death."
435, Abhidheya-tattva,11.21,"The human body is very rare, therefore one should practice bhakti from an early age","kaumāra ācaret prājño / dharmān bhāgavatān iha
 durlabhaṁ mānuṣaṁ janma / tad apy adhruvam arthadam",SB 7.6.1,"śrī-prahrādaḥ uvāca—Prahlāda Mahārāja said; kaumāraḥ—in the tender age of childhood; ācaret—one should practice; prājñaḥ—one who is intelligent; dharmān—occupational duties; bhāgavatān—which are devotional service to the Supreme Personality of Godhead; iha—in this life; durlabham—very rarely obtained; mānuṣam—human; janma—birth; tat—that; api—even; adhruvam—impermanent, temporary; artha-dam—full of meaning.","Śrī Prahlāda said: One who is sufficiently intelligent should use the human form of body from the very beginning of life—in other words, from the tender age of childhood—to practice the activities of devotional service, giving up all other engagements. The human body is most rarely achieved, and although temporary like other bodies, it is meaningful because in human life one can perform devotional service. Even a slight amount of sincere devotional service can give one complete perfection."
436, Abhidheya-tattva,11.22,Human life without Dharma is no better than animal life,"āhāra-nidrā-bhaya-maithunaṁ ca
 sāmānyam etat paśubhir narāṇām
 dharmo hi teṣām adhiko viśeṣo
 dharmeṇa hīnāḥ paśubhiḥ samānāḥ",Hitopadeśa 25,āhāra—eating; nidrā—sleeping; bhaya—fearing; maithunam ca—and sex life; sāmānyam—in common; etat—this group of activities; paśubhiḥ—with the animals; narāṇām—of the men; dharmaḥ—the essence of one's spiritual nature and function; hi—indeed; teṣām—of them; adhikaḥ—the better thing; viśeṣaḥ—the special property; dharmeṇa—spiritual life; hīnāḥ—without; paśubhiḥ—with the animals; samānāḥ—on the same platform.,"Animals are equal to human beings in the matters of eating, sleeping, mating and defending. Yet the ability to practice spiritual life is unique to human beings, and without dharma, they are nothing but animals."
437, Abhidheya-tattva,11.23,The learned see with equal vision,"vidyā-vinaya-sampanne / brāhmaṇe gavi hastini
 śuni caiva śvapāke ca / paṇḍitāḥ sama-darśinaḥ",BG 5.18,vidyā—with education; vinaya—and gentleness; sampanne—fully equipped; brāhmaṇe—in the brāhmaṇa; gavi—in the cow; hastini—in the elephant; śuni—in the dog; ca—and; eva—certainly; śva-pāke—in the dog-eater (the outcaste); ca—respectively; paṇḍitāḥ—those who are wise; sama-darśinaḥ—who see with equal vision.,"The humble sages, by virtue of true knowledge, see with equal vision a learned brāhmaṇa, a cow, an elephant, a dog and a dog-eater."
438, Abhidheya-tattva,11.24,"When one becomes truly enlightened he does not make distinctions between enemies, friends and himself","sa yadānuvrataḥ puṁsāṁ
 paśu-buddhir vibhidyate
 anya eṣa tathānyo 'ham
 iti bheda-gatāsatī",SB 7.5.12,yadā—when; asatī—the impure; paśu-buddhiḥ—animalistic conception of life; bheda-gatā—having; —separatistic concept; eṣaḥ—this (person); anyaḥ—(is) different; tathā—and; aham—I; anyaḥ—different; iti—thus; puṁsām—of the conditioned souls; vibhidyate—is destroyed; saḥ—he; anuvrataḥ—(becomes) a devotee.,"When Śrī Kṛṣṇa is pleased with the living entity because of his devotional service, one becomes truly enlightened and does not make distinctions between enemies, friends and himself. Intelligently, he then thinks, ""Every one of us is an eternal servant of God, and therefore we are not different from one another."" (Therefore one should treat others with nothing less than love and affection)"
439, Abhidheya-tattva,11.25,Anyone who takes to devotional service is exalted,"yei bhaje sei baḍa, abhakta—hīna chāra
 kṛṣṇa-bhajane nāhi jāti-kulādi-vicāra",CC Antya 4.67,yei bhaje—anyone who takes to devotional service; sei—he; baḍa—exalted; abhakta—nondevotee; hīna chāra—most condemned and abominable; kṛṣṇa-bhajane—in discharging devotional service; nāhi—there is not; jāti—caste; kula—family; ādi—and so on; vicāra—consideration of.,"Anyone who takes to devotional service is exalted, whereas a nondevotee is always condemned and abominable. In the discharge of devotional service to the Lord, there is no consideration of the status of one's family or cultural background."
440, Abhidheya-tattva,11.26,Bhajana means sevā,"bhaj ity eṣa vai dhātuḥ sevāyāṁ parikīrtitaḥ
 tasmāt sevā budhaiḥ proktā bhakti-sādhana-bhūyasī",Garuḍā Purāṇa (Pūrva khaṇḍa 231.3),"vai—indeed eṣaḥ—this; dhātuḥ bhaj—the verbal root bhaj, meaning to devote oneself; parikīrtitaḥ—is declared; iti—thus; sevāyām—in the sense of service; tasmāt—therefore; sevā—service; proktā—is taught; budhaiḥ—by the wise; bhūyasī—for the expansion; bhakti-sādhana—of one's practice of devotional service.","The verbal root bhaj is used specifically in the sense of sevā, or service. Therefore, when sādhana is performed with the consciousness or mood of being a servant, it is called bhakti. For this reason the wise declare that sevā promotes the execution of bhakti."
441, Abhidheya-tattva,11.27,I was looking for a piece of broken glass but found a most valuable jewel,"sthānābhilāṣī tapasi sthito 'haṁ
 tvāṁ prāptavān deva-munīndra-guhyam
 kācaṁ vicinvann api divya-ratnaṁ
 svāmin kṛtārtho 'smi varaṁ na yāce",Hari-bhakti-sudhodaya 7.28,"sthāna-abhilāṣī—desiring a very high position in the material world; tapasi—in severe austerities and penances; sthitaḥ—situated; aham—I; tvām—You; prāptavān—have obtained; deva-muni-indra-guhyam—difficult to achieve even for great demigods, saintly persons and kings; kācam—a piece of glass; vicinvan—searching for; api—although; divya-ratnam—a transcendental gem; svāmin—O my Lord; kṛta-arthaḥ asmi—I am fully satisfied; varam—any benediction; na yāce—I do not ask.","[Dhruva Mahārāja said:] ""O my Lord, because I was seeking an opulent material position, I was performing severe types of penance and austerity. Now that I have gotten You, who are very difficult for the great demigods, saintly persons and kings to attain, I am regretting that I was searching after a piece of broken glass; however, instead I have found a most valuable transcendental gem. Therefore I am completely satisfied and I do not wish to ask any benediction from You."""
442, Abhidheya-tattva,11.28,"Of all yogis, the bhakta is the best","yoginām api sarveṣāṁ / mad-gatenāntar-ātmanā
 śraddhāvān bhajate yo māṁ / sa me yuktatamo mataḥ",BG 6.47,"yoginām—of yogīs; api—also; sarveṣām—all types of; mat-gatena—abiding in Me, always thinking of Me; antaḥ-ātmanā—within himself; śraddhāvān—in full faith; bhajate—renders transcendental loving service; yaḥ—one who; mām—to Me; saḥ—he; me—by Me; yuktatamaḥ—the greatest yogī; mataḥ—is considered.","Of all yogīs, the one with great faith who always abides in Me, thinks of Me within himself, and renders transcendental loving service to Me—he is the most intimately united with Me in yoga and is the highest of all. That is My opinion."
443, Abhidheya-tattva,11.29,"Without Worshiping Viṣṇu, Worship of the Demigods is Improper","ye 'py anya-devatā-bhaktā / yajante śraddhayānvitāḥ
 te 'pi mām eva kaunteya / yajanty avidhi-pūrvakam",BG 9.23,ye—those who; api—also; anya—of other; devatā—gods; bhaktāḥ—devotees; yajante—worship; śraddhayā anvitāḥ—with faith; te—they; api—also; mām—Me; eva—only; kaunteya—O son of Kuntī; yajanti—they worship; avidhi-pūrvakam—against śāstric injunction.,"Those who faithfully dedicate themselves to the worship of demigods worship Me indirectly, but their worship is done without the sanction of śāstra."
444, Abhidheya-tattva,11.3,Only those who worship Me will come to Me,"yānti deva-vratā devān / pitèn yānti pitṛ-vratāḥ
 bhūtāni yānti bhūtejyā / yānti mad-yājino 'pi mām",BG 9.25,yānti—go; deva-vratāḥ—worshipers of demigods; devān—to the demigods; pitèn—to the ancestors; yānti—go; pitṛ-vratāḥ—worshipers of ancestors; bhūtāni—to the ghosts and spirits; yānti—go; bhūta-ijyāḥ—worshipers of ghosts and spirits; yānti—go; mat—My; yājinaḥ—devotees; api—but; mām—unto Me.,Those who worship the demigods go to the planets of the demigods; those who worship the ancestors go to the ancestors; those who worship ghosts and spirits take birth among such beings. Only those who worship Me will live with Me.
445, Abhidheya-tattva,11.31,Bhakti yoga is the supreme dharma,"etāvān eva loke 'smin
 puṁsāṁ dharmaḥ paraḥ smṛtaḥ
 bhakti-yogo bhagavati
 tan-nāma-grahaṇādibhiḥ",SB 6.3.22,"etāvān—this much; eva—indeed; loke asmin—in this material world; puṁsām—of human beings; dharmaḥ—the essence of one's spiritual nature and function; paraḥ—transcendental; smṛtaḥ—recognized; bhakti-yogaḥ—bhakti-yoga, or devotional service; bhagavati—to Śrī Kṛṣṇa; tat—His; nāma—of the holy name; grahaṇa-ādibhiḥ—beginning with chanting.","Only loving devotional service to Bhagavān Śrī Kṛṣṇa, performed through nāma-saṅkīrtana, is called bhakti-yoga. This alone is the supreme dharma for all human beings [In other words, the ultimate purpose of existence is to love Kṛṣṇa]."
446, Abhidheya-tattva,11.33,One should seek association with those who are endowed with a similar type of mood (sajātīyāśaya) and who are affectionate toward oneself (snigdha),"śrīmad-bhāgavatārthānām / āsvādo rasikaiḥ saha
 sajātīyāśaye snigdhe / sādhau saṅgaḥ svato vare",CC Mad 22.131,śrīmad-bhāgavata—of the Śrīmad-Bhāgavatam; arthānām—of the meanings; āsvādaḥ—relishing; rasikaiḥ saha—with the rasika devotees; sa-jātīya-āśaye—endowed with a similar aspiration or mood; snigdhe—affectionate; saṅgaḥ—in association; sādhau—with a devotee; vare—more advanced; svataḥ—than one's self.,"One should taste the meaning of Śrīmad-Bhāgavatam in the association of pure devotees. One should associate with rasika devotees who are more advanced than oneself, who are endowed with a similar type of mood for which one aspires(sajātīa ayśaye) and who are affectionate (snigdhe) toward oneself."
447, Abhidheya-tattva,11.32,The essence of all instructions – tad-anurāgi janānugāmī — following the anurāgi Vaiṣṇavas,"tan-nāma-rūpa-caritādi-sukīrtanānu-
 smṛtyoḥ krameṇa rasanā-manasī niyojya
 tiṣṭhan vraje tad-anurāgi janānugāmī
 kālaṁ nayed akhilam ity upadeśa-sāram",Śrī Upadeśāmṛta 8,"tiṣṭhan vraje—living in Vraja; anugāmī—as a follower; anurāgi-jana—of the eternal residents of Vraja who possess rāgātmika, inherent spontaneous love (especially Śrī Rūpa-Raghunātha); tad—for Śrī Rādhā-Kṛṣṇa; kālam nayet—one should utilise all his time; niyojya—by engaging; rasanā—the tongue; manasā—and the mind; krameṇa—sequentially; sukīrtana-anu-smṛtyoḥ—in meticulous chanting and remembrance; nāma-rūpa-carita ādi—of the names, form, qualities and pastimes; tad—of Śrī Rādhā-Kṛṣṇa (Vṛṣabhānu-nandini Rādikā and Vrajendra-nandana Kṛṣṇa); iti—this only; sāram—is the essence; akhilam—of all; upadeśa—instruction.","While living in Vraja as a follower of the eternal residents of Vraja (Śrī Guru and the six Gosvāmīs) who possess inherent spontaneous love for Śrī Kṛṣṇa, one should utilize all his time by sequentially engaging the tongue and the mind in meticulous chanting and remembrance of Kṛṣṇa's names, form, qualities and pastimes. This is the essence of all instruction."
448, Abhidheya-tattva,11.34,"Āropa, saṅga, and svarūpa-siddha bhakti","sā bhaktis trividhā | āropa-siddhā, saṅga-siddhā, svarūpa-siddhā ca | tatrāropa-siddhā svato bhaktitvābhāve'pi bhagavad-arpaṇādinā bhaktitvaṁ prāptā karmādi-rūpā | saṅga-siddhā svato bhaktitvābhāve'pi tat-parikaratayā saṁsthāpanena (SB 11.3.22) tatra bhāgavatān dharmān śikṣed gurv-ātma-daivataḥ (SB 11.3.24) ity ādi-prakaraṇeṣu sarvato manaso'saṅgam ity ādinā labdha-tad-antaḥ-pātā jñāna-karma-tad-aṅga-rūpā | svarūpa-siddhā cājñānādināpi tat-prādurbhāve bhakti tvāvya bhicāriṇī sākṣāt tad-anugatyātmā tadīya-śravaṇa-kīrtanādi-rūpā (SB 7.5.23) | śravaṇaṁ kīrtanaṁ viṣṇoḥ ity ādau viṣṇoḥ śravaṇaṁ viṣṇoḥ kīrtanam iti viśiṣṭasyaiva vivakṣitatvat teṣām api nāropa-siddhatvaṁ pratyuta mūḍha-pronmmattādiṣu tad-anukartṛṣv api kathañcit sambandhena phala-prāpakatvāt svarūpa-siddhatvaṁ, yathā śrī-prahlādasya pūrva-janmani śrī-nṛsiṁha-caturdaśy-upavāsaḥ | yathā kukkura-mukha-gatasya śyenasya bhagavan-mandira-parikramaḥ | evam anya-dṛṣṭyādinā mūḍhādibhiḥ kṛtasya vandanasyāpi jñeyam |",Bhakti-sandarbha,,"Devotional service is of three kinds:1) āropa-siddhā; 2) saṅga-siddhā; and 3) svarūpa-siddhā. Amongst these three, those who, by their nature are not attracted to the practice of śravaṇam kīrtanam; who do not have a favorable inclination to perform kṛṣṇānuśīlanam, but somehow, in order to fulfill some material objective, make an offering of their work to Bhagavān, that activity becomes attributed with bhakti and is thus named āropa-siddhā bhakti, or karma that is attributed with devotion. Saṅga-siddhā: Although by it's intrinsic nature it is also not embued with the quality of bhakti, it is siddhā (established) as such because it involves cultivating qualities which are known as saṅgī – associates or assistants of bhakti. These qualities (such as peacefulness, kindness, cleanliness, etc.) are naturally seen in the personality of a devotee but are not intrinsically bhakti in themselves. This is described in the following words:"
449, Abhidheya-tattva,11.35,,"tatra bhāgavatān dharmān / śikṣed gurv-ātma-daivataḥ
 amāyayānuvṛttyā yais / tuṣyed ātmātma-do hariḥ",SB 11.3.22,tatra—there (in the association of the spiritual master); bhāgavatān dharmān—the science of devotional service; śikṣet—should learn; guru-ātma-daivataḥ—he for whom the spiritual master is his very life and worshipable deity; amāyayā—without deceit; anuvṛttyā—by faithful service; yaiḥ—by which (devotional science); tuṣyet—can be satisfied; ātmā—the Supreme Soul; ātma-daḥ—who bestows His own self; hariḥ—Lord Hari.,"""Accepting the bona fide spiritual master as one's life and soul and worshipable deity, the disciple should learn from him the process of pure devotional service. The Supreme Personality of Godhead, Śrī Hari, the soul of all souls, is inclined to give Himself to His pure devotees. Therefore, the disciple should learn from the spiritual master to serve the Lord without duplicity and in such a faithful and favourable way that the Supreme Lord, being satisfied, will offer Himself to the faithful disciple."" Saṅga-siddha devotional service is also described in the following words:"
450, Abhidheya-tattva,11.37,Karma-miśra-bhakti,"yat karoṣi yad aśnāsi / yaj juhoṣi dadāsi yat
 yat tapasyasi kaunteya / tat kuruṣva mad-arpaṇam",BG 9.27,yat—whatever; karoṣi—you do; yat—whatever; aśnāsi—you eat; yat—whatever; juhoṣi—you offer; dadāsi—you give away; yat—whatever; yat—whatever; tapasyasi—austerities you perform; kaunteya—O son of Kuntī; tat—that; kuruṣva—do; mat—unto Me; arpaṇam—as an offering.,"Whatever you do, whatever you eat, whatever you offer or give away, and whatever austerities you perform—do that, O son of Kuntī, as an offering to Me."
451, Abhidheya-tattva,11.38,Jñāna-miśra-bhakti,"brahma-bhūtaḥ prasannātmā / na śocati na kāṅkṣati
 samaḥ sarveṣu bhūteṣu / mad-bhaktiṁ labhate parām",SBG 18.54,brahma-bhūtaḥ—one who is spiritually realised; (is) prasanna-ātmā—a fully joyful soul; na śocati—he never laments; na—nor; kāṅkṣati—hankers; samaḥ—he is equal; sarveṣu—to all; bhūteṣu—beings; labhate—he attains; mad-bhaktim—My bhakti; parām—which is blessed with the symptoms of prema.,"One who is situated in the transcendental position beyond the contamination of the three modes of nature (brahma-bhūta), who is fully joyful and satisfied in the self, who neither laments nor hankers for anything, and who is equally disposed toward all living beings, attains pāra-bhakti unto Me."
452, Abhidheya-tattva,11.39,Different paths for different adhikāras,"nirviṇṇānāṁ jñāna-yogo / nyāsinām iha karmasu
 teṣv anirviṇṇa-cittānāṁ / karma-yogas tu kāminām",SB 11.20.7,nirviṇṇānām—for those who are disgusted; jñāna-yogaḥ—the path of philosophical speculation; nyāsinām—for those who are renounced; iha—among these three paths; karmasu—in ordinary material activities; teṣu—in those activities; anirviṇṇa—not disgusted; cittānām—for those who have consciousness; karma-yogaḥ—the path of karma-yoga; tu—indeed; kāminām—for those who still desire material happiness.,"Among the three paths, jñāna-yoga, the path of philosophical speculation, is recommended for those who are disgusted with material life and are thus detached from ordinary, fruitive activities. Those who are not disgusted with material life, having many desires yet to fulfill, should seek perfection through the path of karma-yoga."
453, Abhidheya-tattva,11.4,,"yatra rāgānavāptatvāt / pravṛttir upajāyate
 śāsanenaiva śāstrasya / sā vaidhā bhaktir ucyate",BRS–1.2.6,"yatra—when; anavāptatvāt—on account of not having attained; rāga—intense attachment (for śravaṇam, kīrtanam etc.); pravṛttiḥ—the strong tendency (for devotional practice); eva—certainly; upajāyate—becomes manifest; śāsanena—on account of the injunction; śāstrasya—of the śāstra; sā bhakti—that bhakti; ucyate—is called; vaidhā—regulated.","When there is no attachment or spontaneous loving service to the Lord, and one is engaged in the service of the Lord simply out of obedience to the order of the Guru or in pursuance of the scriptures, such obligatory service is called vaidhī bhakti."
454, Abhidheya-tattva,11.41,Rules and regulations for those not in the spontaneous stage,"tāvat karmāṇi kurvīta / na nirvidyeta yāvatā
 mat-kathā-śravaṇādau vā / śraddhā yāvan na jāyate",SB 11.20.9,"tāvat—up to that time; karmāṇi—fruitive activities; kurvīta—one should execute; na nirvidyeta—is not satiated; yāvatā—as long as; mat-kathā—of discourses about Me; śravaṇa-ādau—in the matter of śravaṇam, kīrtanam and so on; vā—or; śraddhā—faith; yāvat—as long as; na—not; jāyate—is awakened.","As long as one is not satiated by fruitive activity and has not awakened his taste for devotional service by śravaṇaṁ kīrtanaṁ viṣṇoḥ, one must act according to the regulative principles of the Vedic injunctions."
455, Abhidheya-tattva,11.42,,"śāstroktayā prabalayā / tat-tan-maryādayānvitā
 vaidhī bhaktir iyaṁ kaiścin / maryādā-mārga ucyate",BRS 1.2.269,,"Devotional service governed by the rules and regulations of the scriptures is also called maryāda-mārga, or the reverential path of devotion, the path of serving the Lord in opulence (aiśvarya), by different scholars [such as Vallabhācārya]."
456, Abhidheya-tattva,11.43,,"vaidha-bhakty-adhikārī tu / bhāvāvirbhāvanāvadhi
 atra śāstraṁ tathā tarkaṁ / anukūlam apekṣate",BRS 1.2.293,tu—however; adhikārī—one who has eligibility; vaidha—for the practice of devotion under regulations; apekṣate—depends; anukūlam—on favorable; śāstram—scripture; tathā—and; tarkam—logic; atra avadhi—until when (there is); avirbhāvana—the appearance; bhāva—of spiritual ecstacy.,"Those who are eligible only for vaidhi-bhakti should remain dependent on scriptural injunctions and favorable reasoning until bhagavat-rati (bhāva) manifests in their hearts. [Therefore, in the beginning, everyone should strictly follow the regulative principles of devotional service, according to the injunctions of the scriptures and the spiritual master. Only after the stage of liberation from material contamination (past anartha-nivṛtti) can one actually follow in the footsteps of the Vrajavāsīs.]"
457, Abhidheya-tattva,11.44,Aiśvarya and vaidhī will not attain Vrajendra-nandana Kṛṣṇa,"sakala jagate more kare vidhi-bhakti
 vidhi-bhaktiye vraja-bhāva pāite nāhi śakti",CC Ādi 3.15,sakala—all; jagate—in the universe; more—to Me; kare—they do; vidhi-bhakti—regulative devotional service; vidhi-bhaktye—by regulative devotional service; vraja-bhāva—the feelings of those in Vraja; pāite—to obtain; nāhi—not; śakti—the power.,Everywhere in the world people worship Me according to scriptural injunctions. But simply by following such regulative principles (vaidhī bhakti) one cannot attain the loving sentiments of the devotees in Vraja.
458, Abhidheya-tattva,11.45,One cannot obtain Kṛṣṇacandra in Vraja merely by following vaidhī-bhakti,"aṅghri-padma-sudhā 'ya kahe 'kṛṣṇa-saṅgānanda'
 vidhi-mārge nā pāiye vraje kṛṣṇa-candra",CC Mad 8.226,ya-who; aṅghri-padma-sudhā—by the nectar derived from the lotus feet of Kṛṣṇa; kahe—it says; kṛṣṇa-saṅga-ānanda—transcendental bliss by the association of Kṛṣṇa; vidhi-mārge—on the path of regulative principles; nā pāiye—one does not get; vraje—in Goloka Vṛndāvana; kṛṣṇa-candra—Lord Kṛṣṇa.,"The word 'aṅghri-padma-sudhā' means 'associating intimately with Kṛṣṇa.' One can attain such perfection only by spontaneous love of God (rāgānugā). One cannot obtain Kṛṣṇa in Goloka Vṛndāvana simply by following the path of vaidhī-bhakti, serving the Lord according to regulative principles."
459, Abhidheya-tattva,11.46,,"nānopacāra-kṛta-pūjanam ārta-bandhoḥ
 premṇaiva bhakta-hṛdayaṁ sukha-vidrutaṁ syāt
 yāvat kṣud asti jaṭhare jaraṭhā pipāsā
 tāvat sukhāya bhavato nanu bhakṣya-peye",CC Mad 8.69,"nānā-upacāra—by varieties of offerings; kṛta—performed; pūjanam—worshiping; ārta-bandhoḥ—of the Supreme Personality of Godhead, who is the friend of all distressed persons; premṇā—by ecstatic love; eva—indeed; bhakta-hṛdayam—the heart of a devotee; sukha-vidrutam—melted in transcendental bliss; syāt—becomes; yāvat—as long as; kṣut—appetite; asti—there is; jaṭhare—in the stomach; jaraṭhā—strong; pipāsā—thirst; tāvat—so long; sukhāya—for happiness; bhavataḥ—are; nanu—indeed; bhakṣya—eatables; peye—and drinkables.","Rāmānanda Rāya continued, ""As long as there is hunger and thirst within the stomach, varieties of food and drink make one feel very happy. Similarly, when the Lord is worshiped with pure love, the various activities performed in the course of that worship awaken transcendental bliss in the heart of the devotee."""
460, Abhidheya-tattva,11.47,Lobha (Divine Greed )is the only price to attain kṛṣṇa-bhakti-rasa,"kṛṣṇa-bhakti-rasa-bhāvitā matiḥ
 krīyatāṁ yadi kuto 'pi labhyate
 tatra laulyam api mūlyam ekalaṁ
 janma-koṭi-sukṛtair na labhyate",Padyavali 14,kṛṣṇa-bhakti-rasa-bhāvitā—absorbed in the mellows of executing devotional service to Kṛṣṇa; matiḥ—intelligence; krīyatām—let it be purchased; yadi—if; kutaḥ api—somewhere; labhyate—is available; tatra—there; laulyam—greed; api—indeed; mūlyam—price; ekalam—only; janma-koṭi—of millions of births; sukṛtaiḥ—by pious activities; na—not; labhyate—is obtained.,"O men of virtue! If intelligence (mati) which is infused with Kṛṣṇa-bhakti-rasa is available anywhere, then buy it at once, without delay. The only price to get it is an intense desire (lobha) to obtain vraja-rasa. Without this divine greed, it cannot be obtained even by accumulating pious activities (i.e. folllowing vaidhī bhakti) for millions of births."
461, Abhidheya-tattva,11.48,The definition śloka of rāgānugā-bhakti (1),"virājantīm abhivyaktāṁ / vraja-vāsi-janādiṣu
 rāgātmikām anusṛtā / yā sa rāgānugocyate",BRS 1.2.270,sā—that (devotion); yā—which; anusṛtā—follows; virājantīm—the brilliant (loving relationships and pastimes); abhivyaktām—fully expressed; vraja-vāsi-jana-ādiṣu—among the eternal inhabitants of Vṛndāvana; rāga-ātmikām—(and)whose intrinsic nature is profound and spontaneous love; ucyate—is said; rāga-anugā—(to be) devotional service following in the wake of spontaneous love (rāgātmikā-bhakti).,"Devotional service in spontaneous love is vividly expressed and manifested by the inhabitants of Vṛndāvana. Devotional service that accords with their devotional mood is called rāgānugā-bhakti, or devotional service following in the wake of spontaneous loving service (rāgātmikā-bhakti)."
462, Abhidheya-tattva,11.49,The definition śloka of rāgānugā-bhakti (2),"rāgātmikā-bhakti—'mukhyā' vraja-vāsi-jane
 tāra anugata bhaktira 'rāgānugā'-nāme",CC Mad 22.149,"rāgātmikā-bhakti—spontaneous devotional service; mukhyā—preeminent; vraja-vāsi-jane—in the inhabitants of Vraja, or Vṛndāvana; tāra—that; anugata—following; bhaktira—of devotional service; rāgānugā-nāme—named rāgānugā or following after spontaneous devotional service.",That devotion whose very essence is constituted of eternal spontaneous attachment (rāga) is known as rāgātmika-bhakti. That devotion is pre-eminent amongst all forms of bhakti and is principally manifest in the residents of Vraja. Devotion which follows in the wake of this rāgātmika-bhakti is known as rāgānuga-bhakti.
463, Abhidheya-tattva,11.5,,"lobhe vraja-vāsīra bhāve kare anugati
 śāstra-yukti nāhi mane—rāgānugāra prakṛti",CC Mad 22.153,lobhe—in such covetousness; vraja-vāsīra bhāve—in the moods of the inhabitants of Vraja; kare anugati—follows; śāstra-yukti—injunctions or reasonings of the śāstras; nāhi māne—does not abide by; rāgānugāra—of spontaneous love; prakṛti—the nature.,"When one follows in the footsteps of the residents of Vraja (Vrajavāsīs) by cultivating their devotional moods with intense hankering, he does not care for the injunctions of the scriptures or for logical arguments. This is the nature of spontaneous devotion."
464, Abhidheya-tattva,11.51,The Eligibility for Rāgānugā-bhakti,"rāgātmikaika-niṣṭhā ye / vrajavāsi-janādayaḥ
 teṣāṁ bhāvāptaye lubdho / bhaved atrādhikāravān",BRS 1.2.291,"ye—those (persons); rāgātmika-eka-niṣṭhāḥ—who have exclusive attachment for the rāgātmika persons such as Nanda, Subala etc.; vrajavāsi-jana—are residing in Vraja; ādayaḥ—performing navavidh-bhakti in sādhu-saṅga; atra—at that time; teṣām—their; lubdhaḥ—greed; bhāva-āptaye—to attain the rāgātmika-jana's mood; bhavet—can award; adhikāravān—the eligibility to be a rāgānuga-bhakta.",Those who have intense greed to obtain that bhāva which is exactly in accordance with the mood and sentiments of the residents of Vraja who are exclusively established in rāgātmikā-bhakti are alone eligible for the path of rāgānugā-bhakti.
465, Abhidheya-tattva,11.52,The Symptoms of Greed Awakening,"tat-tad-bhāvādi-mādhurye / śrute dhīr yad apekṣate
 nātra śāstraṁ na yuktiṁ ca / tal lobhotpatti-lakṣaṇam",BRS 1.2.292,"tat-tat—respective; bhāva-ādi-mādhurye—the sweetness of the loving moods (namely śānta-rasa, dāsya-rasa, sakhya-rasa, vātsalya-rasa and mādhurya-rasa) of the inhabitants of Vṛndāvana; śrute—when heard; dhīḥ—the intelligence; yat—which; apekṣate—depends on; na—not; atra—here; śāstram—revealed scriptures; na—not; yuktim—logic and argument; ca—also; tat—that; lobha—divine greed, intense desire to follow in the footsteps; utpatti-lakṣaṇam—the symptom of awakening.","When an advanced, realized devotee hears about the affairs of the devotees of Vṛndāvana—in the mellows of śānta, dāsya, sakhya, vātsalya and mādhurya—he becomes inclined in one of these ways, and his intelligence becomes attracted. Indeed, he begins to covet that particular type of devotion. When such intense greed is awakened, one's intelligence no longer depends on the instructions of śāstra [revealed scripture] or on logic and argument."
466, Abhidheya-tattva,11.53,The definition śloka of rāgānugā-bhakti (1),"kṛṣṇaṁ smaran janaṣ cāsya / preṣṭhaṁ nija-samīhitam
 tat-tat-kathā rataś cāsau / kuryād vāsaṁ vraje sadā",BRS–1.2.294,"kṛṣṇaṁ—Lord Kṛṣṇa; smaran—remembering, thinking of; janaṣ—a devotee; ca—and; asya—of His; preṣṭhaṁ—very dear; nija-samīhitam—chosen by oneself; tat-tat-kathā—of those respective topics; rataḥ—attached; ca—and; asau—that; kuryād—should do; vāsaṁ—residing; vraje—in Vraja; sadā—always.","One should constantly remember one's dearest nava-kiśora Śrī Nanda-nandana and the beloved associates of Kṛṣṇa who are possessed of sajātīya-bhāva or the identical mood for which one aspires. One should always reside in Śrī Vraja-dhāma with great attachment for hearing topics regarding Kṛṣṇa and His devotees. If one is physically unable to live in Vraja, one should do so mentally. This is the method of rāgānugā-bhakti-sādhana."
467, Abhidheya-tattva,11.54,The definition śloka of rāgānugā-bhakti (2),"sevā sādhaka-rūpeṇa
 siddha-rūpeṇa cātra hi
 tad bhāva lipsunā kāryā
 vraja-lokānusārataḥ",BRS 1.2.295,sevā—service; sādhaka-rūpeṇa—with the external body as a devotee practicing regulative devotional service; siddha-rūpeṇa—with a perfected spiritual body suitable for nitya sevā; ca—also; atra—in this connection; hi—certainly; tat—of that; bhāva—the mood; lipsunā—desiring to obtain; kāryā—to be executed; vraja-loka—of a particular servant of Kṛṣṇa in Vṛndāvana; anusārataḥ—by following in the footsteps.,A sādhaka who has lobha for rāgānugā-bhakti should serve Śrī Kṛṣṇa both in the sādhaka-rūpa and the siddha-rūpa in accordance with the bhāva of the Vrajavāsīs who possess the same mood for which he aspires.
468, Abhidheya-tattva,11.56,Serving in the Sādhaka-rūpa and the Siddha-rūpa,"nijābhīṣṭa kṛṣṇa-preṣṭha pācheta' lāgiyā
 nirantara sevā kare antarmanā hañā",CC Mad 22.159,nija-abhīṣṭa—one's own choice; kṛṣṇa-preṣṭha—the servitor of Kṛṣṇa; pācheta' lāgiyā—following; nirantara—twenty-four hours a day; sevā—service; kare—executes; antarmanā—within the mind; hañā—being.,"""The eternal residents of Vraja are known as Kṛṣṇa-preṣṭha, very dear to Śrī Kṛṣṇa. Among Kṛṣṇa's various devotees, those who possess the mood of service towards Him for which one intensely hankers are known as nijābhīṣṭa kṛṣṇa-preṣṭha. Following in the footsteps of those beloved devotees of Kṛṣṇa for whose mood of service one hankers, one should constantly serve Kṛṣṇa within the mind through one's internally conceived spiritual form."""
469, Abhidheya-tattva,11.57,Aṅgas of Vaidhī are necessary in Rāgānugā bhakti,"śravaṇot-kīrtanādīni vaidha-bhakty uditāni tu
 yāny aṅgāni ca tany atra vijñeyāni manīṣibhiḥ",BRS 1.2.296,,"The aṅgas of bhakti such as śravaṇa, kīrtana, śrī guru-padāśraya, and others, which have already been described in regard to vaidhī-bhakti, are also useful and necessary in rāgānugā-bhakti."
470, Abhidheya-tattva,11.58,,"dāsa-sakhā-pitrādi-preyasīra gaṇa
 rāga-mārge nija-nija-bhāvera gaṇana",CC Mad 22.161,dāsa—servants; sakhā—friends; pitṛ-ādi—parents; preyasīra gaṇa—conjugal lovers; rāga-mārge—on the path of spontaneous loving service; nija-nija—of one's own choice; bhāvera—of the ecstasy; gaṇana—counting.,"There are four moods of service which are included in the path of spontaneous devotion: those of the servants, friends, parents and conjugal lovers."
471, Abhidheya-tattva,11.6,,"iṣṭe svā-rasikī rāgaḥ / paramāviṣṭatā bhavet
 tan-mayī yā bhaved bhaktiḥ / sātra rāgātmikoditā",BRS 1.2.272,"bhavet—if there is; rāgaḥ—deep attachment; parama-āviṣṭatā—which is characterized by intense absorption; svā-rasikī—appropriate for one's own original aptitude of love; iṣṭe—unto one's worshipable deity; bhavet—is; sā—that; bhaktiḥ—devotional service; yā—which; tanmayī—(is) absorbed in identical mood with one's iṣṭa-deva; atra—(is) here; rāgātmikā-uditā—called rāgātmikā, or spontaneous devotional service.","Śrī Rūpa Gosvāmī has defined rāga as spontaneous and profound attraction for one's iṣṭa-deva (worshipable Deity) while being completely absorbed in thoughts of Him, with an intense desire of love. Devotional service executed with such feelings of spontaneous love is called rāgātmikā-bhakti."
472, Abhidheya-tattva,11.61,,sā kāma rūpā sambandha-rūpā ceti bhaved dvidhā,BRS 1.2.273,,"Devotional service under the heading of rāgātmikā-bhakti can be further divided into two categories: one is called sensual attraction, kāma-rūpa or kāmānuga (of the gopīs), and the other is called relationship, sambandha-rūpa (of those Vrajavāsīs in vatsālya and sakhya rasa)."
473, Abhidheya-tattva,11.62,"Kāmānuga bhakti has two forms, 'sambhoga-icchāmayī' (desiring to enjoy directly with Kṛṣṇa) and:",tat-tad-bhāva-icchāmayī,Ujjvala-nīlamaṇi,,"The desire (of the mañjarī gopīs) is to unmotivatedly render service to Śrīmatī Rādhikā in Her dalliances with Śrī Kṛṣṇa, and in the same way that the leaves and flowers of a creeper experience the happiness and distress of the creeper, they naturally taste tat-tad-bhāva (each and everyone of Her sweet bhāvas). They do not desire direct union with Kṛṣṇa even in their dreams. [This is the essence of Rādhā-dāsyam]"
474, Abhidheya-tattva,11.63,,"rāgamayī-bhaktira haya 'rāgātmikā' nāma
 tāhā śuni' lubdha haya kona bhāgyavān",CC Mad 22.152,rāga-mayī—consisting of attachment; bhaktira—of devotional service; haya—is; rāgātmikā—spontaneous love; nāma—the name; tāhā śuni'—hearing this; lubdha—covetous; haya—becomes; kona bhāgyavān—some fortunate person.,"Bhakti which consists of rāga [deep attachment and love] is called rāgātmikā-bhakti [spontaneous loving service]. If, upon hearing of this, a devotee becomes intensely anxious to obtain such devotion, he is considered to be most fortunate."
475, Abhidheya-tattva,11.64,Śrī Manaḥ-śikṣā – Preaching to the mind,"gurau goṣṭhe goṣṭhālayiṣu sujane bhūsura-gaṇe
 sva-mantre śrī—nāmni vraja-nava-yuva-dvandva-śaraṇe
 sadā dambhaṁ hitvā kuru ratim apūrvām atitarāṁ
 aye svāntar bhrātaś caṭubhir abhiyāce dhṛta-padaḥ",Śrī Manaḥ-śikṣā 1,gurau—in Śrī Gurudeva; goṣṭhe—in Vraja-dhāma; goṣṭhālayiṣu—in the Vrajavasis; sujane—in the Vaiṣṇavas; bhūsura-gaṇe—in the brāhmanas; sva-mantre—in one's own dīkṣa mantras; śrī—nāmni—in Śrī Harināma; vraja—of Vraja; nava—ever-new; yuva—youthful; dvandva- couple; śaraṇe—in the shelter; sadā—always; dambhaṁ—pride; hitvā—giving up; kuru—adopt; ratim—attachment;apūrvām—unprecedented; atitarām—exceedingly; aye—O; svāntar—mind; bhrātaś—brother; caṭubhiḥ—with sweet words; abhiyāce—I am praying; dhṛta-padaḥ—holding tightly to your feet.,"""O my dear brother, my foolish mind! Taking hold of your feet, I humbly pray to you with sweet words. Please give up all pride and quickly develop sublime and incessant rati for Śrī Gurudeva, Śrī Vraja-dhāma, the residents of Vraja, the Viṣṇavas, the brāhmaṇas, your dīkṣā-mantras, the holy names of the Supreme Lord, and the shelter of Kiśora-Kiśorī, Śrī Śrī Rādhā-Kṛṣṇa, the eternally youthful divine couple of Vraja."""
476, Abhidheya-tattva,11.65,,"mad-īśā-nāthatve vraja-vipina-candraṁ vraja-vane-
 śvarīṁ tan-nāthatve tad-atula-sakhītve tu lalitām
 viśākhāṁ śikṣālī-vitaraṇa-gurutve priya-saro-
 girindrau tat-prekṣā-lalita-rati-datve smara manaḥ",Manaḥ Śikṣā 9,"manaḥ—O mind; tu—indeed; smara—remember; vipina-candram—the moon of the forests of Vraja; mad-īśā-nāthatve—as the Lord of my Svāminī Rādhikā; vraja-vana-īśvarīm—the queen of the forests of Vraja; tan-nāthatve—Śrī Rādhā as His mistress; lalitām—Lalitā; tad-atula-sakhītve—as Her peerless friend; viśākhām—Viśākhā gopī; gurutve—as a Guru; vitaraṇa—imparting; śikṣā—instruction in the 64 arts; ālī—to the gopīs favorable to Śrī Rādhā; priya-saraḥ—the beloved pond Śrī Rādhā-kuṇḍa; girindrau—and the best of mountains, Śrī Govardhana; datve—in bestowing; tat-prekṣā—darśana of Śrī Rādhā-Kṛṣṇa; lalita-rati—sublime bhāva (for Them).","(What should be the mutual relationship between rāgānuga-bhajana and mādhurya-rasa:) O mind! Always remember Vṛndāvanacandra Śrī Kṛṣṇa as the prāṇanātha of my Svāminī Śrī Rādhikā, Vṛndāvaneśvarī Śrīmatī Rādhikā as my Svāminī, Śrī Lalitā as the peerless friend of my Svāminī, Śrī Viśākhā as the śikṣā-guru in the arrangements of Śrī Yugala sevā, and Rādhā-kuṇḍa and Girirāja Govardhana as those who grant darśana of Śrī Rādhā-Kṛṣṇa and bestow sublime rati for Their lotus feet."
477, Abhidheya-tattva,11.66,Rupanuga Bhakti ,"śrī-rūpa-mañjari-karārcita-pāda-padma-
 goṣṭhendra-nandana-bhujārpita-mastakāyāḥ
 hā modataḥ kanaka-gauri-padāravinda-
 samvāhanāni śanakais tava kiṁ kariṣye",Vilāpa-Kusumāñjali 72,śrī-rūpa-mañjari—of Śrī Rūpa-mañjarī; kara—by the hand; arcita—worshiped; pāda—feet; padma—lotus; goṣṭhendra—of the king of Vraja; nandana—of the son; bhuja—arm; arpita—placed; mastakāyāḥ—on the head; hā—O!; modataḥ—out of joy; kanaka—gold; gauri—fair; padāravinda—lotus feet; samvāhanāni—massage; śanakaiḥ—gently; tava—of You; kim—whether?; kariṣye—I will perform.,"""O Devī as fair as gold, Your lotus feet are worshiped by Śrī Rūpa-mañjarī's hands as You rest Your head against Kṛṣṇa's arm. When will I receive the remnants of Rūpa-mañjarī's service and happily and gently massage Your lotus feet?"""
478, Abhidheya-tattva,11.68,My only aspiration is to attain the footdust of Śrī Rūpa-Raghunātha,"gaurāṅga' bolite ha'be pulaka-śarīra
 'hari hari' bolite nayane ba' be nīra (1)
 

 āra kabe nitāi-cānder koruṇā hoibe
 saṁsāra-bāsanā mora kabe tuccha ha'be (2)
 

 viṣaya chāriyā kabe śuddha ha 'be mana
 kabe hāma herabo śrī-bṛndābana (3)
 

 rūpa-raghunātha-pade hoibe ākuti
 kabe hāma bujhabo se jugala-pīriti (4)
 

 rūpa-raghunātha-pade rahu mora āśa
 prārthanā koroye sadā narottama-dāsa (5)",Gaurāṅga Balite Ha'be,,"When will that time come that my hairs will stand on end upon singing the name ""Gaurāṅga?"" When will my eyes overflow with tears as I chant the holy names ""Hari Hari?"" When will the moon of Nityānanda Prabhu bestow His mercy on me? When will my material desires become small and insignificant? When will I renounce material enjoyment and my mind become purified? When will I see the cinmaya svarūpa of Śrī Vṛndāvana? When will I eagerly follow the path of Śrī Rūpa Gosvāmī and Śrī Raghunātha Dāsa Gosvāmī? By following their instructions I will be able to understand the divine love of Śrī Rādhā and Kṛṣṇa. My only aspiration is to attain the footdust of Śrī Rūpa-Raghunātha. This is Narottama dāsa's constant prayer."
479,Sādhana-bhakti-tattva,12.A.1,,"śraddhā'-śabde—viśvāsa kahe sudṛḍha niścaya
 kṛṣṇe bhakti kaile sarva-karma kṛta haya",CC Mad 22.62,śraddhā-śabde—by the word śraddhā; viśvāsa—confidence; kahe—is said; sudṛḍha—firm; niścaya—certain; kṛṣṇe—unto Lord Kṛṣṇa; bhakti—devotional service; kaile—by executing; sarva-karma—all activities; kṛta—completed; haya—are.,Śraddhā is confidence that through performing sevā to Śrī Kṛṣṇa all other activities are automatically performed and all necessities attained.
480,Sādhana-bhakti-tattva,12.A.2,,"śraddhā tv anyopāya–varjaṁ
 bhakty-unmukhī citta-vṛtti-viśeṣaḥ",Āmnāya-sūtra 57,śraddhā—faith; tu—indeed; viśeṣaḥ—(is) the specific; citta-vṛtti—propensity of the heart; bhakti-unmukhī—favorable to bhakti; anya-upāya-varjam—free from dependence on any other means.,"Śraddhā is the special propensity of the heart that strives toward bhakti alone, which is totally devoid of karma and jñāna, and which desires nothing other than the exclusive pleasure of Kṛṣṇa."
481,Sādhana-bhakti-tattva,12.A.3,,sā ca śaraṇāpatti–lakṣaṇa,Āmnāya-sūtra 58,sā—that; ca—and; śaraṇāpatti—attainment of Śaraṇāgati; lakṣaṇa—characteristic.,"Śraddhā is characterized by its external symptom known as śaraṇāgati, surrender to Śrī Hari."
482,Sādhana-bhakti-tattva,12.A.4,The systematic development of bhakti that arises from Śraddhā,"jāta-śraddho mat-kathāsu / nirviṇṇaḥ sarva-karmasu
 veda duḥkhātmakān kāmān / parityāge 'py anīśvaraḥ
 tato bhajeta māṁ prītaḥ / śraddhālur dṛḍha-niścayaḥ
 juṣamāṇaś ca tān kāmān / duḥkhodarkāṁś ca garhayan",SB 11.20.27-28,jāta—one who has awakened; śraddhaḥ—faith; mat-kathāsu—in the descriptions of My glories; nirviṇṇaḥ—disgusted; sarva—with all; karmasu—activities; veda—he knows; duḥkha—misery; ātmakān—constituted of; kāmān—all types of sense gratification; parityāge—in the process of renouncing; api—although; anīśvaraḥ—unable; tataḥ—due to such faith; bhajeta—he should worship; mām—Me; prītaḥ—remaining happy; śraddhāluḥ—being faithful; dṛḍha-niścayaḥ—resolute conviction; juṣamāṇaḥ—engaging in; ca—also; tān—that; kāmān—sense gratification; duḥkha—misery; udarkān—leading to; ca—also; garhayan—repenting of.,"If a person whose faith in hearing narrations of Me has been awakened, is unable to give up sense enjoyment and the desire for it, even though he knows it gives misery, he should, with a sincere heart, condemn his inability to give it up; all the while, he should continue worshipping Me [doing bhajana] with firm faith, conviction and love."
483,Sādhana-bhakti-tattva,12.A.5,,"proktena bhakti-yogena / bhajato māsakṛn muneḥ
 kāmā hṛdayyā naśyanti / sarve mayi hṛdi sthite
 bhidyate hṛdaya-granthiś / chidyante sarva-saṁśayāḥ
 kṣīyante cāsya karmāṇi / dṛṣṭa evātmanīśvare",SB 11.20.29-30,proktena—which has been described; bhakti-yogena—by devotional service; bhajataḥ—who is worshiping; mā—Me; asakṛt—constantly; muneḥ—of the sage; kāmāḥ—material desires; hṛdayyāḥ—in the heart; naśyanti—are destroyed; sarve—all of them; mayi—in Me; hṛdi—when the heart; sthite—is firmly situated. bhidyate—pierced; hṛdaya—heart; granthiḥ—knots; chidyante—cut to pieces; sarva—all; saṁśayāḥ—misgivings; kṣīyante—terminated; ca—and; asya—his; karmāṇi—chain of fruitive actions; dṛṣṭe—having seen; eva—certainly; ātmani—unto the self; īśvare—dominating.,"When the sādhaka constantly worships me by the method of bhakti yoga that I have described, I come and sit in his heart. As soon as I am established there, all material desires and saṁskāras (impressions), on which the material desires are based, are destroyed. When the sādhaka directly sees Me as Paramātma situated in the heart of all living entities, the knot of the false ego in his heart is pierced, all his doubts are cut to pieces, and his desires for fruitive activities are completely eradicated."
484,Sādhana-bhakti-tattva,12.A.6,The results of any process are automatically attained by bhakti,"yat karmabhir yat tapasā / jñāna-vairāgyataś ca yat
 yogena dāna-dharmeṇa / śreyobhir itarair api
 sarvaṁ mad-bhakti-yogena / mad-bhakto labhate 'ñjasā
 svargāpavargaṁ mad-dhāma / kathañcid yadi vāñchati",SB 11.20.32-33,yat—that which is obtained; karmabhiḥ—by fruitive activities; yat—that which; tapasā—by penance; jñāna—by cultivation of knowledge; vairāgyataḥ—by detachment; ca—also; yat—that which is achieved; yogena—by the mystic yoga system; dāna—by charity; dharmeṇa—by religious duties; śreyobhiḥ—by processes for making life auspicious; itaraiḥ—by others; api—indeed; sarvam—all; mat-bhakti-yogena—by loving service unto Me; mat-bhaktaḥ—My devotee; labhate—achieves; añjasā—easily; svarga—promotion to heaven; apavargam—liberation from all misery; mat-dhāma—residence in My abode; kathañcit—somehow or other; yadi—if; vañchati—he desires.,"Whatever results are obtained with great difficulty through fruitive activities, austerity, knowledge, renunciation, practice of yoga, charity, religious observances, and all other types of sādhana are easily obtained by My devotees through the power of bhakti-yoga. Although My bhaktas are free from all ambition, they could easily obtain promotion to the celestial planets, or attain liberation, or residence in Vaikuṇṭha, if they at all desired such things."
485,Sādhana-bhakti-tattva,12.A.7,The definition of Śaraṇāgati,"ānukūlyasya saṅkalpaḥ prātikūlyasya varjanam
 rakṣiṣyatīti viśvāso goptṛtve varaṇaṁ tathā
 ātma-nikṣepa-kārpaṇye ṣaḍ–vidhā śaraṇāgatiḥ",HBV 11.676,ānukūlyasya—of the favorable; saṅkalpaḥ—acceptance; prātikūlyasya—of the unfavourable; varjanam—devoid of; rakṣiṣyati—He will protect; iti—thus; viśvāsaḥ—conviction; goptṛtve—in being the guardian; varaṇam—acceptance; tathā—as well as; ātma-nikṣepa—full self-surrender; kārpaṇye—and humility; ṣaṭ-vidhā—sixfold; śaraṇa-āgatiḥ—process of surrender.,"There are six symptoms of self-surrender (śaraṇāgati). The first two are ānukūlyasya saṅkalpa and prātikūlyasya varjanam: ""I will only do that which is favorable for unalloyed bhakti, and I will reject all that is unfavourable."" This is called saṅkalpa or pratijñā, a solemn vow. The third symptom is rakṣiṣyatīti viśvāso, faith in Bhagavān as one's protector: ""Bhagavān is my only protector. I can derive absolutely no benefit from jñāna, yoga, and other such practices."" This is an expression of trust (viśvāsa). The fourth symptom is goptṛtve varaṇam, deliberate acceptance of Bhagavān as one's maintainer: ""I cannot obtain anything, or even maintain myself, by my own endeavour. I will serve Bhagavān as far as I am able, and He will take care of me."" This is what is meant by dependence (nirabharatā). The fifth symptom is ātma-nikṣepa, absence of independent mood. ""Who am I? I am His. My duty is to fulfill His desire."" This is submission of the self (ātma-nivedana). The sixth symptom is kārpaṇye, meekness: ""I am wretched, insignificant, and spiritually destitute."" This is what is meant by humility (kārpanya or dainya)."
486,Sādhana-bhakti-tattva,12.A.8,,"sarva-dharmān parityajya
 mām ekaṁ śaraṇaṁ vraja
 ahaṁ tvāṁ sarva-pāpebhyo
 mokṣayiṣyāmi mā śucaḥ",BG 18.66,sarva-dharmān—all varieties of religion; parityajya—abandoning; mām—unto Me; ekam—only; śaraṇam—for surrender; vraja—go; aham—I; tvām—you; sarva—all; pāpebhyaḥ—from sinful reactions; mokṣayiṣyāmi—will deliver; mā—do not; śucaḥ—worry.,"Abandon all varieties of religion or spiritual paths and just surrender unto Me. I shall deliver you from all sinful reactions. Do not worry or lament. [An expanded translation:] ""To impart knowledge of My all-comprehensive aspect, Brahman, as well as knowledge of My all-pervading aspect, Paramātma, whatever teachings I have given, based in general on the duties of varṇāśrama (the socio-religious ranks of life), the duty of the mendicant, selflessness, internal and external sense control, meditation, subservience to the dominion of the Almighty – now I ask you to summarily dismiss every one of those paths and surrender unto Me, the Personality of Godhead, Bhagavān. Then I shall deliver you from all the sins (karmic reactions) of this worldly sojourn, as well as any sin incurred by giving up the aforementioned duties or religiosities. There will be no cause for you to lament that your life's mission is unfulfilled."" (Śrīla B.R. Śrīdhara Gosvāmī Mahārāja, PJ)"
487,Sādhana-bhakti-tattva,12.A.9,Embracing the Lord as on's maintainer and gaurdian,"ananyāś cintayanto māṁ
 ye janāḥ paryupāsate
 teṣāṁ nityābhiyuktānāṁ
 yoga-kṣemaṁ vahāmy aham",BG 9.22,ananyāḥ—having no other object; cintayantaḥ—concentrating; mām—on Me; ye—those who; janāḥ—persons; paryupāsate—properly worship; teṣām—of them; nitya—always; abhiyuktānām—fixed in devotion; yoga—requirements; kṣemam—protection; vahāmi—carry; aham—I.,"But those who always worship Me with exclusive devotion, meditating on My transcendental form—to them I carry what they lack, and I preserve what they have."
488,Sādhana-bhakti-tattva,12.A.10,The holy feet of Kṛṣṇa are the only shelter for persons tormented by the miseries of material existence,"bhava-jaladhi-gatānāṁ dvandva-vātāhatānāṁ
 suta-duhitṛ-kalatra-trāṇa-bhārārditānām
 viṣama-viṣaya-toye majjatām aplavānāṁ
 bhavati śaraṇam eko viṣṇu-poto narāṇām",Mukunda-mālā-stotra 11,bhava—of material existence; jaladhi—in the ocean; gatānām—who are present; dvandva—of material dualities; vāta—by the wind; āhatānām—struck; suta—sons; duhitṛ—daughters; kalatra—and wives; trāṇa—of protecting; bhāra—by the burden; arditānām—distressed; viṣama—perilous; viṣaya—of sense gratification; toye—in the water; majjatām—drowning; aplavānām—having no vessel to carry them away; bhavati—is; śaraṇam—the shelter; ekaḥ—only; viṣṇu-potaḥ—the boat that is Lord Viṣṇu; narāṇām—for people in general.,"For those persons who, bereft of a vessel, have fallen into the ocean of mundane existence; who are being lashed by the hurricane of duality based on mundane attraction and aversion; who are crushed by the burden of protecting wife, family and so on; who are drowning in the ghastly whirlpool of sensual pleasures—the only shelter is the lifeboat of the holy lotus feet of the Supreme Lord."
489,Sādhana-bhakti-tattva,12.A.12,The unprecedented fruit of surrender,"vināśya sarva-duḥkhāni, nija-mādhurya-varṣaṇām
 karoti bhagavān bhakte, śaraṇāgata-pālakaḥ",Śrī Prapanna-Jīvanāmṛtaṁ 1.47,,"Being most affectionate toward His surrendered souls, Śrī Kṛṣṇa totally dispels their unhappiness, graciously filling their hearts with His sweet absolute presence."
490,Sādhana-bhakti-tattva,12.A.13,,"ṣaḍ-aṅga śaraṇāgati haibe jāhāra
 tāhāra prārthanā śune śrī-nanda-kumāra",Ṣaḍ-Aṅga-Śaraṇāgati 5,,The prayers of one who submits unconditionally to the sixfold surrender are heard by Śrī Nanda-kumāra.
491,Sādhana-bhakti-tattva,12.A.14,The formula for perfection,"tṛṇād api sunīcena
 taror api sahiṣṇunā
 amāninā māna-dena
 kīrtanīyaḥ sadā hariḥ",Śikṣāṣṭaka 3,hariḥ—Śrī Hari's names; kīrtaniyaḥ—should be chanted; sadā—always; api—even; sunīcena—by being humbler; tṛṇāt—than the grass; api—even; sahiṣṇunā—by being more tolerant; taroḥ—than a tree; amāninā—by being being prideless; mānadena—by giving respect (to others in accordance with their respective positions).,"Thinking oneself to be even lower and more worthless than insignificant grass which has been trampled beneath everyone's feet, being more tolerant than a tree, being prideless, and offering respect to all others according to their respective positions, one should continuously chant the holy name of Śrī Hari."
492,Sādhana-bhakti-tattva,12.A.15,The premī-bhakta is naturally endowed with deep humility,"premera svabhāva—yāhāṅ premera sambandha
 sei māne,—'kṛṣṇe mora nāhi prema-gandha'",CC Antya 20.28,premera svabhāva—the nature of love of Godhead; yāhāṅ—where; premera sambandha—a relationship of love of Godhead; sei māne—he recognizes; kṛṣṇe—unto Lord Kṛṣṇa; mora—my; nāhi—there is not; prema-gandha—even a scent of love of Godhead.,"""Wherever there is a relationship of love of Godhead, its natural symptom is that the devotee does not think himself a devotee. Instead, he always thinks that he has not even a drop of love for Kṛṣṇa"" (This is Śrī Caitanya Mahāprabhu's comment on the 'tṛṇād api' śloka)."
493,Sādhana-bhakti-tattva,12.A.16,Caitanyadeva Himself has manifested unprecedented humility,"na prema-gandho 'sti darāpi me harau
 krandāmi saubhāgya-bharaṁ prakāśitum
 vaṁśī-vilāsy-ānana-lokanaṁ vinā
 bibharmi yat prāṇa-pataṅgakān vṛthā",CC Mad 2.45,na—never; prema-gandhaḥ—a scent of love of Godhead; asti—there is; darā api—even in a slight proportion; me—My; harau—in the Supreme Personality of Godhead; krandāmi—I cry; saubhāgya-bharam—the volume of My fortune; prakāśitum—to exhibit; vaṁśī-vilāsi—of the great flute-player; ānana—at the face; lokanam—looking; vinā—without; bibharmi—I carry; yat—because; prāṇa-pataṅgakān—My insectlike life; vṛthā—with no purpose.,"Śrī Caitanya Mahāprabhu continued, 'My dear friends, I have not the slightest tinge of love of Godhead within My heart. When you see Me crying in separation, I am just falsely exhibiting a demonstration of My great fortune. Indeed, not seeing the beautiful face of Kṛṣṇa playing His flute, I continue to live My life like an insect, without purpose.'"
494,Sādhana-bhakti-tattva,12.A.18,,"bhakta-gaṇa, śuna mora dainya-vacana
 tomā-sabāra pada-dhūli, aṅge vibhūṣaṇa kari'",CC Ādi 5.207,bhakta-gaṇa—O devotees; śuna—please hear; mora—my; dainya-vacana—humble submission; tomā-sabāra—of all of you; pada-dhūli—the dust of the feet; aṅge—on my body; vibhūṣaṇa kari'—taking as ornaments;,"With all humility, I submit myself to the lotus feet of all of you devotees, taking the dust from your feet as my bodily ornaments."
495,Sādhana-bhakti-tattva,12.A.19,Sanātana Gosvāmī expresses his humility,"nīca jāti, nīca-saṅgī, patita adhama
 kuviṣaya-kūpe paḍi' goṅāinu janama!",CC Mad 20.99,nīca jāti—born of a low family; nīca-saṅgī—associated with low men; patita—fallen; adhama—the lowest; ku-viṣaya-kūpe—in a well of material enjoyment; paḍi'—having fallen down; goṅāinu—I have passed; janama—my life.,"Sanātana Gosvāmī said, ""I was born in a low family, and my associates are all low-class men. I myself am fallen and am the lowest of men. Indeed, I have passed my whole life fallen in the well of sinful materialism."""
496,Sādhana-bhakti-tattva,12.A.20,Offering obeisances (namaḥ) counteracts the false ego,"ahaṅkṛtir ma-kāraḥ syān / na-kāras tan niṣedhakaḥ
 tasmāt tu namasā kṣetri- / svātantryaṁ pratiṣidhyate
 bhagavat-paratantro 'sau / tad āyattātma-jīvanaḥ
 tasmāt sva-sāmarthya-vidhiṁ / tyajet sarvam aśeṣataḥ",Padma Purāṇa,,"The syllable ma means 'self-asserting ego' (the misconception of considering oneself to be the doer); the syllable na indicates its negation. Thus the act of offering obeisances (namaḥ) nullifies the offerer's independence and counteracts the false ego. The soul is naturally subordinate to Bhagavān, his intrinsic nature and innate function is to render loving devotional service to the Supreme Lord. Therefore, all actions performed thinking, 'I am the doer', should be utterly abandoned."
497,Sādhana-bhakti-tattva,12.A.21,Only those bewildered by the false ego think they are the doers,"prakṛteḥ kriyamāṇāni / guṇaiḥ karmāṇi sarvaśaḥ
 ahaṅkāra-vimūḍhātmā / kartāham iti manyate",BG 3.27,prakṛteḥ—of material nature; kriyamāṇāni—being done; guṇaiḥ—by the modes; karmāṇi—activities; sarvaśaḥ—all kinds of; ahaṅkāra-vimūḍha—bewildered by false ego; ātmā—the spirit soul; kartā—doer; aham—I; iti—thus; manyate—he thinks.,The jīva bewildered by the influence of false ego thinks himself to be the doer of activities that are in actuality carried out by the three modes of material nature.
498,Sādhana-bhakti-tattva,12.A.22,"dṛṣta nahe dṛśya, haiya sevākara kārya","dṛṣta nahe dṛśya, haiya sevākara kārya",From the teachings of Śrīla Bhakti Prajñāna Keśava Gosvāmī,dṛṣta—seeing; nahe—not; dṛśya—to be seen; haiya—is; sevākara—of the servant; kārya—attitude.,"The attitude of a servant: being the seen, not the observer [The devotee does not endeavour to see the Lord but strives to serve in such a way that Kṛṣṇa will be attracted to him and award him His darśana.]"
499,Sādhana-bhakti-tattva,12.A.23,Humility is described in the Mukunda-mālā stotram,"kṛṣṇa tvadīya-pada-paṅkaja-pañjarāntam
 adyaiva me viśatu mānasa-rāja-haṁsaḥ
 prāṇa-prayāṇa-samaye kapha-vāta-pittaiḥ
 kaṇṭhāvarodhana-vidhau smaraṇaṁ kutas te",Mukunda-mālā 33,"kṛṣṇa—O Lord Kṛṣṇa; eva—certainly; adya—today; rāja—the royal; haṁsa—swan; me—of my; mānasa—mind; viśatu—should enter; pañjara—the network; paṅkaja—lotus flower; antam—of the tips; tvadīya—of Your; pada—feet; samaye—at the time; prāṇa-prayāṇa—of death; kaṇṭha-avarodhana-vidhau—when the throat is choked; kapha-vāta-pittaiḥ—by mucus, air and bile; kutaḥ—how?; te—Your; smaraṇam—remembrance (be possible?).","O Kṛṣṇa, my request is that the swan of my mind be caught in the network of Your lotus feet and dwell there in the ocean of rasa. At the time of death the throat will be choked up with mucus, air and bile. Under such conditions, how will it be possible to remember Your name?"
500,Sādhana-bhakti-tattva,12.A.24,"Without humility, one cannot cross over this material existence","amaryādaḥ kṣudraś cala-matir asūyā-prasava-bhūḥ
 kṛta-ghno durmānī smara-para-vaśo rakṣaṇa-paraḥ
 nṛśaṁsaḥ pāpiṣṭhaḥ katham aham ito duḥkha-jaladher
 apārād uttīrṇas tava paricareyaṁ caraṇayoḥ",Śrī Yamunacarya,,"I am disrespectful, vile, fickle-minded, full of envy, ungrateful, dependent on others, cruel and most sinful. In this condition, how can I cross this impassable ocean of material existence and attain the service of Your lotus feet?"
501,Sādhana-bhakti-tattva,12.A.25,Yamunācārya's own humility is shown,"aparādha-sahasra-bhājanaṁ / patitaṁ bhīma-bhavārṇavodare
 agatiṁ śaraṇāgataṁ hare / kṛpayā kevalam ātmasāt-kuru",Yāmuna-stotra,hare—O Śrī Hari; kṛpayā—being merciful; kuru—make; ātmasāt—your own; agatim—(me) who have no goal of life; śaraṇa-āgatam—who have come to take shelter; kevalam—exclusively; bhājanam—(who am) the abode; aparādha-sahasra—of thousnds of offenses; patitam—fallen; udare—in the belly; bhīma—of the terrible; arṇava—ocean; bhava—of repeated birth and death.,"O Hari, I am an offender, guilty of thousands of offences and therefore punishable. I am drowning in this fearsome ocean of material existence. Lost, I take shelter of Your lotus feet; please make me Your own. (You have promised that You will definitely deliver anyone who has taken shelter of You. Please therefore deliver me also)."
502,Sādhana-bhakti-tattva,12.A.26,"If I take birth again, let it be in the home of a devotee","tava dāsya-sukhaika-saṅgināṁ / bhavaneṣv astv api kīṭa-janma me
 itarāvasatheṣu mā sma bhūd / api janma catur-mukhātmanā",Yāmuna-stotra,,"O Bhagavān, if I take birth again due to my past activities, or by Your desire, please let it be in the home of a devotee, even if that birth is in the body of an insect. I have no desire to take birth in a household devoid of devotion to You, even if it has the opulence of Brahmā. O Puruṣottama, this is my earnest prayer unto You."
503,Sādhana-bhakti-tattva,12.A.27,When shall I feel joyfull to have such a fitting master as You?,"bhavantam evānucaran nirantaraḥ
 praśānta-niḥśeṣa-mano-rathāntaraḥ
 kadāham aikāntika-nitya-kiṅkaraḥ
 praharṣayiṣyāmi sanātha-jīvitam",Stotra-ratna 43,bhavantam—You; eva—certainly; anucaran—serving; nirantaraḥ—always; praśānta—pacified; niḥśeṣa—all; manaḥ-ratha—desires; antaraḥ—other; kadā—when; aham—I; aikāntika—exclusive; nitya—eternal; kiṅkaraḥ—servant; praharṣayiṣyāmi—I shall become joyful; sa-nātha—with a fitting master; jīvitam—living.,"By serving You constantly, one is freed from all material desires and is completely pacified. When shall I engage as Your permanent eternal servant and always feel joyful to have such a fitting master?"
504,Sādhana-bhakti-tattva,12.A.29,The opposite side of humility is pride,"īśvaro 'ham ahaṁ bhogī
 siddho 'haṁ balavān sukhī",BG 16.14,īśvaraḥ—the lord and controller ; aham—I am; aham—I am; bhogī—the enjoyer; siddhaḥ—perfect; aham—I am; balavān—powerful; sukhī—happy,"""I am the controller and the lord of everything I survey. I am the enjoyer. I am perfect, powerful and happy."""
505,Sādhana-bhakti-tattva,12.B.1,Who is a sādhu (a saintly devotee)?,sādhanoti sādhayati ca kṛṣṇa-prema iti sādhu,,Sadhanoti—one who performs sādhana-bhajana; sādhayati—who inspires others to practice; ca—and; kṛṣṇa-prema—(attain) kṛṣṇa-prema; iti—he is; sādhu—sādhu.,"One who knows sādhyā (the goal) and sādhana (the process) and therefore can guide others in performing sādhana to attain the sādhyā of kṛṣṇa-prema, is a sādhu."
506,Sādhana-bhakti-tattva,12.B.2,What is Saṅga?,samyak rūpeṇa anugamanam,,"sam—samyak-rūpeṇa, completely, i.e. with sambandha and surrender; anugamanam— following strictly in the footsteps.","To follow the sādhu completely, externally and internally, by activities and by mood."
507,Sādhana-bhakti-tattva,12.B.3,Even a moment's association with a sādhu may award all perfection,"sādhu-saṅga', 'sādhu-saṅga'—sarva-śāstre kaya
 lava-mātra sādhu-saṅge sarva-siddhi haya",CC Mad 22.54,sādhu-saṅga sādhu-saṅga—repeated association with pure devotees; sarva-śāstre—all the revealed scriptures; kaya—say; lava-mātra—even for a moment; sādhu-saṅge—by association with a pure devotee; sarva-siddhi—complete spiritual perfection; haya—there is.,"""The verdict of all revealed scriptures is that by even a moment's association with a sādhu, a pure devotee, one can attain complete spiritual perfection."""
508,Sādhana-bhakti-tattva,12.B.4,Sādhu saṅga is the birth-place of bhakti,"kṛṣṇa-bhakti-janma-mūla haya 'sādhu-saṅga'
 kṛṣṇa-prema janme, teṅho punaḥ mukhya aṅga",CC Mad 22.83,kṛṣṇa-bhakti—of devotional service; janma-mūla—the root cause; haya—is; sādhu-saṅga—association with advanced devotees; kṛṣṇa-prema—ecstatic transcendental love of Kṛṣṇa; janme—awakens; teṅho—that same association with devotees; punaḥ—again; mukhya aṅga—the chief principle.,"The root cause of kṛṣṇa-bhakti is sādhu-saṅga. Even when one's dormant kṛṣṇa-prema awakens, sādhu-saṅga is still the most important principle for one's spiritual life."
509,Sādhana-bhakti-tattva,12.B.5,Even a moment's association with a pure devotee is incomparable,"tulayāma lavenāpi
 na svargaṁ nāpunar-bhavam
 bhagavat-saṅgi-saṅgasya
 martyānāṁ kim utāśiṣaḥ",SB 1.18.13,tulayāma—to be balanced with; lavena—by a moment; api—even; na—never; svargam—heavenly planets; na—nor; apunaḥ-bhavam—liberation from matter; bhagavat-saṅgi—devotee of the Lord; saṅgasya—of the association; martyānām—those who are meant for death; kim—what is there; uta—to speak of; āśiṣaḥ—benediction.,"Even a moment's association with a pure devotee cannot be compared to being transferred to the heavenly planets or even merging into the Brahman effulgence in complete liberation, what to speak of material benedictions. For living entities who are destined to give up the body and die, what greater benediction can there be than association with pure devotees."
510,Sādhana-bhakti-tattva,12.B.6,Sādhu sanga is the most valuable treasure for any jīva,"ata ātyantikaṁ kṣemaṁ / pṛcchāmo bhavato 'naghāḥ
 saṁsāre 'smin kṣaṇārdho 'pi / sat-saṅgaḥ śevadhir nṛṇām",SB 11.2.30,ataḥ—therefore; ātyantikam—supreme; kṣemam—good; pṛcchāmaḥ—I am asking; bhavataḥ—from you; anaghāḥ—O sinless ones; saṁsāre—in the cycle of birth and death; asmin—this; kṣaṇa-ardhaḥ—lasting only half of one moment; api—even; sat-saṅgaḥ—the association of devotees of the Lord; śevadhiḥ—a great treasure; nṛṇām—for human beings.,"Therefore, O completely sinless ones, I ask you to kindly tell me what is the supreme good and the ultimate benefit, for even half a moment's association with pure devotees in this world of birth and death, is the most valuable treasure for any human being."
511,Sādhana-bhakti-tattva,12.B.7,Mahat saṅga is extremely miraculous and beyond logic,"mahat-saṅgama-māhātmyam / evaitat paramādbhutam
 kṛtārtho yena vipro 'sau / 'sadyo 'bhūt tat-svarūpavat",Bṛhad Bhagavātāmṛta 2.7.14,mahat—of the great souls; saṅgama—of the association; māhātmyam—the glory; eva—indeed; etat—this; paramādbhutam—very wonderful; kṛtārthaḥ—successful; yena—by which; vipraḥ—brāhmaṇa; asau—the; sadyaḥ—at once; abhūt—became; tat-svarūpavat—in his original form.,"The glory of mahat-saṅga, the association of a mahā-bhāgavata, is extremely miraculous. By the effect of such saṅga, the brāhmaṇa Janaśarma immediately became perfect like his gurudeva Śrī Svarūpa (Gopa Kumāra)."
512,Sādhana-bhakti-tattva,12.B.8,The Jīva's release from māyā,"yadā bhrāmaṁ bhrāmaṁ hari-rasa-galad-vaiṣṇava-janaṁ
 kadācit sampaśyan tad-anugamane syād ruci-yutaḥ
 tadā kṛṣṇāvṛttyā tyajati śanakair māyika-daśāṁ
 svarūpaṁ bibhrāṇo vimala-rasa-bhogaṁ sa kurute",Daśa-mūla tattva 7,yadā—when; bhrāmam—wandering; bhrāmam—and wandering; kadācit—sometime; sampaśyan—seeing; vaiṣṇava-janam—a pure devotee of the Lord; galat—whose heart is melting; hari-rasa—by tasting the mellows of Śrī Hari; tat-anugamane—while following him; syāt—it may be; ruci-yutaḥ—one is devlops attraction to Śrī Kṛṣṇa; tadā—then; kṛṣṇa-āvṛtya—by taking shelter of Kṛṣṇa; tyajatī—he abandons; śanakaiḥ—gradually; māyika-daśām—the state which dominated by illusion; saḥ—he; bibhrāṇaḥ—takes up; svarūpam—his original spiritual form; kurute—he experiences; vimala—pure; rasa—mellows of devotional service; bhogam—enjoyment.,"When, in the course of wandering amongst the higher and lower species in the material world, a jīva is able to behold a Vaiṣṇava absorbed in the flowing rasa of śrī-hari-bhakti, taste arises in his heart for following the Vaiṣṇava way of life. By chanting śrī-kṛṣṇa-nāma, he gradually becomes free from his conditioning. Gradually he then gains his intrinsic, cinmaya-svarūpa (transcendental form), and becomes qualified to taste the pure and spiritual rasa of direct service to Śrī Kṛṣṇa."
513,Sādhana-bhakti-tattva,12.B.9,,"saṁsāra bhramite kona bhāgye keha tare
 nadīra pravāhe yena kāṣṭha lāge tīre
 kona bhāgye kāro saṁsāra kṣayonmukha haya
 sādhu-saṅge tabe kṛṣṇe rati upajaya.",CC Mad 22.43-4,saṁsāra bhramite—wandering throughout saṁsāra; kona bhāgye—by some good fortune; keha tare—someone crosses the ocean of nescience; nadīra pravāhe—in the flow of the river; yena—just as; kāṣṭha—wood; lāge—sticks; tīre—on the bank; kona bhāgye—by fortune; kāro—of someone; saṁsāra—conditioned life; kṣaya-unmukha—on the point of destruction; haya—is; sādhu-saṅge—by association with devotees; tabe—then; kṛṣṇe—to Lord Kṛṣṇa; rati—attraction; upajaya—awakens.,"When the jīva becomes averse to Kṛṣṇa, he is swept away in the current of birth and death in material existence. He wanders aimlessly throughout the 8,400,000 species of life, being burnt by the threefold miseries. It is extremely difficult to attain deliverance from this current of saṁsāra. However, just as a piece of wood flowing in the forceful current of a river may by good fortune be washed up on the bank, similarly, a jīva may by extremely good fortune attain the shelter of sādhu-saṅga, gain release from the current of material existence, and again become established in his own constitutional position as the servant of Kṛṣṇa."
514,Sādhana-bhakti-tattva,12.B.10,,"kṛṣṇa, tomāra haṅa' yadi bale eka-bāra
 māyā-bandha haite kṛṣṇa tāre kare pāra",CC Mad 22. 33,kṛṣṇa—O my Lord Kṛṣṇa; tomāra haṅa—I am Yours; yadi—if; bale—someone says; eka-bāra—once; māyā-bandha haite—from the bondage of conditioned life; kṛṣṇa—Lord Kṛṣṇa; tāre—him; kare pāra—releases.,"If any jīva, feeling extreme anguish, prays to Kṛṣṇa from the core of his heart and even calls out, 'O Kṛṣṇa! I am Yours' – then Kṛṣṇa gives him sādhu-saṅga and makes him cross beyond the bondage of māyā."
515,Sādhana-bhakti-tattva,12.B.11,,"bhavāpavargo bhramato yadā bhavej
 janasya tarhy acyuta sat-samāgamaḥ
 sat-saṅgamo yarhi tadaiva sad-gatau
 parāvareśe tvayi jāyate ratiḥ",SB 10.51.53,"bhava—material existence; apavargaḥ—cessation of, liberation from; bhramataḥ—who has been wandering; yadā—when; bhavet—occurs; janasya—for a person; acyuta—O infallible Lord; tarhi—at that time; sat—of saintly devotees; samāgamaḥ—the association; sat-saṇgamaḥ—saintly association; yarhi—when; tadā—then; eva—only; sat—of the saintly; gatau—who is the goal; para—of superior (the causes of material creation); avara—and inferior (their products); īśe—for the Supreme Lord; tvayi—Yourself; jāyate—is born; ratiḥ—devotion.","""He Acyuta! O Infallible one! The jīva has been wandering in the cycle of birth and death since time without beginning. When the time for his release from this saṁsāra cycle approaches, he attains sat-saṅga, the association of a sādhu. From that moment he becomes firmly attached to You, who are the controller of both spirit and matter and the supreme objective for the sādhus."""
516,Sādhana-bhakti-tattva,12.B.12,Sādhu-saṅga is attained by ones spiritual merit (sukṛti),"bhaktis tu bhagavad-bhakta-saṅgena parijāyate
 sat-saṅgaḥ prāpyate puṁbhiḥ sukṛtaiḥ pūrva-sañcitaiḥ",Bṛhan-Nāradīya-Purāṇa 4.33,bhakti—Bhakti; tu—indeed; bhagavat-bhaktas—devotees of Bhagavan; saṅgena—by association; parijāyate—awakened; sat-saṅgaḥ—sādhu-sanga; prāpyate—attained; puṁbhiḥ—by accumulation of; sukṛtaiḥ—transcendental pious activities; pūrva-sañcitaiḥ—of many lifetimes.,Bhakti is awakened when one associates with bhaktas of Śrī Bhagavān. Association with śuddha-bhaktas is attained only by the accumulation of transcendental pious activities (sukṛtī) performed over many lifetimes.
517,Sādhana-bhakti-tattva,12.B.13,By sukṛti one attains śraddhā,"yadṛcchayā mat-kathādau
 jāta-śraddhas tu yaḥ pumān
 na nirviṇṇo nāti-sakto
 bhakti-yogo 'sya siddhi-daḥ",SB 11.20.8,"yadṛcchayā—somehow or other by good fortune; mat-kathā-ādau—in the narrations, songs, philosophy, dramatical performances, etc., that describe My glories; jāta—awakened; śraddhaḥ—faith; tu—indeed; yaḥ—one who; pumān—a person; na—not; nirviṇṇaḥ—disgusted; na—not; ati-saktaḥ—very attached; bhakti-yogaḥ—the path of loving devotion; asya—his; siddhi-daḥ—will award perfection.","""By virtue of the good fortune of their previous births, those in whom śraddhā is awakened towards My līlā-kathā are eligible to take up bhakti. Being neither disgusted nor overly attached, bhakti-devi then confers perfection upon them."""
518,Sādhana-bhakti-tattva,12.B.13,,kenāpi parama-svatantra-bhagavad-bhakta-saṅga-tat-kṛpājāta-parama-maṅgalodayena,,,"By the association of the Lord's supremely independent devotees and as a consequence of the mercy obtained from them, one obtains great fortune (saubhāgya). That saubhāgya itself becomes the eligibility for bhakti."
519,Sādhana-bhakti-tattva,12.B.14,By sukṛti the jīva obtains the mercy of Krsna or His pure devotee,"samāne vṛkṣe puruṣo nimagno
 'nīśāya śocati muhyamānaḥ
 juṣṭaṁ yadā paśyati anyam īśam
 asya mahimānam iti vīta-śokaḥ",Muṇḍaka (3.1.2) ,puruṣaḥ—the conditioned living entity; nimagnaḥ—drowned; muhyamānaḥ—bewildered; anīśayā—by the illusory potency; śocati—laments; yadā—when; paśyati—sees; anyam—the other; īśam—the Supreme Lord; mahimānam—the glories; asya—of Him; samāne—on the same; vrkṣe—tree; eti—thus; vita-śokaḥ—free from lamentation; juṣṭam—blissful.,"The jīva and the indwelling Paramātma both reside in the same tree, namely the material body. The jīva is attached to material sense enjoyment and is therefore sunk in the bodily conception of life. Bewildered by māyā, he cannot find any means of deliverance, and thus he laments. However, by the influence of sukṛti acquired over many lifetimes, he can obtain the mercy of Īśvara (the Lord) or His pure devotees. At that time, he will see in his heart that there is a second individual within the tree of his body. This is Īśvara, who is served eternally by His unalloyed bhaktas. When the jīva witnesses the uncommon glories of Śrī Kṛṣṇa, he becomes free from all lamentation."
520,Sādhana-bhakti-tattva,12.B.15,,"mahā-prasāde govinde / nāma-brahmaṇi vaiṣṇave
 svalpa-puṇyavatāṁ rājan / viśvāso naiva jayate",Skanda Purāṇa,,"Those who do not possess sufficient pious credit (sukṛti) will not have faith in mahā-prasādam, in Śrī Govinda, in the Holy Name, or in the Vaiṣṇavas."
521,Sādhana-bhakti-tattva,12.B.16,"By associating with sādhus, one's love for Śrī Kṛṣṇa is awakened","sādhu-saṅge kṛṣṇa-bhaktye śraddhā yadi haya
 bhakti-phala 'prema' haya, saṁsāra yāya kṣaya",CC Mad 22.49,sādhu-saṅge—by the association of devotees; kṛṣṇa-bhaktye—in discharging devotional service to Kṛṣṇa; śraddhā—faith; yadi—if; haya—there is; bhakti-phala—the result of devotional service to Kṛṣṇa; prema—ecstatic transcendental love of God; haya—awakens; saṁsāra—the conditioned life in material existence; yāya kṣaya—becomes vanquished.,"When a sādhaka-bhakta obtains faith in the association of rasika Vaiṣṇavas who are more advanced than himself, he very quickly obtains prema-bhakti and his material entanglement is easily dissipated."
522,Sādhana-bhakti-tattva,12.B.17,One's heart is like a crystal and takes on the qualities of those he associates with,"yasya yat-saṅgatiḥ puṁso maṇivat syāt sa tad-guṇaḥ
 sva-kula-rddhyai tato dhīmān sva-yūthān eva saṁśrayet",Hari-bhakti-sudhodaya 8.51,maṇivat—as a jewel; yat-saṅgatiḥ—on account of whatever association; yasya—whose; puṁsaḥ—of a person; saḥ—a person; syāt—may; tad-guṇaḥ—its qualities; sva-kula-ṛddhyai—for the wellbeing of one's family; tataḥ—then; dhīmān—a thoughtful person; sva-yūthān—own family lineage; eva—certainly; saṁśrayet—should take shelter.,"As the qualities of a nearby object are reflected in a crystal, one similarly takes on the qualities of a person with whom he associates. Therefore, a wise person should take shelter of those sādhus who are more advanced, affectionate, and have the same mood for which one aspires."
523,Sādhana-bhakti-tattva,12.B.18,Bhakti is obtained only by the mercy of the mahat,"mahat-kṛpā vinā kona karme 'bhakti' naya
 kṛṣṇa-bhakti dūre rahu, saṁsāra nahe kṣaya",CC Mad 22.51,mahat-kṛpā—the mercy of great (pure) devotees; vina—without; kona karme—by some other activity; bhakti naya—there is no bhakti; kṛṣṇa-bhakti—loving devotional service to Kṛṣṇa; dūre rahu—leaving aside; saṁsāra—material bondage or the endless cycle of birth and death; nahe—there is not; kṣaya—destruction.,"Without the mercy of elevated devotees, bhakti cannot be obtained by any method. To say nothing of kṛṣṇa-bhakti, one cannot even obtain freedom from material attachment and repeated birth and death."
524,Sādhana-bhakti-tattva,12.B.20,How to associate with pure devotees,"dadāti pratigṛṇāti /guhyam ākhyāti pṛcchati
 bhuṅkte bhojayate caiva / ṣaḍ-vidhaṁ prīti-lakṣaṇam",Śrī Upadeśāmṛta 4,dadāti—offering pure devotees objects in accordance with their requirements; pratigṛhnāti— accepting remnant items given by pure devotees; guhyam ākhyāti—revealing to devotees one's confidential realisations concerning bhajana; pṛcchati—inquiring from devotees about their confidential realisations; bhuṅkte—eating with great love the prasāda remnants given by devotees; ca—and; bhojayate—lovingly serving prasāda to devotees; ca—and; ṣaḍ-vidham eva—are specifically of these six kinds; prīti-lakṣaṇam—the symptoms of loving association with pure devotees,"Offering pure devotees items in accordance with their requirements, accepting remnant items given by pure devotees, revealing to pure devotees one's confidential realisations concerning bhajana, inquiring from more advanced devotees about their confidential realisations, eating with great love the prasāda remnants tasted by śuddha-bhaktas and lovingly feeding them prasādam – these are the six symptoms of loving association with pure devotees."
525,Sādhana-bhakti-tattva,12.B.21,The Śrutis identify the worship of the pure devotee as the only means,tasmād ātma-jñaṁ hy arcayed bhūti-kāmaḥ,Muṇḍaka Upaniṣad 3.1.10,,"A person wishing to attain divine opulence should worship one who is ātma-jña, self-realised. That is, he should worship a devotee of Śrī Hari."
526,Sādhana-bhakti-tattva,12.B.22,To get pure bhakti one must smear himself with the footdust of the pure devotee,"naiṣāṁ matis tāvad urukramāṅghriṁ
 spṛśaty anarthāpagamo yad-arthaḥ
 mahīyasāṁ pāda-rajo-'bhiṣekaṁ
 niṣkiñcanānāṁ na vṛṇīta yāvat",SB 7.5.32,"eṣām—for such (materialists); tāvat—until; na—(there is) not; arthaḥ—the motivation; yat—by which; apagamaḥ—(there may be) the disappearance; anartha—of unwanted material qualities; na vṛṇīta—(and) not accept; abhiṣekam—a holy bath; pāda-rajaḥ—in the dust of the feet; mahīyasām—of great souls; niṣkiñcanānām—unattached to this material world; yāvat—for that long; matiḥ—(their) consciousness; spṛśati—can not touch; urukrama-aṅghrim—the lotus feet of the Personality of Godhead, who is famous for performing uncommon activities.","Persons who are absorbed in bodily identification, who fail to understand the necessity to free themselves from materialistic habits, and who do not smear themselves with the holy footdust of great devotees who are fully detached from mundane sense objects, for such persons there is no possibility that their consciousness can touch the glories of the Śrī Urukrama-deva's lotus feet."
527,Sādhana-bhakti-tattva,12.B.23,Bhagavān can be attained only through taking the footdust of a pure devotee,"rahūgaṇaitat tapasā na yāti
 na cejyayā nirvapaṇād gṛhād vā
 na cchandasā naiva jalāgni-sūryair
 vinā mahat-pāda-rajo-'bhiṣekam",SB 5.12.12,"rahūgaṇa—O King Rahūgaṇa; etat—this (knowledge); na yāti—does not become revealed; tapasā—by severe austerities; na—nor by; ca—also; ijyayā—by a great arrangement for worshiping the Deity; na—nor; nirvapaṇāt—by finishing all material duties and accepting sannyāsa; vā—or; gṛhāt—by ideal householder life; na eva—nor indeed; chandasā—by observing celibacy or studying Vedic literature; jala-agni-sūryaiḥ—by severe austerities such as keeping oneself in water, in a burning fire or in the scorching sun; vinā—without; abhiṣekam—smearing all over the body; pāda-rajaḥ—the dust of the lotus feet; mahat—of the great devotees.","O Rahūgaṇa, Bhagavān cannot be known by austerities, or by worship, or by giving up one's home, nor indeed by living in one's home. He cannot be known by reciting the Vedas nor by worshiping the demigods. As long as one does not smear oneself with the footdust of the mahat, great saintly devotees, one cannot achieve any result from all these other activities."
528,Sādhana-bhakti-tattva,12.B.24,,"śuddha-bhakata-caraṇa-reṇu, bhajana-anukūla
 bhakata-sevā, parama-siddhi, prema-latikāra mūla",Saranagati ,reṇu—the dust; caraṇa—of the feet; śuddha-bhakata—of pure devotees; anukūla—[is] favourable; bhajana—[for] spiritual practice; bhakata-sevā—serving the devotees; parama-siddhi—[is] the highest perfection; mūla—[and] the root; laṭikāra— [of] the creeper; prema—[of] divine love.,The dust of the pure devotee's lotus feet has the most positive effect on one's devotion for the Lord. Service to the pure devotee is the highest perfection and the root of the creeper of prema – divine love.
529,Sādhana-bhakti-tattva,12.B.25,"Kṛṣṇa says, ""Worshiping My devotees is superior to worshiping Me directly""",mad-bhakta-pūjābhyadhikā mayi sañjāyate bhaktiḥ,SB 11.19.21,mat—My; bhakta—of the devotees; pūjā—worship; abhyadhikā—better; mayi—to Me; sañjāyate—arises; bhaktiḥ—loving devotion;,"""[O sinless Uddhava,] Worshipping my devotees is better than worshipping Me. For by this devotion to Me naturally arises."""
530,Sādhana-bhakti-tattva,12.B.26,,mad-bhakta-pūjābhyadhikā sarva-bhuteṣu man-matiḥ,CB Ādi 1.9,,"""The worship of My devotees is better than direct worship of Me. One should also remember that I am present within the hearts of all living beings"""
531,Sādhana-bhakti-tattva,12.B.27,Above the worship of Kṛṣṇa is service to His devotees,"ārādhanānāṁ sarveṣāṁ / viṣṇor ārādhanaṁ param
 tasmāt parataraṁ devi / tadīyānāṁ samarcanam",Padma Puraṇa,ārādhanānām—of varieties of worship; sarveṣām—all; viṣṇoh—of Lord Viṣṇu; ārādhanam—worship; param—the most exalted; tasmāt—and above such worship of Lord Viṣṇu; parataram—of greater value; devi—O goddess; tadīyānām—of persons who are dear to Lord Viṣṇu; samarcanam—rigid and firm worship.,"[Lord Śiva told Pārvatī:] ""My dear Devī, although the Vedas recommend worship of demigods, among all forms of worship the worship of Lord Viṣṇu is topmost. Still more exalted than the worship of Śrī Viṣṇu is the rendering of service to tadīya (those persons and articles who have a relation with tat – Śrī Viṣṇu) such as Śrī Vaiṣṇavas, Śrī Govardhana, Śrī Tulasī, Śrī-bhāgavata (śāstra), Śrī-dhāma, Śrī-viṣṇu-mandira (temple) and all that is dear to Him."""
532,Sādhana-bhakti-tattva,12.B.28,One should desire only two things: sādhu-saṅga and kṛṣṇa-nāma,"sādhu-saṅge kṛṣṇa-nāma ei mātra cāi
 saṁsāra jinite āra kauna vastu nāi",Prema-vivarta,,Besides sādhu-saṅga and kṛṣṇa-nāma – nothing is essential in this world; chanting the divine names of Śrī Kṛṣṇa in the association of sādhus is the only infallible method to cross over the otherwise insurmountable ocean of saṁsāra.
533,Sādhana-bhakti-tattva,12.B.29,Association is the cause of both bondage and liberation,"saṅgo yaḥ saṁsṛter hetur
 asatsu vihito 'dhiyā
 sa eva sādhuṣu kṛto
 niḥsaṅgatvāya kalpate",SB 3.25.55,saṅgaḥ—association; yaḥ—which; vihitaḥ—done; adhiyā—through ignorance; asatsu—amongst those engaged in sense gratification; hetuḥ—(is) the cause; saṁsṛteḥ—of the cycle of birth and death; eva—certainly; saḥ—the same thing; kṛtaḥ—performed; sādhuṣu—amongst saintly persons; kalpate—leads niḥsaṅgatvāya—to liberation.,"""O deva! Association is the cause of both material bondage and liberation from material existence. When due to ignorance one keeps company with worldly-minded persons who are averted to the path of bhakti, that association brings about one's material entanglement. When, however, one keeps company with pure devotees of the Lord, that association liberates one from material existence and causes one to obtain the lotus feet of the Lord."""
534,Sādhana-bhakti-tattva,12.B.30,Giving up bad association is an essential aspect Vaiṣṇava conduct,"asat-saṅga-tyāga,—ei vaiṣṇava-ācāra
 'strī-saṅgī'—eka asādhu, 'kṛṣṇābhakta' āra",CC Mad 22.87,asat-saṅga-tyāga—rejection of the association of nondevotees; ei—this; vaiṣṇava-ācāra—the behavior of a Vaiṣṇava; strī-saṅgī—who associates with women for sense gratification; eka—one; asādhu—unsaintly person; kṛṣṇa-abhakta—who is not a devotee of Kṛṣṇa; āra—another.,"(Śrī Caitanya Mahāprabhu said:)""Giving up bad association is a primary aspect of Vaiṣṇava conduct. Bad association is of two types; a) people who have illicit association with women or persons who associate with such people and have attachment in worldly matters, or b) association of non-devotees who are intent on nirviśeṣa-jñāna [impersonalists]. Sādhakas who desire to attain bhakti should carefully reject these two types of bad association."""
535,Sādhana-bhakti-tattva,12.B.31,Better to embrace a snake or a tiger than associate with materialists,"āliṅganaṁ varaṁ manye / vyāla-vyāghra-jalaukasām
 na saṅgaḥ śalya-yuktānāṁ / nānā-devaikasevinām",BRS 1.2.112,"manye—I consider; varam—excellent; āliṅganam—the embracing; vyāla-vyāghra-jalaukasām—of snakes, tigers or crocodiles; na saṅgaḥ—I do not (desire) association; śalya-yuktānām—those whose hearts are pierced with the arrows of lusty desires; sevinām—and those who serve; nānā-devaika—the many demigods.","It is better to live with or embrace a snake, a tiger or an alligator than to associate with those whose hearts are filled with varieties of material desires and who worship various demigods."
536,Sādhana-bhakti-tattva,12.B.32,,"varaṁ huta-vaha-jvālā / pañjarāntar-vyavasthitiḥ
 na śauri-cintā-vimukhajana-/saṁvāsa-vaiśasam",Kātyāyana-saṁhitā,varam—better; vyavasthitiḥ—situation; pañjara-antar—within a cage; huta-vaha-jvālā—of burning fire; na—rather than; vaiśasam—the calamity; saṁvāsa—of association; vimukha-jana —with persons inimical; śauri-cintā—to meditating on Śrī Kṛṣṇa.,It is better to reside in a cage of burning fire than experience the calamity of association with persons averse to Kṛṣṇa.
537,Sādhana-bhakti-tattva,12.B.33,The rope of sādhu saṅga is the cause of universal protection and is expert at delivering the fallen souls,"manasija-phaṇi-juṣṭe labdha-pāto 'smi duṣṭe
 timira-gahana-rūpe hanta saṁsāra-kūpe
 ajita nikhila-rakṣā-hetum uddhāra-dakṣāṁ
 upanaya mama haste bhakti-rajjuṁ namas te",Stava-mālā,hanta—alas!; asmi—I am; labdha-pātaḥ—fallen; saṁsāra-kūpe—in the well of material existence; duṣṭe—evil; timira-gahana-rūpe—deep dark; manasija-phaṇi-juṣṭe—eqipped with the snakes of lust; ajita—O infallible one; upanaya—bring; bhakti-rajjum—the rope of devotion; haste—in my hand; nikhila-rakṣā-hetum—for the purpose of protecting all; uddhāra-dakṣām—it is very expert at deliverance; mama—my ; namaḥ—obeisances; te—unto You.,"Alas, I have fallen into the deep, dark, filthy well of saṁsāra, in which the viper of sex desire dwells. O invincible Lord, the rope of sādhu-saṅga is the cause of universal protection and is expert at delivering the fallen souls. Please place that rope in my hand. I offer my respectful obeisances unto You."
538,Sādhana-bhakti-tattva,12.B.34,Sādhu saṅga is the best activity for the jīva,"śreyo-madhye kona śreyaḥ jīvera haya sāra?'
 'kṛṣṇa-bhakta-saṅga vinā śreyaḥ nāhi āra'",CC Mad 8.251,śreyaḥ-madhye—among beneficial activities; kona—which; śreyaḥ—beneficial function; jīvera—of the jīva; haya—is; sāra—the essence; kṛṣṇa-bhakta-saṅga—for associating with the devotees of Lord Kṛṣṇa; vinā—except; śreyaḥ—beneficial activity; nāhi—there is not; āra—another.,"Then Śrī Caitanya Mahāprabhu asked, ""Out of all auspicious and beneficial activities, which is best for the living entity?"" Śrī Rāmānanda Rāya replied, ""The only auspicious activity is association with the pure devotees of Kṛṣṇa."""
539,Sādhana-bhakti-tattva,12.C.1,The Definition of Sādhana-bhakti,"kṛti-sādhyā bhavet sādhya-
 bhāvā sā sādhanābhidhā
 nitya-siddhasya bhāvasya
 prākaṭyaṁ hṛdi sādhyatā",BRS 1.2.2,"sā—that (practice); sādhana-abhidhā—called sādhana-bhakti, or devotional service in practice; kṛti-sādhyā—which is to be executed by the senses; bhavet—should be (understood as); sādhya-bhāva—by which bhāva-bhakti is acquired; sādhyatā—(its) potentiality; prākaṭyam— (is) the awakening; hṛdi —in the heart; bhāvasya—of the sthāyī-bhāva (one of the primary rasas - sānta, dāsya, sakhya, vātsalya, mādhurya); nitya-siddhasya—which is eternally present.","Sādhana-bhakti is the engagement of the mind and senses in the aṅgas of bhakti for the purpose of attaining bhāva-bhakti. This bhāva is a potentiality which eternally exists in the heart of the jīva and is manifested in the heart purified by sādhana (by the mercy of a nitya-siddha, a living sad-guru). Bhāva is an eternally accomplished phenomenon (nitya-siddha) which always exists in the eternal associates of Bhagavān. This nitya-siddha-bhāva manifests itself by the mercy of the Lord's eternal associates in the heart of the purified jīva. The jīva has the 'seed-adaptability' (inherent potential) to receive it, just as a female parrot has the 'seed-adaptability' to learn to speak. This is verified in Śrī Caitanya-caritāmṛta:"
540,Sādhana-bhakti-tattva,12.C.2,,"nitya-siddha kṛṣṇa-prema 'sādhya' kabhu naya
 śravaṇādi-śuddha-citte karaye udaya",CC Mad 22.107,"kṛṣṇa-prema—ecstatic transcendental love of Kṛṣṇa; nitya-siddha—(is) eternally established; naya—not; sādhya—attained; kabhu—at any time; citte—in the heart; śuddha—purified śravaṇa-ādi—by hearing, etc.; karaye udaya—it is aroused.",Kṛṣṇa-prema is an eternally established reality; it is not brought about by sādhana. It manifests itself – by the mercy of sad-guru – in the heart purified by the performance of the various limbs of bhakti such as śravaṇa and kīrtana.
541,Sādhana-bhakti-tattva,12.C.3,The stages or gradual development of bhakti,"ādau śraddhā tataḥ sādhu-saṅgo 'tha bhajana-kriyā
 tato 'nartha-nivṛttiḥ syāt tato niṣṭhā rucis tataḥ
 athāsaktis tato bhāvas tataḥ premābhyudañcati
 sādhakānām ayaṁ premṇaḥ prādurbhāve bhavet kramaḥ",BRS 1.4.15–16,"ādau—in the beginning; śraddhā—firm faith or disinterest in material affairs and interest in spiritual advancement; tataḥ—thereafter; sādhu-saṅgaḥ—association with pure devotees; atha—then; bhajana-kriyā—performance of the activities of devotion (the ninefold bhakti beginning with śravaṇa, kīrtana etc., so that initiation takes place); tataḥ—thereafter; anartha-nivṛttiḥ—the diminishing of all unwanted habits; syāt—there should be; tataḥ—thereafter; niṣṭhā—firm faith; ruciḥ—taste; tataḥ—thereafter; atha—then; āsaktiḥ—deep attachment; tataḥ—then; bhāvaḥ—the stage of bhāva; tataḥ—thereafter; prema—ecstatic transcendental love of God; abhyudañcati—arises; sādhakānām—of the devotees practicing Kṛṣṇa consciousness; ayam—this; premṇaḥ—of love of Godhead; prādurbhāve—in the appearance; bhavet—is; kramaḥ—in that sequence.","[Initially, there is contact with devotion which leads to sukṛti. Sukṛti that gives rise to bhakti, generates transcendental faith (paramārthika-śraddhā)]. In the beginning there is śraddhā (born from past association with devotees) in the form of faith in the words of bhakti-śāstra. Upon its appearance, one again acquires opportunity for sādhu-saṅga, and then bhajana-kriyā (activities of devotion) begin (taking shelter of Guru, receiving initiation from him, etc.). Anartha-nivṛtti (eradication of contamination in the form of unwanted desires in the heart) also begins at this time, and thereafter niṣṭhā (steadiness) arises in bhajana. This is followed by ruci (taste for Rādhā-Kṛṣṇa nāma, guṇa, rūpa, līlā), and then āsakti (deep attachment) arises for both bhajana and the object of bhajana, Śrī Kṛṣṇa. When this stage ripens it is transformed into the state of bhāva, and thereafter prema arises. This is how prema gradually manifests in the heart of the sādhaka."
542,Sādhana-bhakti-tattva,12.C.4,"One who, with faith, practices devotion certainly achieves pure bhakti","śrutiḥ kṛṣṇāhhyānaṁ smaraṇa-nati-pūjā-vidhi-gaṇāḥ
 tathā dāsyaṁ sakhyaṁ paricaraṇam apy ātma-dadanam
 navāṅgāny etānīha vidha-gata-bhakter anudinaṁ
 bhajan śraddhā-yuktaḥ suvimala-ratiṁ vai sa labhate",Daśa-mūla-tattva 9,"iha–in this world; bhajan–worshipping; śrāddhā-yuktaḥ–with-faith; anudinam–daily; etāni–these; nava-aṅgāni–nine limbs; vidhi-gata-bhakteḥ–of devotion under regulation; vai–certainly; saḥ–he; labhate– obtains; suvimala–very pure; ratim–love of God; śrutiḥ–hearing of the spiritual name, form, attributes and pastimes; ākhyānam–describing and singing the glories; kṛṣṇa–of Śṛī Kṛṣṇa; smaraṇa–remembrance; nati–bowing down; pūjā-vidhi–offering worship; gaṇaḥ–multitudes; tathā–also; dāsyam–service; sākhyam–becoming a friend; paricaraṇam–personal service; api–and; ātma-dadanam–offering one's very self.","One should perform bhajana in the form of the nine limbs of vaidhī-bhakti, namely, śravaṇam (hearing), kīrtanam (chanting), smaraṇam (remembering), vandanam (offering prayers), arcanam (worshiping), pāda-sevanam (serving Kṛṣṇa's lotus feet), dāsyam (acting as Kṛṣṇa's servant), sakhyam (becoming Kṛṣṇa's friend), and ātma-nivedanam (surrendering oneself fully to Śrī Kṛṣṇa). One who with faith daily practices bhajana in this way certainly achieves pure kṛṣṇa-rati."
543,Sādhana-bhakti-tattva,12.C.5,Navadhā bhakti – The nine limbs of bhakti,"śravaṇaṁ kīrtanaṁ viṣṇoḥ / smaraṇaṁ pāda-sevanam
 arcanaṁ vandanaṁ dāsyaṁ / sakhyam ātma-nivedanam
 iti puṁsārpitā viṣṇau / bhaktiś cen nava-lakṣaṇā
 kriyeta bhagavaty addhā / tan manye 'dhītam uttamam",SB 7.5.23-24,śrī-prahrādaḥ uvāca—Prahlāda Mahārāja said; śravaṇam—hearing; kīrtanam—chanting; viṣṇoḥ—of Lord Viṣṇu (not anyone else); smaraṇam—remembering; pāda-sevanam—serving the feet; arcanam—offering worship; vandanam—offering prayers; dāsyam—becoming the servant; sakhyam—becoming the best friend; ātma-nivedanam—surrendering one's life amd soul; iti—thus; puṁsā arpitā—offered by the devotee; viṣṇau—unto Lord Viṣṇu (not to anyone else); bhaktiḥ—devotional service; cet—if; nava-lakṣaṇā—possessing nine different processes; kriyeta—one should perform; bhagavati—unto Bhagavān; addhā—directly or completely; tat—that; manye—I consider; adhītam—learning; uttamam—topmost.,"Prahlāda Mahārāja said: Hearing and chanting about the transcendental holy name, form, qualities, paraphernalia and pastimes of Lord Viṣṇu, remembering them, serving the lotus feet of the Lord, offering the Lord respectful worship, offering prayers to the Lord, becoming His servant, considering the Lord one's best friend, and surrendering everything unto Him (in other words, serving Him with the body, mind and words). One who has dedicated his life and soul to the service of Kṛṣṇa through these nine limbs of bhakti should be understood to be the topmost devotee and the most learned, for he has acquired perfect knowledge. general meaning of this śloka should go to the Rāmānuja or Madhvācārya sampradāya, for they only know general principles. We should add the mood of Śrī Caitanya Mahāprabhu to these principles. For example, in the first line of this śloka, ""Viṣnu"" means Kṛṣṇa with Rādhikā and the gopīs. This is the line of Śrīla Rūpa Gosvāmī. Try to understand this. If you never remember, realise, and explain this to those who are qualified, you are derailed from our Guru Paramparā. You must come in the proper line"". (The Origin of Ratha-Yātrā, p. 231) (b) iti puṁsārpitā viṣṇau – Viṣṇu here refers to both viṣaya and āśraya-bhagavān, Kṛṣṇa and Guru. Śrīla Gurudeva: ""The nine limbs of bhakti are not bhakti if they are not offered first to a bona fide Guru. Kṛṣṇa will not accept it unless one first takes shelter of sad-guru (guru-padāśraya)"". (Murwillambha 7.2.04)"
544,Sādhana-bhakti-tattva,12.C.6,"Of all spiritual practices, the nine limbs of bhakti are the best","bhajanera madhye śreṣṭha nava-vidhā bhakti
 'kṛṣṇa-prema', 'kṛṣṇa' dite dhare mahā-śakti",CC Antya 4.70,bhajanera madhye—in executing devotional service; śreṣṭha—the best; nava-vidhā bhakti—the nine prescribed methods of devotional service; kṛṣṇa-prema—ecstatic transcendental love of Kṛṣṇa; kṛṣṇa—and Kṛṣṇa; dite—to deliver; dhare—possess; mahā-śakti—great potency.,"Among the ways of executing devotional service, these nine prescribed methods are the best, for these processes have great potency to deliver Kṛṣṇa and kṛṣṇa- prema."
545,Sādhana-bhakti-tattva,12.C.7,"Of the nine processes of devotional service, 'nāma-saṅkīrtana' is the best","tāra madhye sarva-śreṣṭha nāma-saṅkīrtana
 niraparādhe nāma laile pāya prema-dhana",CC Antya 4.71,tāra madhye—of the nine different types of devotional service; sarva-śreṣṭha—the most important of all; nāma-saṅkīrtana—chanting of the holy name of the Lord; niraparādhe—without offenses; nāma laile—if one chants the holy name; pāya—he gets; prema-dhana—the most valuable ecstatic love of Kṛṣṇa.,"Of the nine processes of devotional service, the most important is to always chant the holy name of the Lord. If one does so, avoiding the ten kinds of offenses, one very easily obtains the most valuable treasure of prema."
546,Sādhana-bhakti-tattva,12.C.8,The five essential limbs of bhakti,"sādhu-saṅga, nāma-kīrtana, bhāgavata-śravaṇa,
 mathurā-vāsa, śrī-mūrtira śraddhāya sevana",CC Mad 22.128,sādhu-saṅga—association with pure devotees; nāma-kīrtana—chanting the holy name; bhāgavata-śravaṇa—hearing Śrīmad-Bhāgavatam; mathurā-vāsa—living in Mathurā-maṇdala (Vraja); śrī-mūrtira śraddhāya sevana—worshiping the Deity with faith.,"[Mahāprabhu said:] ""Sādhu-saṅga, chanting the holy name, hearing Śrīmad-Bhāgavatam, residing in Vraja maṇdala and worshiping the Deity with faith."""
547,Sādhana-bhakti-tattva,12.C.9,Even a slight performance of these five awakens love for Kṛṣṇa,"sakala-sādhana-śreṣṭha ei pañca aṅga
 kṛṣṇa-prema janmāya ei pāṅcera alpa-saṅga",CC Mad 22.129,sakala-sādhana—of all items for executing devotional service; śreṣṭha—the best; ei pañca aṅga—these five limbs; kṛṣṇa-prema—love of Kṛṣṇa; janmāya—awakens; ei—these; pāṅcera—of the five; alpa-saṅga—slight association with or performance.,"""These five limbs of devotional service are the best of all. Even a slight performance of these five awakens love for Kṛṣṇa."""
548,Sādhana-bhakti-tattva,12.C.10,,"guru-pādāśrayas tasmāt kṛṣṇa-dīkṣādi-śikṣaṇam
 viśrambheṇa guroḥ sevā sādhu-vartmānu-vartanam",BRS 1.2.74,"guru-pāda-āśrayaḥ—taking shelter of Śrī Guru; tasmāt—after that; kṛṣṇa-dīkṣā-ādi—initiation into nāma, mantra etc.; śikṣaṇam—accepting instruction; sevā—service; guroḥ—of Śrī Guru; viśrambheṇa—with intimacy; anu-vartanam—following; vartma—the path; sādhu—of the saintly devotees.","[The first and foremost limbs of sādhana-bhakti are:] Accepting the shelter of a bona fide Guru, taking dīkṣā from him and receiving instructions on service to Kṛṣṇa, serving him with intimacy and affection, and following the path of the previous ācāryas under his guidance."
549,Sādhana-bhakti-tattva,12.C.11,Six vows favorable for the performance of bhakti,"utsāhān niścayād dhairyāt
 tat-tat-karma-pravartanāt
 saṅga-tyāgāt sato vṛtteḥ
 ṣaḍbhir bhaktiḥ prasidhyati",Śrī Upadeśāmṛta 3,"utsāhāt—enthusiasm; niścayāt— confidence or firm faith in the statements of the śāstra and the Guru; dhairyāt—patience or fortitude in the practice of bhakti; tat-tat-karma-pravartanāt —following the limbs of bhakti such as hearing and chanting, and giving up one's material sense enjoyment for the pleasure of Kṛṣṇa; saṅga-tyāgāt—giving up bad association; sataḥ-vṛtteḥ —adopting the good behaviour and character of pure devotees; ṣaḍbhiḥ—by these six types of practice; bhaktiḥ—pure devotion; prasidhyati—advances or becomes perfect.","Progress in bhakti may be obtained by the following six practices: (1) enthusiasm to carry out the rules which enhance bhakti, (2) firm faith in the statements of the śāstra and the Guru whose words are fully in line with the śāstra, (3) fortitude in the practice of bhakti, even in the midst of obstacles, or patience during the practice stage of bhakti, even when there is delay in attaining one's desired goal, (4) following the limbs of bhakti such as hearing (śravaṇa) and chanting (kīrtana) and giving up one's material sense enjoyment for the pleasure of Śrī Kṛṣṇa, (5) giving up illicit connection with women, the association of those who are overly attached to women and the association of māyāvādīs, atheists and pseudo-religionists, and (6) adopting the good behavior and character of pure devotees."
550,Sādhana-bhakti-tattva,12.C.12,The process for the ajāta-rati sādhakas,"syāt kṛṣṇa-nāma-caritādi-sitāpy avidyā-
 pittopatapta-rasanasya na rocikā nu
 kintv ādarād anudinaṁ khalu saiva juṣṭā
 svādvī kramād bhavati tad-gada-mūla-hantrī",Śrī Upadeśāmṛta 7,"syāt—is; kṛṣṇa—of Lord Kṛṣṇa; nāma—the holy name; carita-ādi—character, pastimes and so forth; sitā—sugar candy; api—although; avidyā—of ignorance; pitta—by the bile; upatapta—afflicted; rasanasya—of the tongue; na—not; rocikā—palatable; nu—oh, how wonderful it is; kintu—but; ādarāt—carefully; anudinam—every day, or twenty-four hours daily; khalu—naturally; sā—that (sugar candy of the holy name); eva—certainly; juṣṭā—taken or chanted; svādvī—relishable; kramāt—gradually; bhavati—becomes; tat-gada—of that disease; mūla—of the root; hantrī—the destroyer.","Aho! Those whose tongues are afflicted by the jaundice of avidyā , ignorance (born of being indifferent to Śrī Kṛṣṇa from a time without beginning) cannot relish the nectarean names, form, qualities and pastimes of Śrī Kṛṣṇa, which are compared to the sweetest sugar candy. Instead, these attributes taste bitter to them. But if with great faith one regularly takes this sugar candy of chanting and hearing the transcendental names, form, qualities and pastimes of Śrī Kṛṣṇa, it gradually becomes relishable to him and destroys at the root his disease, the jaundice of avidyā or indifference to Śrī Kṛṣṇa. In other words, he becomes spontaneously attached to Śrī Kṛṣṇa."
551,Sādhana-bhakti-tattva,12.C.13,"To concentrate the mind, one must observe a life of celibacy","tapasā brahmacaryeṇa / śamena ca damena ca
 tyāgena satya-śaucābhyāṁ / yamena niyamena vā",SB 6.1.13,tapasā—by austerity or voluntary rejection of material enjoyment; brahmacaryeṇa—by celibacy (the first austerity); śamena—by controlling the mind; ca—and; damena—by fully controlling the senses; ca—also; tyāgena—by voluntarily giving charity to good causes; satya—by truthfulness; śaucābhyām—and by following regulative principles to keep oneself internally and externally clean; yamena—by avoiding cursing and violence; niyamena—by regularly chanting the holy name of the Lord; vā—and;,"To concentrate the mind, one must observe a life of celibacy and not fall down. One must undergo the austerity of voluntarily giving up sense enjoyment. One must then control the mind and senses, give charity, be truthful, clean and nonviolent, follow the regulative principles and regularly chant the holy name of the Lord."
552,Sādhana-bhakti-tattva,12.C.14,One should not be lazy when it comes to siddhānta,"siddhānta baliyā citte nā kara alasa
 ihā ha-ite kṛṣṇe lāge sudṛḍha mānasa",CC Ādi 2.117,siddhānta—conclusion; buliyā—considering; citte—in the mind; nā kara—do not be; alasa—lazy; ihā—this; haite—from; kṛṣṇe—in Lord Kṛṣṇa; lāge—becomes fixed; su-dṛḍha—very firm; mānasa—the mind.,"A sincere student should not neglect the discussion of philosophical conclusions [siddhānta], considering them controversial, for such discussions strengthen the mind. Thus one's mind becomes attached to Śrī Kṛṣṇa."
553,Sādhana-bhakti-tattva,12.C.15,Disregarding scriptural injunctions is condemned,"yaḥ śāstra-vidhim utsṛjya / vartate kāma-kārataḥ
 na sa siddhim avāpnoti / na sukhaṁ na parāṁ gatim",BG 16.23,yaḥ—anyone who; śāstra-vidhim—the regulations of the scriptures; utsṛjya—giving up; vartate—remains; kāma-kārataḥ—acting whimsically in lust; na—never; saḥ—he; siddhim—perfection; avāpnoti—achieves; na—never; sukham—happiness; na—never; parām—the supreme; gatim—perfectional stage.,"He who discards scriptural injunctions and acts according to his own whims attains neither perfection, nor happiness, nor the supreme destination."
554,Sādhana-bhakti-tattva,12.C.16,Bhakti must be performed according to the injunctions of śāstra,"śruti-smṛti-purāṇādi-pañcarātra-vidhiṁ vinā
 aikāntikī harer bhaktir utpātāyaiva kalpate",Nārada-pañca.,"śruti—the original Vedic literatures; smṛti—literatures in pursuance to the original Vedic knowledge; purāṇa-ādi—the Purāṇās, etc.; pañcaratra—the Nārada Pañcarātra; vidhim—the regulative principles; vinā—without; aikāntikī—undiverted; hareḥ—of Śrī Hari; bhakti—devotional service; utpātāya—an unnecessary disturbance; iva—indeed; kalpate—becomes.","Although engaged in single-minded devotion to Śrī Hari, if one transgresses the regulations mentioned in the śruti, smṛti, Purāṇas and the Nārada-pañcarātra, great misgivings (anarthas) are produced. [or] Devotional service of the Lord that ignores the authorized Vedic literatures like the Upaniṣads, Purāṇas, and the Nārada-pañcarātra is simply an unnecessary disturbance in society."
555,Sādhana-bhakti-tattva,12.C.17,Śuddha Bhakti,sādhanaṁ śuddha-bhaktiṁ sādhyaṁ tat-prītim,Daśa Mūla tattva,,Pure devotional service (Sādhana) is the only means of attaining the ultimate spiritual perfection (Sādhya) - kṛṣṇa-prema.
556,Sādhana-bhakti-tattva,12.C.18,,sā parānuraktir īśvare,Śāṇḍilya-bhakti-sūtra 1.2,,"Transcendental attachment to Īśvara, the Supreme Lord, is called bhakti; [or] pure Devotional service means intense love for Śrī Kṛṣṇa."
557,Sādhana-bhakti-tattva,12.C.20,"Bhakti purifies the senses and mind, and frees one from all designations","sarvopādhi-vinirmuktaṁ 
 tat-paratvena nirmalam
 hṛṣīkeṇa hṛṣīkeśa 
 sevanaṁ bhaktir ucyate",Narada Pancaratra,"sarva-upādhi-vinirmuktam—free from all kinds of material designations, or free from all desires except the desire to render service to Śrī Rādhā-Kṛṣṇa; tat-paratvena—by the sole purpose of serving the Divine Couple; nirmalam—uncontaminated by the effects of speculative knowledge or fruitive activity; hṛṣīkeṇa—by purified senses freed from all designations; hṛṣīka-īśa—of the master of the senses; sevanam—the service to satisfy Them; bhaktiḥ—devotional service; ucyate—is called.","Bhakti, or devotional service, means engaging all of one's senses in the service of the Śrī Kṛṣṇa, the master of the senses. When the spirit soul [jīva] renders service unto the Supreme, there are two side effects: one is freed from all material designations, and one's senses become purified and spiritualized."
558,Sādhana-bhakti-tattva,12.C.21,Unmotivated and unimpeded natural affection for Kṛṣṇa,"mad-guṇa-śruti-mātreṇa / mayi sarva-guhāśaye
 mano-gatir avicchinna / yathā gaṅgāmbhaso 'mbudhau
 lakṣaṇaṁ bhakti-yogasya / nirguṇasya hy udāhṛtam
 ahaituky avyavahitā / yā bhaktiḥ puruṣottame",SB 3.29.11-12,mat—of Me; guṇa—qualities; śruti—by hearing; mātreṇa—just; mayi—towards Me; sarva-guhā-āśaye—residing in everyone's heart; manaḥ-gatiḥ—the heart's course; avicchinnā—continuous; yathā—as; gaṅgā—of the Ganges; ambhasaḥ—waters; ambudhau—towards the ocean; lakṣaṇam—the manifestation; bhakti-yogasya—of devotional service; nirguṇasya—unadulterated; hi—indeed; udāhṛtam—exhibited; ahaitukī—causeless; avyavahitā—not separated; yā—which; bhaktiḥ—devotional service; puruṣa-uttame—towards the Supreme Enjoyer.,"""I am the Supreme Enjoyer, the Lord who dwells within the hearts of all. When there is unmotivated and unimpeded natural affection for Me, and when simply on hearing My qualities the mind automatically flows towards Me, like an unbroken stream of honey, just as the Ganges forever flows without interruption towards the ocean, that is called nirguṇa bhakti-yoga, transcendental devotional service."
559,Sādhana-bhakti-tattva,12.C.22,The Symptoms of Bhakti in Śrīmad-Bhagavātam,"bhaktiḥ pareśānubhavo viraktir
 anyatra caiṣa trika eka-kālaḥ
 prapadyamānasya yathāśnataḥ syus
 tuṣṭiḥ puṣṭiḥ kṣud-apāyo 'nu-ghāsam",SB 11.2.42,bhaktiḥ—devotion; para-īśa—of the Supreme Personality of Godhead; anubhavaḥ—direct perception; viraktiḥ—detachment; anyatra—from everything else; ca—and; eṣaḥ—this; trikaḥ—group of three; eka-kālaḥ—simultaneously; prapadyamānasya—for one in the process of taking shelter of the Supreme Lord; yathā—in the same way as; aśnataḥ—for one engaged in eating; syuḥ—they occur; tuṣṭiḥ—satisfaction; puṣṭiḥ—nourishment; kṣut-apāyaḥ—eradication of hunger; anu-ghāsam—increasingly with each morsel.,"Devotion, direct experience of the Supreme Lord, and detachment from other things—these three occur simultaneously for one who has taken shelter of the Supreme Personality of Godhead, in the same way that pleasure, nourishment and relief from hunger come simultaneously and increasingly, with each bite, for a person engaged in eating."
560,Sādhana-bhakti-tattva,12.C.23,Pure bhakti perfectly defined by Śrīla Rūpa Gosvāmī,"anyābhilāṣitā-śūnyaṁ
 jñāna-karmādy-anāvṛtam
 ānukūlyena kṛṣṇānu-
 śīlanaṁ bhaktir uttamā",BRS 1.1.11,"anya-abhilāṣitā-śūnyam—without desires other than those for the service of Lord Kṛṣṇa [or without material desires (especially meat-eating, illicit sex, gambling and addiction to intoxicants)]; jñāna—speculative knowledge aimed at impersonal liberation; karma—fruitive activities; ādi—artificial renunciation, yoga aimed at attaining mystic powers, and so on; anāvṛtam—not covered by; ānukūlyena—favourable; kṛṣṇa-anuśīlanaṁ—cultivation of service to Kṛṣṇa; bhaktiḥ uttamā—first-class devotional service (The prefix ānu indicates ānugatya – 'following, being under guidance'. Ānu also indicates 'continuous, uninterrupted')..","Uttama-bhakti, pure devotional service, is the cultivation of activities that are meant exclusively for the pleasure of Śrī Kṛṣṇa. In other words, it is the uninterrupted flow of service to Śrī Kṛṣṇa, performed through all endeavors of body, mind and speech, well as through expression of various spiritual sentiments (bhāvas). It is not covered by jñāna (speculative knowledge aimed at impersonal liberation), karma (reward-seeking activity), yoga or austerities; and it is completely free from all desires other than the aspiration to bring happiness to Śrī Kṛṣṇa."
561,Sādhana-bhakti-tattva,12.C.24,"Whether free from desires or full of desires, one should worship Kṛṣṇa","akāmaḥ sarva-kāmo vā / mokṣa-kāma udāra-dhīḥ
 tīvreṇa bhakti-yogena / yajeta puruṣaṁ param",SB 2.3.10,"akāmaḥ—one who has transcended all material desires; sarva-kāmaḥ—one who has the sum total of material desires; vā—either; mokṣa-kāmaḥ—one who desires liberation; udāra-dhīḥ—with broader intelligence; tīvreṇa—with great force; bhakti-yogena—by devotional service to the Lord; yajeta—should worship; puruṣam—Person, enjoyer; param—the Supreme.","Whether one is desireless, or is full of desires for sense enjoyment or for liberation, if he is intelligent he should worship the Supreme Person through intense and unalloyed cultivation of bhakti-yoga."
562,Sādhana-bhakti-tattva,12.C.25,The three results of worshiping Kṛṣṇa's lotus feet,"ity acyutāṅghriṁ bhajato 'nuvṛttyā
 bhaktir viraktir bhagavat-prabodhaḥ
 bhavanti vai bhāgavatasya rājaṁs
 tataḥ parāṁ śāntim upaiti sākṣāt",SB 11.2.43,iti—thus; acyuta—of the infallible Supreme Lord; aṅghrim—the feet; bhajataḥ—for one who is worshiping; anuvṛttyā—by constant practice; bhaktiḥ—devotion; viraktiḥ—detachment; bhagavat-prabodhaḥ—knowledge of Bhagavān; bhavanti—they manifest; vai—indeed; bhāgavatasya—for the devotee; rājan—O King Nimi; tataḥ—then; parām śāntim—supreme peace; upaiti—he attains; sākṣāt—directly.,"My dear King, the devotee who worships the lotus feet of the infallible Supreme Lord with constant endeavor thus achieves unflinching devotion, detachment and realised knowledge of Śrī Kṛṣṇa. Thereafter the successful devotee of the Lord achieves supreme spiritual peace."
563,Sādhana-bhakti-tattva,12.C.27,By the power of bhakti Vyāsadeva saw Kṛṣṇa in His most complete aspect,"bhakti-yogena manasi
 samyak praṇihite 'male
 apaśyat puruṣaṁ pūrṇaṁ
 māyāṁ ca tad-apāśrayam",SB 1.7.4,bhakti—devotional service; yogena—by the process of linking up; manasi—upon the mind; samyak—perfectly; praṇihite—engaged in and fixed upon; amale—without any matter; apaśyat—saw; puruṣam—the Personality of Godhead; pūrṇam—complete; māyām—energy; ca—also; tat—His; apāśrayam—under full control.,"""By the power of bhakti-yoga, Śrīla Vyāsadeva, being firmly concentrated in meditation with a purified mind, saw Śrī Kṛṣṇa fully endowed with spiritual effulgence, with His plenary portions, and with His internal potency of svarūpa-śakti (Śrīmatī Rādhiā). His external potency māyā, being of an inferior nature, was seen in the background under His full control."""
564,Sādhana-bhakti-tattva,12.C.28,Only that which is offered with love and devotion can attract and control Kṛṣṇa,"patraṁ puṣpaṁ phalaṁ toyaṁ 
 yo me bhaktyā prayacchati
 tad ahaṁ bhakty-upahṛtam 
 aśnāmi prayatātmanaḥ",BG 9.26,patram—a (Tulasī) leaf; puṣpam—a flower; phalam—a fruit; toyam—water; yaḥ—whoever; me—unto Me; bhaktyā—with devotion; prayacchati—offers; tat—that; aham—I; bhakti-upahṛtam—offered in devotion; aśnāmi—accept; prayata-ātmanaḥ—from one in pure consciousness.,"Whatever the devotee lovingly offers Me, such as Tulasī leaf, flower, fruit, and water, I accept with heartfelt affection."
565,Sādhana-bhakti-tattva,12.C.29,"""I can only be attained through exclusive bhakti""","bhaktyāham ekayā grāhyaḥ / śraddhayātmā priyaḥ satām
 bhaktiḥ punāti man-niṣṭhā / śva-pākān api sambhavāt",SB 11.14.21,bhaktyā—by devotional service; aham—I; ekayā—unalloyed; grāhyaḥ—am to be obtained; śraddhayā—by faith; ātmā—the Supreme Personality of Godhead; priyaḥ—the object of love; satām—of the devotees; bhaktiḥ—pure devotional service; punāti—purifies; mat-niṣṭhā—fixing Me as the only goal; śva-pākān—dog-eaters; api—even; sambhavāt—from the contamination of low birth.,"""O Uddhava, bhakti is the powerful method of attaining me. I am completely controlled by that devotion, but I am never controlled by yoga, philosophical deliberation, adherence to religious principles, meticulous study of the Vedas, austerities, giving in charity, or by any other method. I am the Supersoul in everyone's heart, and I am easily attained by the sādhus alone, not by anyone else. This is because they have unadulterated and undivided devotion, which is born of their unflinching faith in Me. This type of exclusive devotion has the power to purify even a member of the cast of dog-eaters. However, all qualities such as truthfulness, mercy, observing silence, following scriptural injunctions, austerities and the cultivation of knowledge definitely cannot purify the heart of a human being who is devoid of bhakti unto me""."
566,Sādhana-bhakti-tattva,12.C.30,Devotion is the only process by which Kṛṣṇa can be controlled,"bhaktir evainaṁ nayati bhaktir evainaṁ darśayati
 bhakti-vaśaḥ puruṣo bhaktir eva bhūyasī",Māthara śruti,bhaktiḥ—devotional service; eva—certainly; enam—Him; nayati—leads to; bhaktiḥ—devotional service; eva—certainly; enam—Him; darśayati—reveals; bhakti-vaśaḥ—controlled by bhakti; puruṣaḥ—the Lord; bhaktiḥ—devotion; eva—indeed; bhūyasī—most powerfull.,"It is only unalloyed bhagavad-bhakti that carries the jīvas close to Bhagavān, brings about an audience with Him, and eternal engagement in His sevā. Bhagavān is only controlled by bhakti. Certainly bhakti is most powerful."
567,Sādhana-bhakti-tattva,12.C.31,I am controlled only by the bhakti of My pure devotees,"na sādhayati māṁ yogo / na sāṅkhyaṁ dharma uddhava
 na svādhyāyas tapas tyāgo / yathā bhaktir mamorjitā",SB 11.14.20,na—not; sādhayati—brings under control; mām—Me; yogaḥ—the yoga system; na—nor; sāṅkhyam—the system of Sāṅkhya philosophy; dharmaḥ—pious activities within the varṇāśrama system; uddhava—My dear Uddhava; na—not; svādhyāyaḥ—Vedic study; tapaḥ—austerity; tyāgaḥ—renunciation; yathā—as; bhaktiḥ—devotional service; mama—unto Me; ūrjitā—strongly developed.,"""My dear Uddhava, I cannot be controlled by those who study Sankhya philosophy or śāstra, or who perform mystic yoga, pious acts, austerity or renunciation. I am controlled only by the bhakti rendered to Me by My pure-hearted devotees."""
568,Sādhana-bhakti-tattva,12.C.32,It is the beautiful and exalted nature of bhakti that the infinite Lord becomes submissive to the infinitesimal living entity because of it,"premā haite kṛṣṇa haya nija bhakta-vaśa
 premā haite pāya kṛṣṇera sevā-sukha-rasa",CC Ādi 7.145,premā—love of Kṛṣṇa; haite—from; kṛṣṇa—the Supreme Personality of Godhead; haya—becomes; nija—His own; bhakta-vaśa—submissive to devotees; premā—love of God; haite—from; pāya—he gets; kṛṣṇera—of Lord Kṛṣṇa's; sevā-sukha-rasa—the mellow of service.,"""The Supreme Lord, who is greater than the greatest, becomes submissive to even a very insignificant devotee because of his devotional service. It is the beautiful and exalted nature of devotional service that the infinite Lord becomes submissive to the infinitesimal living entity because of it. In reciprocal devotional activities with the Lord, the devotee actually enjoys the transcendental mellows of His service."""
569,Sādhana-bhakti-tattva,12.C.33,"Kṛṣṇa is equally disposed towards all, but is bound by the love of His devotees","samo 'haṁ sarva-bhūteṣu
 na me dveṣyo 'sti na priyaḥ
 ye bhajanti tu māṁ bhaktyā
 mayi te teṣu cāpy aham",BG 9.29,samaḥ—equally disposed; aham—I; sarva-bhūteṣu—to all living entities; na—no one; me—to Me; dveṣyaḥ—hated; na asti—there is no-one; priyaḥ—or dear; ye—who; bhajanti—render transcendental service; tu—however; mām—unto Me; bhaktyā—with devotion; mayi—in Me; te—they; teṣu—in them; ca—also; api—certainly; aham—I.,I am equal to all living beings and am neither inimical nor partial to anyone. However those who serve Me with love and devotion are in My heart and I am in their hearts.
570,Sādhana-bhakti-tattva,12.C.34,When Kṛṣṇa especially favours someone He takes everything material away,"yasyāham anugṛhṇāmi / hariṣye tad-dhanaṁ śanaiḥ
 tato 'dhanaṁ tyajanty asya / svajanā duḥkha-duḥkhitam",SB 10.88.8,śrī-bhagavān uvāca—Śrī Bhagavān said; yasya—whom; aham—I; anugṛhṇāmi—favor; hariṣye—I will take away; tat—his; dhanam—wealth; śanaiḥ—gradually; tataḥ—then; adhanam—poor; tyajanti—abandon; asya—his; sva-janāḥ—relatives and friends; duḥkha-duḥkhitam—who suffers one distress after another.,"Śrī Bhagavān said: If I especially favor someone, I gradually deprive him of his wealth. Then the relatives and friends of such a poverty-stricken devotee abandon him. In this way he suffers one distress after another."
571,Sādhana-bhakti-tattva,12.C.35,Queen Kuntī devī prays for this special mercy,"vipadaḥ santu tāḥ śaśvat / tatra tatra jagad-guro
 bhavato darśanaṁ yat syād / apunar bhava-darśanam",SB 1.8.25,vipadaḥ—calamities; santu—let there be; tāḥ—all; śaśvat—forever; tatra—there; tatra—and there; jagat-guro—O Lord of the universe; bhavataḥ—Your; darśanam—meeting; yat—that which; syāt—is; apunaḥ—not again; bhava-darśanam—seeing repetition of birth and death.,"[Queen Kuntī prayed to Kṛṣṇa:] ""I wish that all those calamities would happen again and again so that we could see You again and again, for seeing You means that we will no longer see repeated births and deaths."""
572,Sādhana-bhakti-tattva,12.C.36,"Give up lamentation if you desire Kṛṣṇa to manifest in your heart (in other words, don't complain)","śokāmarṣādibhir-bhāvair / ākrāntaṁ yasya mānasam
 kathaṁ tatra mukundasya / sphūrti-sambhāvanā bhavet",BRS 1.2.115,"śoka—lamentation; amarṣa—indignation, anger; ādibhiḥ—(and) other; bhāvaiḥ—(such negative) emotions; ākrāntam—filled or overcome with; yasya—one whose; mānasam—mind or heart; katham—how (can); tatra—there; mukundasya—of Lord Mukunda; sphūrti—vision, revelation; sambhāvanā—possibility; bhavet—be.","""How can Mukunda manifest in the heart of a person who is filled with anger, lamentation and similar inauspicious emotions?"""
573,Sādhana-bhakti-tattva,12.C.38,Remaining undisturbed in either happiness or distress,"duḥkheṣv anudvigna-manāḥ / sukheṣu vigata-spṛhaḥ
 vīta-rāga-bhaya-krodhaḥ / sthita-dhīr munir ucyate",SBG 2.56,anudvigna-manāḥ—one whose mind is not agitated; duḥkheṣu—in the presence of the threefold miseries; vigata-spṛhaḥ—and remains free from hankering; sukheṣu—in the presence of sense-pleasures; vīta—(one who is) free from; rāga—attachment; bhaya—fear; krodhaḥ—and anger; ucyate—is called; muniḥ—a sage; sthita-dhīḥ—of fixed intelligence.,"One whose mind is not disturbed by the three types of miseries (ādhyātmika, ādhibhautika and ādhidaivika), who remains free from desires in the presence of happiness, and who is free from attachment, fear and anger, is called a steady-minded sage. (In other words, ""If one's mind is not disturbed by any problems whatsoever, if one's heart is not agitated in the presence of material pleasure, and if one remains free from attachment, fear and anger – only then can one have a steady mind and perform bhajana."")"
574,Sādhana-bhakti-tattva,12.C.39,Embrace problems as benedictions,"tomāra sevāya, duḥkha hoya jato, seo to' parama sukha
 sevā-sukha-duḥkha, parama sampada, nāśaye avidyā-duḥkha",Ātma-Nivedana 4,,"Whatever problems come to me in the course of rendering service to You I shall accept as the highest pleasure, for in the course of Your service happiness and distress are equally great riches. Both destroy the misery of ignorance."
575,Sādhana-bhakti-tattva,12.C.40,Do not criticize or praise the nature and activities of conditioned souls,"para-svabhāva-karmāṇi / na praśaṁsen na garhayet
 viśvam ekāmakaṁ paśyan / prakṛtyā puruṣeṇa ca",SB 11.28.1,śrī-bhagavān uvāca—Śrī Bhagavān said; para—anyone else's; svabhāva—nature; karmāṇi—and activities; na praśaṁset—one should not praise; na garhayet—one should not criticize; viśvam—the world; eka-ātmakam—based on one reality; paśyan—seeing; prakṛtyā—along with nature; puruṣeṇa—with the enjoying soul; ca—also.,"Śrī Bhagavān said: Do not criticize or praise the conditioned nature and activities of others. Rather, view this world as simply the combination of material nature and the souls who have an enjoying propensity, all based on the one Ultimate Reality."
576,Sādhana-bhakti-tattva,12.C.41,Those who criticize will soon fall down and destroy themselves,"para-svabhāva-karmāṇi / yaḥ praśaṁsati nindati
 sa āśu bhraśyate svārthād / asaty abhiniveśataḥ",SB 11.28.2,para—another's; svabhāva—personality; karmāṇi—and work; yaḥ—who; praśaṁsati—praises; nindati—criticizes; saḥ—he; āśu—quickly; bhraśyate—falls down; sva-arthāt—from his own interest; asati—in unreality; abhiniveśataḥ—because of becoming entangled.,Whoever indulges in praising or criticizing the qualities and behavior of others will quickly fall down and deviate from his own best interest by his entanglement in illusory dualities.
577,Sādhana-bhakti-tattva,12.C.42,Why have you allowed the caṇḍāla of fault-finding to contaminate your heart?,"sahaje nirmala ei 'brāhmaṇa'-hṛdaya
 kṛṣṇera vasite ei yogya-sthāna haya
 'mātsarya'-caṇḍāla kene ihāṅ vasāile
 parama pavitra sthāna apavitra kaile",CC Mad 15.274-5,"sahaje—by nature; nirmala—without contamination; ei—this; brāhmaṇa-hṛdaya—heart of a brāhmaṇa; kṛṣṇera—of Lord Kṛṣṇa; vasite—to sit down; ei—this; yogya-sthāna—proper place; haya—is; mātsarya—jealousy; caṇḍāla—dog-eating, degraded outcaste; kene—why; ihāṅ—here; vasāile—you allowed to sit; parama pavitra—most purified; sthāna—place; apavitra—impure; kaile—you have made.","(Śrī Caitanya Mahāprabhu said:) ""The heart of a brāhmaṇa is by nature pure and soft; therefore it is a proper place for Kṛṣṇa to sit. Why have you allowed the caṇḍāla of jealousy to sit there also? In this way you have contaminated a most purified place, your heart."""
578,Sādhana-bhakti-tattva,12.C.42,Only pure bhakti completely uproots the weeds of sinful desires,"kecit kevalayā bhaktyā / vāsudeva-parāyaṇāḥ
 aghaṁ dhunvanti kārtsnyena / nīhāram iva bhāskaraḥ",SB 6.1.15,"kecit—some people; kevalayā bhaktyā—by executing unalloyed devotional service; vāsudeva—to Lord Kṛṣṇa, the all-pervading Supreme Personality of Godhead; parāyaṇāḥ—completely attached (only to such service, without dependence on austerity, penance, cultivation of knowledge or pious activities); agham—all kinds of sinful reactions; dhunvanti—destroy; kārtsnyena—completely (with no possibility that sinful desires will revive); nīhāram—fog; iva—like; bhāskaraḥ—the sun.","Only a rare person who has adopted complete, unalloyed devotional service to Kṛṣṇa can uproot the weeds of sinful actions with no possibility that they will revive. He can do this simply by discharging devotional service, just as the sun can immediately dissipate fog by its rays."
579,Sādhana-bhakti-tattva,12.C.43,Lord Brahmā concluded that rati for Śrī Kṛṣṇa is the highest perfection,"bhagavān brahma kārtsnyena / trir anvīkṣya manīṣayā
 tad adhyavasyat kūṭa-stho / ratir ātmany ato bhavet",SB 2.2.34,bhagavān—the great personality Brahmā; brahma—the Vedas; kārtsnyena—by summarization; triḥ—three times; anvīkṣya—scrutinizingly examined; manīṣayā—with scholarly attention; tat—that; adhyavasyat—ascertained it; kūṭa-sthaḥ—with concentration of the mind; ratiḥ—attraction; ātmani—unto the Śrī Kṛṣṇa; ataḥ—then; bhavet—it so happens.,"The great personality Brahmā, with great attention and concentration of the mind, studied the Vedas three times, and after scrutinizingly examining them, he ascertained that attraction for Śrī Kṛṣṇa is the highest spiritual perfection."
580,Sādhana-bhakti-tattva,12.C.44,Without bhakti one cannot see Me,"nāhaṁ vedair na tapasā / na dānena na cejyayā
 śakya evaṁ-vidho draṣṭuṁ / dṛṣṭavān asi yan mama",BG 11.53,aham—I; na śakyaḥ—can not; draṣṭum—be seen; evam-vidhaḥ—in this way; yathā—as; dṛṣṭavān asi—you have seen; mām—Me; vedaiḥ—by study of the Vedas; na—nor; tapasā—by austerities; na—not; dānena—by charitable acts; ca—and; na—nor; ījyayā— by sacrifice.,"It is not possible to see Me in this form as you see Me now merely by studying The Vedas, practicing austerities, giving in charity or performing sacrifices."
581,Sādhana-bhakti-tattva,12.C.45,Only by exclusive bhakti can one know Me and see My eternal svarūpa,"bhaktyā tv ananyayā śakya / aham evaṁ-vidho 'rjuna
 jñātuṁ draṣṭuñ ca tattvena / praveṣṭuñ ca parantapa",SBG 11.54,parantapa—O chastiser of the foe; arjuna—Arjuna; tu—however; ananyayā—by exclusive; bhaktyā—devotional service; aham—I; śakyaḥ—can; jñātum—be known; ca—and; draṣṭum—seen; evaṁ-vidhaḥ—in this way (in this human-like form); ca—and; tattvena—truly; praveṣṭum—enter (into association with Me.),"O Parantapa, Arjuna! Only by ananya-bhakti can one actually know and see My eternal, beautiful human form and truly enter into association with Me in My abode."
582,Sādhana-bhakti-tattva,12.C.46,Only by bhakti can one actually know Me and enter into My pastimes,"bhaktyā mām abhijānāti / yāvān yaś cāsmi tattvataḥ
 tato māṁ tattvato jñātvā / viśate tad-anantaram",BG 18.55,bhaktyā—through bhakti; abhijānāti—one can fully know; mām—Me; tattvataḥ—in truth; yāvān—how great My opulence is; ca yaḥ asmi—and what My svarūpa (original form) is; tataḥ—then; jñātvā—having understood; tattvataḥ—in truth; tat-anantaram—after that; viśate—one can enter; mām—Me (My nitya-līlā).,It is by bhakti only that one can know the tattva of My glories and svarūpa. One then enters My eternal pastimes through that tattva on the strength of prema-bhakti.
583,Sādhana-bhakti-tattva,12.C.47,"Those who always hear, chant and remember You, will see Your lotus feet","śṛṇvanti gāyanti gṛṇanty abhīkṣṇaśaḥ
 smaranti nandanti tavehitaṁ janāḥ
 ta eva paśyanty acireṇa tāvakaṁ
 bhava-pravāhoparamaṁ padāmbujam",SB 1.8.36,śṛṇvanti—hear; gāyanti—chant; gṛṇanti—take; abhīkṣṇaśaḥ—continuously; smaranti—remember; nandanti—take pleasure; tava—Your; īhitam—activities; janāḥ—people in general; te—they; eva—certainly; paśyanti—can see; acireṇa—very soon; tāvakam—Your; bhava-pravāha—the current of rebirth; uparamam—cessation; pada-ambujam—lotus feet.,"O Kṛṣṇa, those who continuously hear, chant and repeat Your transcendental activities, or take pleasure in others' doing so, certainly see Your lotus feet, which alone can stop the repetition of birth and death."
584,Sādhana-bhakti-tattva,12.C.48,Kṛṣṇa's ultimate instruction in the Bhagavad-Gītā,"man-manā bhava mad-bhakto
 mad-yājī māṁ namaskuru
 mām evaiṣyasi satyaṁ te
 pratijāne priyo 'si me",BG 18.65,mat-manāḥ—thinking of Me; bhava—just become; mat-bhaktaḥ—My devotee; mat-yājī—My worshiper; mām—unto Me; namaskuru—offer your obeisances; mām—unto Me; eva—certainly; eṣyasi—you will come; satyam—truly; te—to you; pratijāne—I promise; priyaḥ—dear; asi—you are; me—to Me.,"""Absorb your mind and heart in Me, become My devotee, worship Me, offer your obeisances to Me, and certainly you will come to Me. I make this promise to you because you are very dear to Me."""
585,Sādhana-bhakti-tattva,12.C.49,Suta Gosvāmī answers the sages' questions,"munayaḥ sādhu pṛṣṭo 'haṁ / bhavadbhir loka-maṅgalam
 yat kṛtaḥ kṛṣṇa-sampraśno / yenātmā suprasīdati",SB 1.2.5,munayaḥ—O sages; sādhu—this is relevant; pṛṣṭaḥ—questioned; aham—myself; bhavadbhiḥ—by all of you; loka—the world; maṅgalam—welfare; yat—because; kṛtaḥ—made; kṛṣṇa—the Personality of Godhead; sampraśnaḥ—relevant question; yena—by which; ātmā—self; suprasīdati—completely pleased.,"O sages, I have been justly questioned by you. Your questions are worthy because they relate to Lord Kṛṣṇa and so are of relevance to the world's ultimate welfare. Only questions of this sort are capable of completely satisfying the self."
586,Sādhana-bhakti-tattva,12.C.50,,"vāsudeve bhagavati / bhakti-yogaḥ prayojitaḥ
 janayaty āśu vairagyaṁ / jñānaṁ ca yad ahaitukam",SB 1.2.7,vāsudeve—unto Kṛṣṇa; bhagavati—unto the Personality of Godhead; bhakti-yogaḥ—contact of devotional service; prayojitaḥ—being applied; janayati—does produce; āśu—very soon; vairāgyam—detachment; jñānam—knowledge; ca—and; yat—that which; ahaitukam—causeless.,"By rendering devotional service unto Bhagavān Śrī Kṛṣṇa, one immediately acquires causeless knowledge and detachment from the world."
587,Sādhana-bhakti-tattva,12.C.51,,"tac chraddadhānā munayo / jñāna-vairāgya-yuktayā
 paśyanty ātmani cātmānaṁ / bhaktyā śruta-gṛhītayā",SB 1.2.12,tat—that; śraddadhānāḥ—seriously inquisitive; munayaḥ—sages; jñāna—knowledge; vairāgya—detachment; yuktayā—well equipped with; paśyanti—see; ātmani—within himself; ca—and; ātmānam—the Paramātmā; bhaktyā—in devotional service; śruta—the Vedas; gṛhītayā—well received.,"The self-realised sage, well equipped with knowledge and detachment, realises that Absolute Truth by rendering devotional service in terms of what he has heard from the Vedas."
588,Sādhana-bhakti-tattva,12.C.52,,"śuśrūṣoḥ śraddadhānasya / vāsudeva-kathā-ruciḥ
 syān mahat-sevayā viprāḥ / puṇya-tīrtha-niṣevaṇāt",SB 1.2.16,"śuśrūṣoḥ—one who is engaged in hearing; śraddadhānasya—with full faith and attention; vāsudeva—in respect to Vāsudeva, Kṛṣṇa; kathā—narrations; ruciḥ—taste, greed; syāt—is made possible; mahat-sevayā—by service rendered to pure devotees; viprāḥ—O twice-born; puṇya-tīrtha—those who are completely pure; niṣevaṇāt—by service.","O twice-born sages, by serving those devotees who are completely pure at heart, one develops the greed for hearing hari-kathā, narrations of Kṛṣṇa."
589,Sādhana-bhakti-tattva,12.C.53,,"śṛṇvatāṁ sva-kathāḥ kṛṣṇaḥ / puṇya-śravaṇa-kīrtanaḥ
 hṛdy antaḥ stho hy abhadrāṇi / vidhunoti suhṛt satām",SB 1.2.17,śṛṇvatām—those who have developed the urge to hear the message of; sva-kathāḥ—His own words; kṛṣṇaḥ—the Personality of Godhead; puṇya—virtues; śravaṇa—hearing; kīrtanaḥ—chanting; hṛdi antaḥ sthaḥ—within one's heart; hi—certainly; abhadrāṇi—desire to enjoy matter; vidhunoti—cleanses; suhṛt—benefactor; satām—of the truthful.,"Śrī Kṛṣṇa, the Personality of Godhead, who is the Paramātmā [Supersoul] in everyone's heart and the benefactor of the truthful devotee, cleanses desire for material enjoyment from the heart of the devotee who has developed the urge to hear His messages, which are in themselves virtuous when properly heard and chanted."
590,Sādhana-bhakti-tattva,12.C.54,,"tadā rajas-tamo-bhāvāḥ / kāma-lobhādayaś ca ye
 ceta etair anāviddhaṁ / sthitaṁ sattve prasīdati",SB 1.2.19,tadā—at that time; rajaḥ—in the mode of passion; tamaḥ—the mode of ignorance; bhāvāḥ—the situation; kāma—lust and desire; lobha—hankering; ādayaḥ—others; ca—and; ye—whatever they are; cetaḥ—the mind; etaiḥ—by these; anāviddham—without being affected; sthitam—being fixed; sattve—in the mode of goodness; prasīdati—thus becomes fully satisfied.,"As soon as irrevocable loving service is established in the heart, the effects of nature's modes of passion and ignorance, such as lust, desire and hankering, disappear from the heart. Then the devotee is established in goodness, and he becomes completely happy. [Note: prasīdati means that the devotee at this stage becomes completely happy, therefore his mind does not run after sense objects]."
591,Sādhana-bhakti-tattva,12.C.55,Devotion saturated with love,"evaṁ dharmair manuṣyāṇām / uddhavātma-nivedinām
 mayi sañjāyate bhaktiḥ / ko 'nyo 'rtho 'syāvaśiṣyate",SB 11.19.24,evam—thus; dharmaiḥ—by such dharmik principles; manuṣyānām—of human beings; uddhava—Mv dear Uddhava; ātma-nivedinām—who are surrendered souls; mayi—to Me; sañjāyate—arises; bhaktiḥ—loving devotion; kaḥ—what; anyaḥ—other; arthaḥ—purpose; asya—of My devotee; avaśiṣyate—remains.,Devotion which is saturated with love for Me arises in the hearts of those who offer their very souls unto Me and who follow dharmik principles which are favourable for bhakti. What other object remains to be obtained for those who have attained My bhakti?
592,Sādhana-bhakti-tattva,12.C.56,"For those who have accepted the boat of the lotus feet of the Lord, the ocean of the material world is like the water contained in a calf's hoof-print","samāśritā ye pada-pallava-plavaṁ
 mahat-padaṁ puṇya-yaśo murāreḥ
 bhavāmbudhir vatsa-padaṁ paraṁ padaṁ
 padaṁ padaṁ yad vipadāṁ na teṣām",SB 10.14.58,"samāśritāḥ—having taken shelter; ye—those who; pada—of the feet; pallava—like flower buds; plavam—which are a boat; mahat—of the total material creation, or of the great souls; padam—the shelter; puṇya—supremely pious; yaśaḥ—whose fame; mura-areḥ—of the enemy of the demon Mura; bhava—of the material existence; ambudhiḥ—the ocean; vatsa-padam—the hoof-print of a calf; param padam—the supreme abode;; padam padam—at every step; yat—where; vipadām—of material miseries; na—none; teṣām—for them.","For those who have accepted the boat of the lotus feet of the Lord, who is the shelter of the cosmic manifestation and is famous as Murāri, the enemy of the Mura demon, the ocean of the material world is like the water contained in a calf's hoof-print. Their goal is paraṁ padam, Goloka Vṛndāvana, the place where there are no material miseries, not the place where there is danger at every step."
593,Sādhana-bhakti-tattva,12.C.58,Six Impediments to Bhakti,"atyāhāraḥ prayāsaś ca
 prajalpo niyamāgrahaḥ
 jana-saṅgaś ca laulyaṁ ca
 ṣaḍbhir bhaktir vinaśyati",Śrī Upadeśāmṛta 2,"atyāhārāḥ—overeating or accumulating more than necessary; prayāsaḥ—endeavours opposed to bhakti; ca—and; prajalpaḥ—idle talk; niyamāgrahaḥ—improper compliance with the rules and regulations; jana-saṅgaḥ—bad association; ca—and; laulyam— greed, ardent longing, or the restlessness of the mind to adopt worthless opinions; ca—and; ṣaḍbhiḥ—by these six; bhaktiḥ—devotional service; vinaśyati—is destroyed.","Bhakti is destroyed by the following six kinds of faults: (1) eating too much or collecting more than necessary, (2) endeavours which are opposed to bhakti, (3) useless mundane talks, (4) failure to adopt essential regulations or fanatical adherence to regulations, (5) association with persons who are opposed to bhakti, and (6) greed or the restlessness of the mind to adopt worthless opinions."
594,Sādhana-bhakti-tattva,12.C.59,It is impossible for those intoxicated with opulence and beauty to approach You,"janmaiśvarya-śruta-śrībhir
 edhamāna-madaḥ pumān
 naivārhaty abhidhātuṁ vai
 tvām akiñcana-gocaram",SB 1.8.26,janma—birth; aiśvarya—opulence; śruta—education; śrībhiḥ—by the possession of beauty; edhamāna—progressively increasing; madaḥ—intoxication; pumān—the human being; na—never; eva—ever; arhati—deserves; abhidhātum—to address in feeling; vai—certainly; tvām—You; akiñcana-gocaram—one who is approached easily by the materially exhausted man.,"My Lord, Your Lordship can easily be approached, but only by those who are materially exhausted. One who is on the path of material progress, trying to improve himself with respectable parentage, great opulence, high education and bodily beauty, cannot approach You with sincere feeling."
595,Sādhana-bhakti-tattva,12.C.60,,"ajāmile nistārilā ye-kṛṣṇera nāme
 dhana-kula-vidyā-made tāhā nāhi jāne",CB Mad 1.164,,"The holy names of Kṛṣṇa delivered Ajāmila, yet those who are intoxicated by wealth, good birth, and education do not know Him."
596,Sādhana-bhakti-tattva,12.C.61,Ornaments on a dead body,"bhagavad-bhakti-hīnasya / jātiḥ śāstraṁ japas tapaḥ
 aprāṇasyeva dehasya / maṇḍanaṁ loka-rañjanam",Hari-bhakti-sudhodaya 3.12,bhagavat-bhakti-hīnasya—of a person devoid of devotional service to the Supreme Personality of Godhead; jātiḥ—birth in a high caste; śāstram—knowledge in the revealed scriptures; japaḥ—pronunciation of mantras; tapaḥ—austerities and penances; aprāṇasya—which is dead; iva—like; dehasya—of a body; maṇḍanam—decoration; loka—to the whims of people in general; rañjanam—simply pleasing.,"For a person devoid of devotional service, birth in a great family or nation, knowledge of the revealed scriptures, performance of austerities and penance, and chanting of Vedic mantras are all like ornaments on a dead body. Such ornaments simply serve the concocted pleasures of the general populace."
597,Sādhana-bhakti-tattva,12.C.62,The two witches of the desire for material enjoyment and liberation,"bhukti-mukti-spṛhā yāvat
 piśācī hṛdi vartate
 tāvad bhakti-sukhasyātra
 katham abhyudayo bhavet",BRS 1.2.22,bhukti—material enjoyment; mukti—liberation from material existence; spṛhā—desires for; yāvat—as long as; piśācī—the witches; hṛdi—within the heart; vartate—remain; tāvat—that long; bhakti—of devotional service; sukhasya—of the happiness; atra—here; katham—how; abhyudayaḥ—awakening; bhavet—can there be.,"As long as the two witches of desire for material enjoyment and liberation remain within the heart of the sādhaka, how can the happiness of viśuddha-bhakti be awakened there?"
598,Sādhana-bhakti-tattva,12.C.63,,"śrī kṛṣṇa-caraṇāmbhoja sevā nirvṛta cetasām
 eṣāṁ mokṣāya bhaktānāṁ na kadācit spṛhā bhavet",BRS 1.2.25,,"In other words, śuddha-bhakti can never arise in an impure heart (contaminated with bhukti and mukti). Devotees whose minds are immersed in the happiness of service to the lotus feet of Vrajendra-nandana Śrī Kṛṣṇa do not have even a scent of desire for bhukti or mukti."
599,Sādhana-bhakti-tattva,12.C.64,Karma and Jñāna are like two pots of poison,karma-kāṇḍa jñāna-kāṇḍa kevala viṣera bhāṇḍa,Śrī Prema-bhakti-candrika (8.8),,"Both karma-khaṇḍa (fruitive activities) and jñāna-khaṇḍa (mental speculation, speculative knowledge) are like pots of poison. (Knowing these two to be opposed to bhakti, sincere devotees of Bhagavān abandon them like poison)."
600,Sādhana-bhakti-tattva,12.C.65,Non-devotion is condemned,"neha yat karma-dharmāya
 na virāgāya kalpate
 na tīrtha-pada-sevāyai
 jīvann api mṛto hi saḥ",SB 3.23.56,na—not; iha—here; yat—which; karma—work; dharmāya—for perfection of religious life; na—not; virāgāya—for detachment; kalpate—leads; na—not; tīrtha-pada—of the Lord's lotus feet; sevāyai—to devotional service; jīvan—living; api—although; mṛtaḥ—dead; hi—indeed; saḥ—he.,"Anyone whose work is not meant to elevate him to religious life, anyone whose religious ritualistic performances do not raise him to renunciation, and anyone situated in renunciation that does not lead him to devotional service to the Supreme Lord, must be considered dead, although he is breathing."
601,Sādhana-bhakti-tattva,12.C.66,Bharata Mahārāja renounced everything promptly,"yo dustyajān dāra-sutān / suhṛd rājyaṁ hṛdi-spṛśaḥ
 jahau yuvaiva malavad / uttamaśloka-lālasaḥ",SB 5.14.43,"yaḥ—the same Jaḍa Bharata (who was formerly Mahārāja Bharata, the son of Mahārāja Ṛṣabhadeva); dustyajān—very difficult to give up; dāra-sutān—the wife and children or the most opulent family life; suhṛt—friends and well-wishers; rājyam—a kingdom that extended all over the world; hṛdi-spṛśaḥ—that which is situated within the core of one's heart; jahau—he gave up; yuvā eva—even as a young man; mala-vat—like stool; uttama-śloka-lālasaḥ—who was so fond of serving Bhagavān, known as Uttamaśloka.","""Mahārāja Bharata gave up at still an early age what is most difficult to give up, his wife, sons, relatives, friends and kingdom, as one gives up stool after evacuating, to enter the forest to perform bhajana."""
602,Sādhana-bhakti-tattva,12.C.67,"Conceptions of ""good"" and ""bad"" are all unfavourable for bhakti","dvaite' bhadrābhadra-jñāna, saba—'manodharma'
 'ei bhāla, ei manda',—ei saba 'bhrama'",CC Antya 4.176,dvaite—in the material world; bhadra-abhadra-jñāna—understanding of good and bad; saba—all; manaḥ-dharma—speculative mental creations; ei bhāla—this is good; ei manda—this is bad; ei—this; saba—all; bhrama—mistake.,"[Mahāprabhu to Sanātana Gosvāmī]:""In the material world, conceptions of good and bad are all mental speculations. Therefore, saying 'This is good' or 'This is bad' is all a mistake."""
603,Sādhana-bhakti-tattva,12.C.68,"Chewing the chewed, materialistic persons cannot come to You","matir na kṛṣṇe parataḥ svato vā
 mitho 'bhipadyeta gṛha-vratānām
 adānta-gobhir viśatāṁ tamisraṁ
 punaḥ punaś carvita-carvaṇānām",SB 7.5.30,"śrī-prahrādaḥ uvāca—Prahlāda Mahārāja said; matiḥ—inclination; na—never; kṛṣṇe—unto Lord Kṛṣṇa; parataḥ—from the instructions of others; svataḥ—from their own understanding; vā—either; mithaḥ—from combined effort; abhipadyeta—is developed; gṛha-vratānām—of persons too addicted to the materialistic, bodily conception of life; adānta—uncontrolled; gobhiḥ—by the senses; viśatām—entering; tamisram—hellish life; punaḥ—again; punaḥ—again; carvita—things already chewed; carvaṇānām—who are chewing.","""Materialistic persons are simply mulling over that which has already been mulled and chewing that which has already been chewed. Because their senses are not controlled they are proceeding towards the dreadful hell of this material existence, repeatedly trying to enjoy that which has already been consumed. The intelligence of such materially attached persons cannot be turned towards Bhagavān Śrī Kṛṣṇa either by their own endeavour, by the instruction of others or by the association of similar materialistic persons."""
604,Sādhana-bhakti-tattva,12.C.69,They don't know that the ultimate goal is Viṣṇu,"na te viduḥ svārtha-gatiṁ hi viṣṇuṁ
 durāśayā ye bahir-artha-māninaḥ
 andhā yathāndhair upanīyamānās
 te 'pīśa-tantryām uru-dāmni baddhāḥ",SB 7.5.31,"na—not; te—they; viduḥ—know; sva-artha-gatim—the ultimate goal of life, or their own real interest; hi—indeed; viṣṇum—Lord Viṣṇu and His abode; durāśayāḥ—being ambitious to enjoy this material world; ye—who; bahiḥ—external sense objects; artha-māninaḥ—considering as valuable; andhāḥ—persons who are blind; yathā—just as; andhaiḥ—by other blind men; upanīyamānāḥ—being led; te—they; api—although; īśa-tantryām—to the ropes (laws) of material nature; uru—having very strong; dāmni—cords; baddhāḥ—bound.","""Persons who are strongly entrapped by the consciousness of enjoying material life, and who have therefore accepted as their leader or Guru a similar blind man attached to external sense objects, cannot understand that the goal of life is to give up this material life and engage in the service of Lord Viṣṇu. As blind men guided by another blind man miss the right path and fall into a ditch, materially attached men led by another materially attached man are bound by the ropes of fruitive labour, which are made of very strong cords, and they continue again and again in materialistic life, suffering the threefold miseries."""
605,Sādhana-bhakti-tattva,12.C.70,What is real liberation?,muktir hitvānyathā rūpaṁ sva-rūpeṇa vyavasthitiḥ,SB 2.10.6,"muktiḥ—liberation; hitvā—giving up; anyathā—otherwise; rūpam—form; sva-rūpeṇa—in one's spiritual, constitutional form; vyavasthitiḥ—permanent situation, eternal position.","Real liberation means realizing one's svarūpa and one's nitya-sevā [In other words, one is not liberated upon leaving this body if he takes another body, nor if he simply doesn't take another form. Real liberation is when one enters into the spiritual world by transcendental loving devotional service.]"
606,Sādhana-bhakti-tattva,12.C.71,"Your devotees who are bound to You by a tie of intimate affection, never fall from the path of bhakti","tathā na te mādhava tāvakāḥ kvacid
 bhraśyanti mārgāt tvayi baddha-sauhṛdāḥ
 tvayābhiguptā vicaranti nirbhayā
 vināyakānīkapa-mūrdhasu prabho",SB 10.2.33,"tathā—like them (the nondevotees); na—not; te—they (the devotees); mādhava—O Lord, husband of the goddess of fortune; tāvakāḥ—Your devotees; kvacit—in any circumstances; bhraśyanti—fall down; mārgāt—from the path of devotional service; tvayi—unto You; baddha-sauhṛdāḥ—because of being fully attached to Your lotus feet; tvayā—by You; abhiguptāḥ—always protected from all dangers; vicaranti—they move; nirbhayāḥ—without fear; vināyaka-anīkapa—the enemies who maintain paraphernalia to oppose the bhakti cult; mūrdhasu—on their heads; prabho—O Lord.","""O Mādhava, the jñānis who imagine themselves to be liberated may fall from their so-called position of liberation, but Your devotees who are bound to You by a tie of intimate affection, never fall from the path of bhakti. Because such devotees are fully protected by You, they fearlessly cross over all obstacles by placing their feet upon the heads of the predominating deities who are empowered to instigate the most severe types of obstacles."""
607,Sādhana-bhakti-tattva,12.C.72,"Your name, form and attributes can be ascertained only through bhakti","na nāma-rūpe guṇa-janma-karmabhir
 nirūpitavye tava tasya sākṣiṇaḥ
 mano-vacobhyām anumeya-vartmano
 deva kriyāyāṁ pratiyanty athāpi hi",SB 10.2.36,na—not; nāma-rūpe—the name and form; guṇa—with attributes; janma—appearance; karmabhiḥ—activities or pastimes; nirūpitavye—are not able to be ascertained; tava—Your; tasya—of Him; sākṣiṇaḥ—who is the direct observer; manaḥ—of the mind; vacobhyām—words; anumeya—hypothesis; vartmanaḥ—the path; deva—O Lord; kriyāyām—in devotional activities; pratiyanti—they realise; atha api—still; hi—indeed (You can be realised by the devotees).,"O Lord, Your transcendental name and form are not ascertained by those who merely speculate on the path of hypothesis. Your name, form and attributes can be ascertained only through devotional service."
608,Sādhana-bhakti-tattva,12.C.73,Kṛṣṇa is not accessible to mental speculators or yogis,"nāyaṁ sukhāpo bhagavān
 dehināṁ gopikā-sutaḥ
 jñānināṁ cātma-bhūtānāṁ
 yathā bhaktimatām iha",SB 10.9.21,"na—not; ayam—this; sukha-āpaḥ—very easily obtainable, or an object of happiness; bhagavān—the Supreme Personality of Godhead; dehinām—of persons in the bodily concept of life, especially the karmīs; gopikā-sutaḥ—Kṛṣṇa, the son of mother Yaśodā (Kṛṣṇa as the son of Vasudeva is called Vāsudeva, and as the son of mother Yaśodā He is known as Kṛṣṇa); jñāninām ca—and of the jñānīs, who try to be free from material contamination; ātma-bhūtānām—of self-sufficient yogīs; yathā—as; bhakti-matām—of the devotees; iha—in this world.","The Supreme Personality of Godhead, Kṛṣṇa, the son of mother Yaśodā, is accessible to devotees engaged in spontaneous loving service, but He is not as easily accessible to mental speculators, to those striving for self-realisation by severe austerities and penances, or to those who consider the body the same as the self."
609,Sādhana-bhakti-tattva,12.C.74,"Brahmā is praying to attain pure, Vraja bhakti","tad astu me nātha sa bhūri-bhāgo
 bhave 'tra vānyatra tu vā tiraścām
 yenāham eko 'pi bhavaj-janānāṁ
 bhūtvā niṣeve tava pāda-pallavam",SB 10.14.30,tat—therefore; astu—may it be; me—my; nātha—O master; saḥ—that; bhūri-bhāgaḥ—greatest good fortune; bhave—in the birth; atra—this; vā—or; anyatra—in some other birth; tu—indeed; vā—or; tiraścām—among the animals; yena—by which; aham—I; ekaḥ—one; api—even; bhavat—or Your; janānām—devotees; bhūtvā—becoming; niṣeve—I may fully engage in serving; tava—Your; pāda-pallavam—lotus feet.,"O Bhagavān, may I be so fortunate as to attain the association of Your devotees and, under their guidance, obtain service to Your lotus feet; be it in this life as Brahmā or any other human birth, or even in a birth among the animal species."
610,Sādhana-bhakti-tattva,12.C.75,Śrī Govinda is attained by spontaneous devotion of the soul,"advaitam acyutam anādim ananta-rūpam
 ādyaṁ purāṇa-puruṣaṁ nava-yauvanaṁ ca
 vedeṣu durlabham adurlabham ātma-bhaktau
 govindam ādi-puruṣaṁ tam ahaṁ bhajāmi",Brahma Saṁhitā,"aham bhajāmi—I render service; tam ādi-puruṣam govindam—to that primeval Person, Śrī Govinda; advaitam—who has no second; acyutam—who is infallible; anādim—beginningless; ananta-rūpam—who possesses limitless forms; ādyam—who is the origin; purāṇa-puruṣam—who is the primeval person; nava-yauvanam ca—yet is ever-youthful; vedeṣu durlabham—whose tattva is difficult to determine through a study of the Vedas; adurlabham—but is understood without difficulty; ātma-bhaktau—by His own devotee.","Although He is non-dual, infallible, beginningless, possessed of unlimited forms and the oldest of all, nevertheless, He is a beautiful person with everlasting, fresh youthfulness. Although He is incomprehensible to the Vedas, He is easily attained by śuddha-prema, spontaneous devotion of the soul. I render service to that ādi-puruṣa, Śrī Govinda."
611,Sādhana-bhakti-tattva,12.C.76,Only the eyes of devotion smeared with love can see Śyāmasundara,"premāñjana-cchurita-bhakti-vilocanena
 santaḥ sadaiva hṛdayeṣu vilokayanti
 yaṁ śyāmasundaram acintya-guṇa-svarūpaṁ
 govindam ādi-puruṣaṁ tam ahaṁ bhajāmi",Brahma Samhita 38,"aham bhajāmi—I render service; tam—to that; ādi-puruṣam govindam—primeval Supreme Person, Śrī Govinda; yam—whose; svarūpam—original form; acintya-guṇa—which is possessed of inconceivable transcendental qualities; santaḥ—exclusively devoted saints; bhakti-vilocanena—with eyes of devotion; churita—tinged; prema-añjana—with the salve of love; eva vilokayanti—certainly behold; sadā—at all times; hṛdayeṣu—within their purified hearts; śyāmasundaram—as beautiful Śyāma.","The saintly personalities, whose eyes of bhakti are smeared with the kājala of prema, always behold Śrī Kṛṣṇa within their hearts as Śyāmasundara, the embodiment of inconceivable qualities. I render service to that ādi-puruṣa, Govinda."
612,Sādhana-bhakti-tattva,12.C.77,Devotion to Kṛṣṇa is likened to watering the root of a tree– it satisfies everyone,"yathā taror mūla-niṣecanena
 tṛpyanti tat-skandha-bhujopaśākhāḥ
 prāṇopahārāc ca yathendriyāṇāṁ
 tathaiva sarvārhaṇam acyutejyā",SB 4.31.14,yathā—as; taroḥ—of a tree; mūla—the root; niṣecanena—by watering; tṛpyanti—are satisfied; tat—its; skandha—trunk; bhuja—branches; upaśākhāḥ—and twigs; prāṇa—the life air; upahārāt—by feeding; ca—and; yathā—as; indriyāṇām—of the senses; tathā eva—similarly; sarva—of all demigods; arhaṇam—worship; acyuta—of the Supreme Personality of Godhead; ijyā—worship.,"By watering the root of a tree, all its parts, such as the trunk, branches, leaves and flowers are nourished, and by satisfying the life-airs through eating, all of the senses are nourished. Similarly, only by worshipping Śrī Kṛṣṇa are the demigods, forefathers and everyone else is satisfied."
613,Sādhana-bhakti-tattva,12.C.78,Dovetailing all favourable things in devotional service; not being attached to anything but at the same time accepting everything for the service of Kṛṣṇa,"anāsaktasya viṣayān/yathārham upayuñjataḥ
 nirbandhaḥ kṛṣṇa-sambandhe/yuktaṁ vairāgyam ucyate
 

 prāpañcikatayā buddhyā/hari-sambandhi-vastunaḥ
 mumukṣubhiḥ parityāgo/vairāgyaṁ phalgu kathyate",BRS 1.2.255-6,anāsaktasya—of one who is without attachment; viṣayān—to material sense objects; yathā-arham—according to suitability; upayuñjataḥ—engaging; nirbandhaḥ—without bondage; kṛṣṇa-sambandhe—in relationship with Kṛṣṇa; yuktam—connected; vairāgyam—renunciation; ucyate—is called; prāpañcikatayā—as material; buddhyā—with the understanding; hari-sambandhi-vastunaḥ—of things which are related to Śrī Hari; mumukṣubhiḥ—by those who desire liberation; parityāgaḥ—the renunciation; vairāgyam phalgu—inferior renunciation; kathyate—is termed.,"When one is not attached to anything but at the same time accepts everything in relation to Kṛṣṇa, one is rightly situated above possessiveness. On the other hand, one who rejects everything without knowledge of its relationship to Kṛṣṇa is not as complete in his renunciation."
614,Sādhana-bhakti-tattva,12.C.79,"Real detachment is in the heart, not in externally renouncing one's duty","anāśritaḥ karma-phalaṁ / kāryaṁ karma karoti yaḥ
 sa sannyāsī ca yogī ca / na niragnir na cākriyaḥ",BG 6.1,śrī-bhagavān uvāca—the Lord said; anāśritaḥ—without taking shelter; karma-phalam—of the result of work; kāryam—obligatory; karma—work; karoti—performs; yaḥ—one who; saḥ—he; sannyāsī—in the renounced order; ca—also; yogī—mystic; ca—also; na—not; niḥ—without; agniḥ—fire; na—nor; ca—also; akriyaḥ—without duty.,"One who is unattached to the fruits of his actions yet does his duty is a true sannyāsī and a yogī, not he who lights no fire or performs no service."
615,Sādhana-bhakti-tattva,12.C.80,Dovetailing one's daily activities in the service of Guru and Kṛṣṇa,"yuktāhāra-vihārasya / yukta-ceṣṭasya karmasu
 yukta-svapnāvabodhasya / yogo bhavati duḥkha-hā",BG 6.17,yukta—regulated; āhāra—eating; vihārasya—recreation; yukta—regulated; ceṣṭasya—of one who works for maintenance; karmasu—in discharging duties; yukta—regulated; svapna-avabodhasya—sleep and wakefulness; yogaḥ—practice of yoga; bhavati—becomes; duḥkha-hā—diminishing pains.,"For one who is moderate in eating and recreation, balanced in work and regulated in sleeping and waking, his practice of yoga destroys all material miseries."
616,Sādhana-bhakti-tattva,12.C.81,One should therefore accept only those things necessary for himself,"īśāvāsyam idam sarvaṁ / yat kiñca jagatyāṁ jagat
 tena tyaktena bhuñjīthā / mā gṛdhaḥ kasya svid dhanam",Śrī Īśopaniṣad 1,īśa—by the Lord; āvāsyam—controlled; idam—this; sarvam—all; yat kiñca—whatever; jagatyām—within the universe; jagat—all that is animate or inanimate; tena—by Him; tyaktena—set-apart quota; bhuñjīthāḥ—you should accept; mā—do not; gṛdhaḥ—endeavor to gain; kasya svit—of anyone else; dhanam—the wealth.,"Everything animate or inanimate that is within the universe is controlled and owned by the Lord. One should therefore accept only those things necessary for himself, which are set aside as his quota, and one should not try to take the property of another."
617,Sādhana-bhakti-tattva,12.C.82,Reject false renunciation and hide your internal mood,"markaṭa-vairāgya nā kara loka dekhāñā
 yathā-yogya viṣaya bhuñja' anāsakta hañā
 antare niṣṭhā kara, bāhye loka-vyavahāra
 acirāt kṛṣṇa tomāya karibe uddhāra",CC Mad 16.238-239,markaṭa-vairāgya—monkey renunciation; nā kara—do not do; loka—to the people; dekhāñā—showing off; yathā-yogya—as it is befitting; viṣaya—material things; bhuñja'—enjoy; anāsakta—without attachment; hañā—being; antare—within the heart; niṣṭhā kara—keep strong faith; bāhye—externally; loka-vyavahāra—behavior like ordinary men; acirāt—very soon; kṛṣṇa—Lord Kṛṣṇa; tomāya—unto you; karibe—will do; uddhāra—liberation.,"[Śrī Caitanya Mahāprabhu instructed Raghunātha Dāsa:] Do not adopt markaṭa-vairāgya (external, false renunciation) simply to impress the general populace. You should accept without attachment whatever sense objects are appropriate for maintaining your devotional practices and give up all material desires within your heart. Internally develop staunch faith in Śrī Kṛṣṇa and externally carry out your worldly responsibilities in such a way that no one can detect your inner mood. If you act like this, Śrī Kṛṣṇa will very quickly deliver you from material existence."
618,Sādhana-bhakti-tattva,12.C.84,"The highest perfection of human life, achieved either by complete knowledge of matter and spirit, by practice of mystic powers, or by perfect discharge of occupational duty, is to remember the Supreme Person, Nārāyaṇa at the end of life.","anta-kāle ca mām eva / smaran muktvā kalevaram
 yaḥ prayāti sa mad-bhāvaṁ / yāti nāsty atra saṁśayaḥ",BG 8.5,anta-kāle—at the end of life; ca—also; mām—Me; eva—certainly; smaran—remembering; muktvā—quitting; kalevaram—the body; yaḥ—he who; prayāti—goes; saḥ—he; mat-bhāvam—My nature; yāti—achieves; na—not; asti—there is; atra—here; saṁśayaḥ—doubt.,"Whoever, at the time of death, leaves his body while remembering Me alone, surely attains to My transcendental nature. Of this there is no doubt."
619,Sādhana-bhakti-tattva,12.C.85,,bhajan kara sādhana kara murte jānle hoy,Bengali poetry,bhajan—worship; kara—perform; sādhana—regulative devotional activities; kara—perform; murte—at the time of death; jānle—to know; hoy—is.,Whatever bhajana and sādhana one has performed throughout life will be tested at the time of death.
620,Sādhana-bhakti-tattva,12.C.86,,sādhana bhāvibe jāha siddha-dehe pābe tāhā rāga-pathera ei se upāya,Śrī Prema Bhakti-candrika 5.8,,"Whatever subject is constantly meditated upon at the time of performing sādhana (the contemplation of ekādaśa-bhāva), engrosses the citta (heart or consciousness) and that same subject will be the prominent meditation at the time of death."
621,Sādhana-bhakti-tattva,12.C.87,The pure devotee's mercy is even more. powerful than Krishna's,"aho ananta-dāsānām
 mahattvam dṛṣṭam adya me
 kṛtāgaso 'pi yad rājan
 maṅgalāni samīhase",SB 9.5.14,[durvāsāḥ uvāca—Durvāsā Muni said;] aho—alas; ananta-dāsānām—of the servants of the Supreme Personality of Godhead; mahattvam—greatness; dṛṣṭam—seen; adya—today; me—by me; kṛta-āgasaḥ api—although I was an offender; yat—still; rājan—O King; maṅgalāni—good fortune; samīhase—you are praying for.,"Durvāsā Muni said, ""My dear king, today I have experienced the greatness of a Vaiṣṇava, for although I have committed a grievous offence by trying to kill you, you have prayed for my protection and well being"" [""You cheated me, pretending to be an ordinary man. But now I realise that the mercy of a pure devotee is more powerful than even Kṛṣṇa Himself""]."
622,Sādhana-bhakti-tattva,12.C.88,Kṛṣṇa protects the surrendered from accidental fall-downs,"sva-pāda-mūlam bhajataḥ priyasya
 tyaktānya-bhāvasya hariḥ pareśaḥ
 vikarma yac cotpatitaṁ kathañcid
 dhunoti sarvaṁ hṛdi sanniviṣṭaḥ",SB 11.5.42,"sva-pāda-mūlam—the lotus feet of Kṛṣṇa, the shelter of the devotees; bhajataḥ—who is engaged in worshiping; priyasya—who is very dear to Kṛṣṇa; tyakta—given up; anya—for others; bhāvasya—of one whose disposition or inclination; hariḥ—the Supreme Personality of Godhead; para-īśaḥ—the Supreme Lord; vikarma—sinful activities; yat—whatever; ca—and; utpatitam—occurred; kathañcit—somehow; dhunoti—removes; sarvam—all; hṛdi—in the heart; sanniviṣṭaḥ—entered.","One who has thus given up all other engagements and has taken full shelter at the lotus feet of Hari, the Supreme Personality of Godhead, is very dear to the Lord. Indeed, if such a surrendered soul accidentally commits some sinful activity, the Lord, who is seated within everyone's heart, immediately takes away the reaction to such sin. (see api cet su-durācāro 2.27)"
623,Sādhana-bhakti-tattva,12.C.89,The higher taste,"viṣayā vinivartante / nirāhārasya dehinaḥ
 rasa-varjaṁ raso 'py asya / paraṁ dṛṣṭvā nivartate",BG 2.59,viṣayāḥ—objects for sense enjoyment; vinivartante—are practiced to be refrained from; nirāhārasya—by negative restrictions; dehinaḥ—for the embodied; rasa-varjam—giving up the taste; rasaḥ—sense of enjoyment; api—although there is; asya—his; param—far superior things; dṛṣṭvā—by experiencing; nivartate—he ceases from.,"One may refrain from sense enjoyment, but the taste for it remains. Only by experiencing the higher taste of bhakti-rasa can one become fixed in higher consciousness."
624,Sādhana-bhakti-tattva,12.C.90,,"urarṣe vihitā śāstre harim uddiśya yā kriyā
 saiva bhaktir iti proktā tayā bhaktiḥ parā bhavet",Bhakti-rasāmṛta-sindhu 1.2.13,,"O sage amongst the demigods, Nārada, those activities prescribed in the revealed scriptures for satisfying the Supreme Personality of Godhead, Lord Hari, are called the regulative principles of bhakti (sādhana-bhakti), by practicing which one may attain the highest bhakti (prema)."
625,Sādhana-bhakti-tattva,12.C.91,The benefit of Kārtika in Vraja,"bhuktiṁ muktiṁ harir dadyād / arcito 'nyatra-sevinām
 bhaktiṁ ca na dadāty eṣa / yato vaśya-karī hariḥ
 

 sa tv añjasā harer bhaktir / labhyate kārttike naraiḥ
 mathurāyāṁ sakṛd api / śrī-dāmodara-pūjanāt",BRS 1.2.222,bhuktim—happiness; muktim—liberation; hariḥ—Lord Kṛṣṇa; dadyāt—gives; arcitaḥ—worshiped; anyatra—another place; sevinām—of the servants; bhaktim—devotional service; ca—and; na—not; dadāti—gives; eṣa—He; yataḥ—because; vaśya-karī—brought under control; hariḥ—Lord Kṛṣṇa. saḥ—He; tv—indeed; añjasā—easily; hareḥ—of Lord Kṛṣṇa; bhaktiḥ—devotional service; labhyate—is obtained; kārttike—in Kārttika; naraiḥ—by people; mathurāyām—in Mathurā; sakṛt—once; api—even; śrī-dāmodara-pūjanāt—by worshiping Lord Dāmodara.,"To persons who perform bhajana and sādhana, without strong attachment to Kṛṣṇa, in places outside of Vraja-maṇḍala, Śrī Bhagavān certainly awards bhukti and mukti, but He does not award bhakti, for by bhakti the Lord becomes bound to His devotees. But if a person who is otherwise devoid of sādhana worships Śrī Dāmodara even once in Vraja-maṇḍala in the month of Kārtika, he very easily obtains the most rare hari-bhakti."
626,Sādhana-bhakti-tattva,12.C.92,Jāta (in stage of bhāva) and ajāta-rati-sādhaka (prior to bhāva) – different meditations for different adhikāras,"cañcala-jīvana-srota pravāhiyā, kālera sāgare dhāya
 gela je divasa, nā āsibe āra, ebe kṛṣṇa ki upāya",Śrī Rādhā-Kṛṣṇa Vijñapti 6,,"(The sādhaka is praying:) This flickering life is rushing towards the ocean of death and can end in any moment. The days that have passed without performing bhajana can never be reclaimed. Alas, Kṛṣṇa, now what am I to do? (for the ajāta-rati-sādhakas) (The gopīs in separation from Kṛṣṇa:) The beauty and youth of our lives are rushing towards the ocean of Your love. They will only last for a few days and will end soon. Alas, a day that has passed without Your association can never be reclaimed. O Kṛṣṇa, what are we to do now? (for the jāta-rati-sādhaka)"
627,Sādhana-bhakti-tattva,12.C.93,Kṛṣṇa never forsakes one who takes shelter of the Vaiṣṇavas,"āśraya laiyā bhaje, tare kṛṣṇa nāhi tyaje, āra saba mare akāraṇa",Ṭhākura Vaiṣṇava-Pada,,"One who performs bhajana under the shelter of saintly devotees who are the abode of love for Śrī Kṛṣṇa, is never neglected by Kṛṣṇa; everyone else lives in vain."
628,Sādhana-bhakti-tattva,12.C.94,,"īhā yasya harer dāsye
 karmaṇā manasā girā
 nikhilāsv apy avasthāsu
 jīvan-muktaḥ sa ucyate",Nāradīya Purāṇa,Saḥ—he; yasya—whose; īhā—endeavours; karmaṇā—through the activities of his body; manasā—his mind; girā—his words; api—although; nikhilāsu—in all; avasthāsu—situations; dāsye—(are done) for the service; hareḥ—of Śrī Hari; ucyate—is said; jīvan-muktaḥ—(to be) a person liberated even while living.,"""A person acting for the service of Śrī Hari with his body, mind, and words is a liberated person even while living within the material body and being engaged in all kinds of so-called material activities."" Nāradīya Purāṇa: ""One who engages his or her actions, thoughts, and words in Hari's service, though situated in this world, is a liberated soul."""
629,Sādhana-bhakti-tattva,12.D.1,,"śabda-brahma paraṁ brahma
 mamobhe śāśvatī tanū",SB 6.16.51,"śabda-brahma—the transcendental sound vibration (the Hare Kṛṣṇa mantra); param brahma—the Supreme Absolute Truth; mama—My; ubhe—both (namely, the form of sound and the form of spiritual identity); śāśvatī—eternal; tanū—two bodies.","""The Supreme sound vibration and the Supreme Being are one and the same."""
630,Sādhana-bhakti-tattva,12.D.2,"O Kṛṣṇa, just hearing the nectar of Your words and the narrations of Your pastimes gives life to us, who are suffering in separation","tava kathāmṛtaṁ tapta-jīvanaṁ / kavibhir īḍitaṁ kalmaṣāpaham
 śravaṇa-maṅgalaṁ śrīmad ātataṁ / bhuvi gṛṇanti ye bhūri-dā janāḥ",SB 10.31.9,"tava—Your; kathā-amṛtam—the nectar of words; tapta-jīvanam—(is) life for those aggrieved; kavibhiḥ—by great thinkers; īḍitam—described; kalmaṣa-apaham—removing sinful reactions; śravaṇa-maṅgalam—auspicious to hear, giving spiritual benefit; śṛīmat—filled with spiritual opulence; ātatam—spreading; bhuvi—within the world; gṛṇanti—chant, glorify, propagate; ye—those who; bhūri-dāḥ—most beneficent; janāḥ—persons.","""O Kṛṣṇa, just hearing the nectar of Your words and the narrations of Your pastimes gives life to us, who are always suffering in this material world. These narrations, coming from the lips of Your pure devotees, eradicate one's sinful reactions and bestow the ultimate benediction of Kṛṣṇa prema upon whoever hears them with faith. These narrations are broadcast all over the world and are filled with spiritual beauty and power. Certainly those who distribute this nectar are the most munificent, most compassionate souls."""
631,Sādhana-bhakti-tattva,12.D.3,The Glories of Hearing Hari-kathā From a Pure Devotee,"satāṁ prasaṅgān mama vīrya-saṁvido
 bhavanti hṛt-karṇa-rasāyanāḥ kathāḥ
 taj-joṣaṇād āśv apavarga-vartmani
 śraddhā ratir bhaktir anukramiṣyati",SB 3.25.25,satām—of pure devotees; prasaṅgāt—through the association; mama—My; vīrya—wonderful activities; saṁvidaḥ—by discussion of; bhavanti—become; hṛt—to the heart; karṇa—to the ear; rasa-ayanāḥ—pleasing; kathāḥ—the stories; tat—of that; joṣaṇāt—by cultivation; āśu—quickly; apavarga—of liberation; vartmani—on the path; śraddhā—firm faith; ratiḥ—attraction; bhaktiḥ—devotion; anukramiṣyati—will follow in order.,"In the association of pure devotees, the recitation and discussions of My glorious activities and pastimes are pleasing to both the heart and the ears. By regular hearing and contemplation of such topics one quickly becomes liberated and free from ignorance. He then progressively attains śraddhā (sādhana-bhakti), rati (bhāva bhakti) and prema-bhakti unto Me."
632,Sādhana-bhakti-tattva,12.D.4,Kṛṣṇa's līlā-kathā is the remedy to conquer the disease of the heart,"vikrīḍitaṁ vraja-vadhūbhir idaṁ ca viṣṇoḥ
 śraddhānvito 'nuśṛṇuyād atha varṇayed yaḥ
 bhaktiṁ parāṁ bhagavati pratilabhya kāmaṁ
 hṛd-rogam āśv apahinoty acireṇa dhīraḥ",Śrīmad-Bhāgavatam 10.33.39,"vikrīḍitam—the activity of the rāsa dance; vraja-vadhūbhiḥ—the damsels of Vraja, the gopīs; idam—this; ca—and; viṣṇoḥ—of Lord Kṛṣṇa; śraddhā-anvitaḥ—with transcendental faith; anuśṛṇuyāt—continually hears in the paramparā system; atha—also; varṇayet—describes; yaḥ—one who; bhaktim—devotional service; parām—transcendental; bhagavati—unto the Supreme Personality of Godhead; pratilabhya—attaining; kāmam—lusty material desires; hṛt-rogam—the disease of the heart; āśu—very soon; apahinoti—gives up; acireṇa—without delay; dhīraḥ—one who is sober because of advanced devotional service.","A sober person who in the beginning faithfully and continuously hears from his Guru the narrations of Lord Kṛṣṇa's unprecedented rāsa dance with the young gopīs of Vraja, and later describes those pastimes, very soon attains parā-bhakti or prema-bhakti for the Supreme Lord, and thus becomes competent to quickly dispel the heart disease of lust."
633,Sādhana-bhakti-tattva,12.D.5,,"tāra bhakta-saṅge sadā, rāsa-līlā prema kathā, je kore se pāya ghanaśyāma
 ihāte bimukha jei, tāra kabhu siddhi nāi, nāhi jena śuni tāra nāma",Śrī-Rādhā-Niṣṭha 3,,"""A person who stays in the company of the devotees who are always discussing the sweet, nectarean pastimes of the rāsa dance (rāsa-līlā prema-kathā) is sure to attain Ghanaśyāma, who is dark like a monsoon raincloud. A person averse to hearing these līlās will never attain perfection. I refuse to hear his name."""
634,Sādhana-bhakti-tattva,12.D.6,What is the best topic to listen to?,"śravaṇa-madhye jīvera kon śreṣṭha śravaṇa?'
 'rādhā-kṛṣṇa-prema-keli karṇa-rasāyana'",CC Mad 8.255,śravaṇa-madhye—out of all topics for hearing; jīvera—of the living entity; kon—what; śreṣṭha—most important; śravaṇa—topic of hearing; rādhā-kṛṣṇa-prema-keli—the loving affairs between Rādhā and Kṛṣṇa; karṇa-rasa-ayana—most pleasing to the ear.,"Śrī Caitanya Mahāprabhu asked, ""Out of all topics people listen to, which is best for all living entities?"" Rāmānanda Rāya replied, ""Hearing about the loving affairs between Rādhā and Kṛṣṇa is most pleasing to the ear."""
635,Sādhana-bhakti-tattva,12.D.7,One Gets a Higher Taste by Hearing Hari-kathā from a Rasika-Vaiṣṇava,"anugrahāya bhaktānāṁ / mānuṣaṁ deham āsthitaḥ
 bhajate tādṛśīḥ krīḍa / yāḥ śrutvā tat paro bhavet",SB 10.33.36,anugrahāya—to show mercy; bhaktānām—to His devotees; mānuṣam—humanlike; deham—a body; āsthitaḥ—assuming; bhajate—He accepts; tādṛśīḥ—such; kriḍāḥ—pastimes; yāḥ—about which; śrutvā—hearing; tat-paraḥ—dedicated to Him; bhavet—one becomes.,"""In order to bestow mercy upon the devotees as well as the conditioned souls, Bhagavān Śrī Kṛṣṇa manifests His humanlike form and performs such extraordinary pastimes (rāsa-līlā) that anyone who hears about them becomes exclusively devoted to Him."""
636,Sādhana-bhakti-tattva,12.D.8,"Simply by hearing about Śrī Kṛṣṇa, bhakti manifests in the heart and dispels grief, illusion and fear","yasyāṁ vai śrūyamāṇāyāṁ
 kṛṣṇe parama-pūruṣe
 bhaktir utpadyate puṁsaḥ
 śoka-moha-bhayāpahā",SB 1.1.7,yasyām—this Vedic literature; vai—certainly; śrūyamāṇāyām—simply by giving aural reception; kṛṣṇe—unto Lord Kṛṣṇa; parama—supreme; pūruṣe—unto Śrī Kṛṣṇa; bhaktiḥ—feelings of devotional service; utpadyate—sprout up; puṁsaḥ—of the living being; śoka—lamentation; moha—illusion; bhaya—fearfulness; apahā—that which extinguishes.,"Simply by giving aural reception to this Vedic literature, the feeling for loving devotional service to Śrī Kṛṣṇa, the Supreme Enjoyer, sprouts up at once to extinguish the fire of lamentation, illusion and fearfulness. [lamenting about the past, being illusioned about the present, and fearing the future]."
637,Sādhana-bhakti-tattva,12.D.9,One can see Kṛṣṇa through the ears by hearing from a pure devotee,"tvaṁ bhakti-yoga-paribhāvita-hṛt-saroja
 āsse śrutekṣita-patho nanu nātha puṁsām
 yad-yad-dhiyā ta urugāya vibhāvayanti
 tat-tad-vapuḥ praṇayase sad-anugrahāya",SB 3.9.11,tvam—unto You; bhakti-yoga—in devotional service; paribhāvita—being one hundred percent engaged; hṛt—of the heart; saroje—on the lotus; āsse—You reside; śruta-īkṣita—seen through the ear; pathaḥ—the path; nanu—now; nātha—O my Lord; puṁsām—of the devotees; yat-yat—whichever; dhiyā—by meditating; te—Your; urugāya—O multiglorious; vibhāvayanti—they specifically think of; tat-tat—the very same; vapuḥ—transcendental form; praṇayase—do You manifest; sat-anugrahāya—to show Your causeless mercy.,"O my Lord, Your devotees can see You through the ears by the process of bona fide hearing, and thus their hearts become cleansed, and You take Your seat there. You are so merciful to Your devotees that You manifest Yourself in the particular eternal form of transcendence in which they always think of You."
638,Sādhana-bhakti-tattva,12.D.10,"Unflinching faith, even in the face of impending doom, that narrations of Lord Kṛṣṇa (Śrī Hari-kathā) is the one and only protection","taṁ mopayātaṁ pratiyantu viprā
 gaṅgā ca devī dhṛta-cittam īśe
 dvijopasṛṣṭaḥ kuhakas takṣako vā
 daśatv alaṁ gāyata viṣṇu-gāthāḥ",SB 1.19.15,tam—for that reason; mā—me; upayātam—taken shelter of; pratiyantu—just accept me; viprāḥ—O brāhmaṇas; gaṅgā—mother Ganges; ca—also; devī—direct representative of the Lord; dhṛta—taken into; cittam—heart; īśe—unto the Lord; dvija-upasṛṣṭaḥ—created by the brāhmaṇa; kuhakaḥ—something magical; takṣakaḥ—the snakebird; vā—either; daśatu—let it bite; alam—without further delay; gāyata—please go on singing; viṣṇu-gāthāḥ—narration of Kṛṣṇa's pastimes.,"[Parīkṣit Mahārāja said:] ""O pure brahmanas, may you kindly know me as a surrendered soul, and let Mother Gaṅga, the representative of the Lord, also accept me in that way, for I have already taken the lotus feet of the Lord into my heart. Let the winged serpent Takṣaka, or whatever magical creation has been incited by the son of the brahmana, bite me immediately if it so desires; may you all simply go on singing and reciting the glories of the Lord."""
639,Sādhana-bhakti-tattva,12.D.11,One who doesn't hear hari-kathā is a killer of his own soul,"nivṛtta-tarṣair upagīyamānād / bhavauṣadhāc chrotra-mano-'bhirāmāt
 ka uttamaśloka-guṇānuvādāt / pumān virajyeta vinā paśughnāt",SB 10.1.4,nivṛtta—released from; tarṣaiḥ—lust or material activities; upagīyamānāt—which is described or sung; bhava-auṣadhāt—which is the right medicine for the material disease; śrotra—the process of aural reception; manaḥ—the subject matter of thought for the mind; abhirāmāt—from the pleasing vibrations from such glorification; kaḥ—who; uttamaśloka—of Uttamaśloka Śri Kṛṣṇa; guṇa-anuvādāt—from describing such activities; pumān—a person; virajyeta—can keep himself aloof; vinā—except; paśu-ghnāt—either a butcher or one who is killing his own personal existence.,"Glorification of Uttamaśloka Śri Kṛṣṇa is performed in the paramparā system; that is, it is conveyed from spiritual master to disciple. Such glorification is relished by those no longer interested in the false, temporary glorification of this cosmic manifestation. Descriptions of the Lord are the right medicine for the conditioned soul undergoing repeated birth and death. Therefore, who will cease hearing such glorification of the Lord except a butcher or one who is killing his own self?"
640,Sādhana-bhakti-tattva,12.D.12,Without hari-kathā the ears are snake-holes and the tongue is like a frog's,"bile batorukrama-vikramān ye / na śṛṇvataḥ karṇa-puṭe narasya
 jihvāsatī dārdurikeva sūta / na copagāyaty urugāya-gāthāḥ",SB 2.3.20,"bile—snake holes; bata—like; urukrama—the Lord, who acts marvelously; vikramān—prowess; ye—all these; na—never; śṛṇvataḥ—heard; karṇa-puṭe—the earholes; narasya—of the man; jihvā—tongue; asatī—useless; dārdurikā—of the frogs; iva—exactly like that; sūta—O Sūta Gosvāmī; na—never; ca—also; upagāyati—chants loudly; urugāya—worth singing; gāthāḥ—songs.",One who has not listened to the messages about the prowess and marvelous acts of the Personality of Godhead and has not sung or chanted loudly the worthy songs about the Lord is to be considered to possess ear-holes like the holes of snakes and a tongue like the tongue of a frog.
641,Sādhana-bhakti-tattva,12.D.13,Reading too many scriptures or hearing from many men only produces doubt,"bahu-śāstre bahu-vākye citte bhrama haya
 sādhya-sādhana śreṣṭha nā haya niścaya",CC Ādi 16.11,bahu-śāstre—by many books or scriptures; bahu-vākye—by many versions of many persons; citte—within the heart; bhrama—doubt; haya—there is; sādhya-sādhana—objective and means; śreṣṭha—about the best; nā—not; haya—there is; niścaya—certainty.,"If one becomes a bookworm, reading many books and scriptures and hearing many commentaries and the instructions of many men, this will produce doubt within his heart. One cannot in this way ascertain the real goal of life."
642,Sādhana-bhakti-tattva,12.D.14,"Avoid prajalpa, do not eat palatable foodstuffs and do not dress nicely","grāmya-kathā nā śunibe, grāmya-vārtā nā kahibe
 bhāla nā khāibe āra bhāla nā paribe
 amānī mānada hañā kṛṣṇa-nāma sadā la'be
 vraje rādhā-kṛṣṇa-sevā mānase karibe",CC Antya 6.236,grāmya-kathā—ordinary talks of common men; nā śunibe—never hear; grāmya-vārtā—ordinary news; nā kahibe—do not speak; bhāla—well; nā khāibe—do not eat; āra—and; bhāla—nicely; nā paribe—do not dress; amānī—not expecting any respect; māna-da—offering respect to others; hañā—becoming; kṛṣṇa-nāma—the holy name of the Lord; sadā—always; la'be—you should chant; vraje—in Vṛndāvana; rādhā-kṛṣṇa-sevā—service to Rādhā and Kṛṣṇa; mānase—within the mind; karibe—you should do.,"[Śrī Caitanya Mahāprabhu to Śrīla Raghunātha Dāsa Gosvāmī:] Do not listen to the mundane talk of common men or engage in discussions about mundane topics. Do not eat palatable foodstuffs or dress yourself nicely. Expect no honour from others and give honour to all. In this manner, always chant Kṛṣṇa's holy name and within your mind perform sevā to Śrī Śrī Rādhā-Kṛṣṇa in Vraja."
643,Sādhana-bhakti-tattva,12.D.16,"Abandon prajalpa, give up mukti, even give up the desire for Vaikuṇṭha; exclusively worship Śrī Rādhā-Kṛṣṇa in Vraja instead","asad-vārtā-veṣyā visṛja mati-sarvasva-haraṇīḥ
 kathā mukti-vyāghryā na śṛṇu kila sarvātma-gilaṇīḥ
 api tyaktvā lakṣmī-pati-ratim ito vyoma-nayanīṁ
 vraje rādhā-kṛṣṇau sva-rati-maṇi-dau tvaṁ bhaja manaḥ",Manaḥ-śikṣā 4,"asat-vārtā-veṣyā—the prostitute of contemptible mundane talk; visṛja—abandon; mati—of pure intelligence; sarvasva—the treasure; haraṇīḥ—plundering; kathā—talk; mukti—of impersonal liberation; vyāghryā—the tigress; na—don't; śṛṇu—hear; kila—unequivocally; sarva-ātma-gilaṇīḥ—devouring your very soul; api—also; tyaktvā—reject; lakṣmī-pati—Lord Nārāyaṇa, the husband of Lakṣmi; rati—attachment; itaḥ—leading to; vyoma-nayanīm—Vaikuṇṭha; vraje—in Vraja; rādhā-kṛṣṇau—Śrī Rādha-Kṛṣṇa; sva-rati—love for Them; maṇi—the jewel; dau—bestowing; tvam—you; bhaja—worship; manaḥ—O mind.","O my dear brother mind! Please abandon altogether the prostitute of contemptible mundane talk, which plunders the entire treasure of pure wisdom. You must unequivocally give up hearing all talk of liberation which, like a tigress, devours your very soul. Furthermore, please abandon even the attachment to Lakṣmīpati Śrī Nārāyaṇa, which leads to Vaikuṇṭha. You should only live in Vraja and worship Śrī Rādhā-Kṛṣṇa, who bestow upon devotees the precious jewel of Their rati."
644,Sādhana-bhakti-tattva,12.D.17,Drinking the nectar through the ears will purify and take one to the lotus feet of Śrī Rādhā-Kṛṣṇa,"pibanti ye bhagavata ātmanaḥ satāṁ
 kathāmṛtaṁ śravaṇa-puṭeṣu sambhṛtam
 punanti te viṣaya-vidūṣitāśayaṁ
 vrajanti tac-caraṇa-saroruhāntikam",SB 2.2.37,pibanti—who drink; ye—those; bhagavataḥ—of Rādhā-Kṛṣṇa; ātmanaḥ—of the most dear; satām—of devotees; kathā-amṛtam—the nectar of Hari-kathā; śravaṇa-puṭeṣu—through the earholes; sambhṛtam—fully filled; punanti—purify; te—their; viṣaya—material enjoyment; vidūṣita-āśayam—polluted aim of life; vrajanti—go; tat—Rādhā-Kṛṣṇa; caraṇa—feet; saroruha-antikam—near the lotus.,"Those who drink through their ears Hari-kathā which is filled with the ambrosial pastimes of Śrī Rādhā-Kṛṣṇa, who are the life and soul of the devotees, purify the polluted aim of life known as material enjoyment and thus attain the lotus feet of the Divine Couple."
645,Sādhana-bhakti-tattva,12.D.19,Unlimited rivers of pure nectar,"tasmin mahan-mukharitā madhubhic-caritra-
 pīyūṣa-śeṣa-saritaḥ paritaḥ sravanti
 tā ye pibanty avitṛṣo nṛpa gāḍha-karṇais
 tān na spṛśanty aśana-tṛḍ-bhaya-śoka-mohāḥ",SB 4.29.40,tasmin—there; mahat—of great saintly persons; mukharitāḥ—emanating from the mouths; madhu-bhit—of the killer of the Madhu demon; caritra—the activities or the character; pīyūṣa—of nectar; śeṣa—surplus; saritaḥ—rivers; paritaḥ—all around; sravanti—flow; tāḥ—all of them; ye—they who; pibanti—drink; avitṛṣaḥ—without being satisfied; nṛpa—O King; gāḍha—attentive; karṇaiḥ—with their ears; tān—them; na—never; spṛśanti—touch; aśana—hunger; tṛṭ—thirst; bhaya—fear; śoka—lamentation; mohāḥ—illusion.,"In assemblies of saintly people, unlimited rivers of pure nectar emanate from the mouths of great souls in the form of descriptions of the transcendental character, pastimes and qualities of Śrī Kṛṣṇa. Those who are never satiated when they drink these nectarean glories through their ears with rapt attention, can never be subjected to hunger and thirst and they become free from lamentation, illusion and fear."
646,Sādhana-bhakti-tattva,12.E.1,Prahlāda Mahārāja is the best of the devotees,"kvāhaṁ rajaḥ-prabhava īśa tamo 'dhike 'smin
 jātaḥ suretara-kule kva tavānukampā
 na brahmaṇo na tu bhavasya na vai ramāyā
 yan me 'rpitaḥ śirasi padma-karaḥ prasādaḥ",SB 7.9.26,kva—where; aham—I (am); rajaḥ-prabhavaḥ—being born in a body full of passion; īśa—O my Lord; tamaḥ—the mode of ignorance; adhike—surpassing in; asmin—in this; jātaḥ—born; sura-itara-kule—in a family of atheists or demons (who are subordinate to the devotees); kva—where; tava—Your; anukampā—causeless mercy; na—not; brahmaṇaḥ—of Lord Brahmā; na—not; tu—but; bhavasya—of Lord Śiva; na—nor; vai—even; ramāyāḥ—of the goddess of fortune; yat—which; me—of me; arpitaḥ—offered; śirasi—on the head; padma-karaḥ—lotus hand; prasādaḥ—the symbol of mercy.,"O my Lord, O Supreme, because I was born in a family full of the hellish material qualities of passion and ignorance, what is my position? And what is to be said of Your causeless mercy, which was never offered even to Lord Brahmā, Lord Śiva or the goddess of fortune, Lakṣmī? You never put Your lotus hand upon their heads, but You have put it upon mine."
647,Sādhana-bhakti-tattva,12.E.2,,"bhavanti puruṣā loke
 mad-bhaktās tvām anuvratāḥ
 bhavān me khalu bhaktānāṁ
 sarveṣāṁ pratirūpa-dhṛk",SB 7.10.21,bhavanti—become; puruṣāḥ—persons; loke—in this world; mat-bhaktāḥ—My pure devotees; tvām—you; anuvratāḥ—following in your footsteps; bhavān—you; me—My; khalu—indeed; bhaktānām—of all devotees; sarveṣām—in different mellows; pratirūpa-dhṛk—tangible example.,"""Those who follow your example will naturally become My pure devotees. You are the best example of My devotee, and others should follow in your footsteps."""
648,Sādhana-bhakti-tattva,12.E.3,Ambarīṣa Mahārāja is serving Kṛṣṇa with all bodily limbs,"sa vai manaḥ kṛṣṇa-padāravindayor
 vacāṁsi vaikuṇṭha-guṇānuvarṇane
 karau harer mandira-mārjanādiṣu
 śrutiṁ cakārācyuta-sat-kathodaye (18)
 mukunda-liṅgālaya-darśane dṛśau
 tad-bhṛtya-gātra-sparśe 'ṅga-saṅgamam
 ghrāṇaṁ ca tat-pāda-saroja-saurabhe
 śrīmat-tulasyā rasanāṁ tad-arpite (19)
 pādau hareḥ kṣetra-padānusarpaṇe
 śiro hṛṣīkeśa-padābhivandane
 kāmaṁ ca dāsye na tu kāma-kāmyayā
 yathottamaśloka-janāśrayā ratiḥ (20)",SB 9.4.18-20,"saḥ—he (Mahārāja Ambarīṣa); vai—indeed; manaḥ—his mind; kṛṣṇa-pada-aravindayoḥ—(fixed) upon the two lotus feet of Lord Kṛṣṇa; vacāṁsi—his words; vaikuṇṭha-guṇa-anuvarṇane—describing the glories of Kṛṣṇa; karau—his two hands; hareḥ mandira-mārjana-ādiṣu—in activities like cleansing the temple of Hari, Supreme Lord; śrutim—his ear; cakāra—engaged; acyuta—of Kṛṣṇa, who is infallible; sat-kathā-udaye—in hearing the transcendental narrations; mukunda-liṅga-ālaya-darśane—in seeing the Deity, temples and holy dhāmas of Mukunda; dṛśau—his two eyes; tat-bhṛtya—of the servants of Kṛṣṇa; gātra-sparśe—in touching the bodies; aṅga-saṅgamam—contact of his body; ghrāṇam ca—and his sense of smell; tat-pāda—of His lotus feet; saroja—of the lotus flower; saurabhe—in (smelling) the fragrance; śrīmat-tulasyāḥ—of the tulasī leaves; rasanām—his tongue; tat-arpite—in the prasāda offered to the Lord; pādau—his two legs; hareḥ—of Śrī Kṛṣṇa; kṣetra—holy places; pada-anusarpaṇe—walking to those places; śiraḥ—the head; hṛṣīkeśa—of Kṛṣṇa, the master of the senses; pada-abhivandane—in offering obeisances to the lotus feet; kāmam ca—and his desires; dāsye—in being engaged as a servant; na—not; tu—indeed; kāma-kāmyayā—with a desire for sense gratification; yathā—as; uttamaśloka-jana-āśrayā—taking shelter of a pure devotee; ratiḥ—attachment.","Mahārāja Ambarīṣa always engaged his mind in meditating upon the lotus feet of Kṛṣṇa, his words in describing the glories of the Lord, his hands in cleansing the Lord's temple, and his ears in hearing the words spoken by Kṛṣṇa or about Kṛṣṇa. He engaged his eyes in seeing the Deity of Kṛṣṇa, Kṛṣṇa's temples and Kṛṣṇa's places like Mathurā and Vṛndāvana, he engaged his sense of touch in touching the bodies of the Lord's devotees, he engaged his sense of smell in smelling the fragrance of tulasī offered to the Lord, and he engaged his tongue in tasting the Lord's prasāda. He engaged his legs in walking to the holy places and temples of the Lord, his head in bowing down before the Lord, and all his desires in serving the Lord, twenty-four hours a day. Indeed, Mahārāja Ambarīṣa never desired anything for his own sense gratification. He engaged all his senses in devotional service, in various engagements related to the Lord. This is the way to increase attachment for the pure devotee of the Lord and be completely free from all material desires."
649,Sādhana-bhakti-tattva,12.E.5,Some of the Yādavas are superior to the Pāṇḍavas,"sadāti-sannikṛṣṭatvān mamatādhikyato hareḥ
 pāṇḍavebhyo 'pi yādavāḥ kecit śreṣṭhatamā matāḥ",Laghu-Bhāgavatāmṛta 5.18,sadā—constant; ati-sannikṛṣṭavān—closeness; mamatā-adhikyataḥ—because of intimate family relationship; hareḥ—of Lord Hari; pāṇḍavebhyaḥ—than the Pāṇḍavas; api—even; yādavah—members of the Yadu dynasty; kecit—some; śreṣṭhatamaḥ—more exalted; mataḥ—are considered.,"Because of their constant intimate association with Kṛṣṇa and close family ties with Him, some members of the Yadu dynasty are more exalted than the Pāṇḍavas."
650,Sādhana-bhakti-tattva,12.E.6,Uddhava is superior to the Yadus,"na tathā me priyatama ātma-yonir na śaṅkaraḥ
 na ca saṅkarṣaṇo na śrīr naivātmā ca yathā bhavān",SB 11.14.15,"na—not; tathā—in the same way; me—to Me; priya-tamaḥ—most dear; ātma-yoniḥ—Lord Brahmā, who is born from My body; na—nor; saṅkaraḥ—Lord Śiva; na—nor; ca—also; saṅkarṣaṇaḥ—My direct expansion Lord Saṅkarṣaṇa; na—nor; śrīḥ—the goddess of fortune; na—nor; eva—certainly; ātmā—My own self as the Deity; ca—also; yathā—as much as; bhavān—you.","My dear Uddhava, neither Lord Brahmā, Lord Śiva, Lord Saṅkarṣaṇa, the goddess of fortune nor indeed My own self are as dear to Me as you are."
651,Sādhana-bhakti-tattva,12.E.7,The gopīs are superior to Uddhava,"āsām aho caraṇa-reṇu-juṣām ahaṁ syāṁ
 vṛndāvane kim api gulma-latauṣadhīnām
 yā dustyajaṁ sva-janam ārya-pathaṁ ca hitvā
 bhejur mukunda-padavīṁ śrutibhir vimṛgyām",SB 10.47.31,"āsam—of the gopīs; aho—oh; caraṇa-reṇu—the dust of the lotus feet; juṣām—devoted to; aham syām—let me become; vṛndāvane—in Vṛndāvana; kim api—any one; gulma-latā-oṣadhīnām—among bushes, creepers and herbs; yā—they who; dustyajam—very difficult to give up; sva-janam—family members; ārya-patham—the path of chastity; ca—and; hitvā—giving up; bhejuḥ—worshiped; mukunda-padavīm—the lotus feet of Mukunda, Kṛṣṇa; śrutibhiḥ—by the Vedas; vimṛgyām—to be searched for.","[Uddhavajī is praying:] ""O when will that day be mine, when I can take the dust of the lotus feet of those great souls known as the gopīs on my head? When will the day come when I shall take birth as a creeper or a shrub in Vṛndāvana, so that I can take the dust of the lotus feet of the gopīs on my head? Those great souls gave up society, friendship, love, their very relatives and even the Vedic principles, to surrender to Kṛṣṇa, who is known as Mukunda. Such devotion as exhibited by these exalted residents of Vṛndāvana is only hinted at in the Vedas."""
652,Sādhana-bhakti-tattva,12.E.8,The gopīs are superior to the Lakṣmīs in Vaikuṇṭha,"na tathā me priyatamo brahmā rudraś ca pārthiva
 na ca lakṣmir na cātmā ca yathā gopījano mama",Ādi-Purāṇa,na—not; tathā—in that way; me—to Me; priyatamaḥ—most dear; brahmā—Brahmā; rudraḥ—Śiva; ca—and; pārthiva—O king; na—not; ca—and; lakṣmiḥ—Lakṣmi; na—nor; ca—and; ātmā—My own self; ca—and; yathā—as; gopījanaḥ—the gopīs; mama—are to Me.,"[Kṛṣṇa says:] Not even Brahmā, Śiva, Lakṣmīdevī, or even My own self is dear to Me as are the gopīs of Vṛndāvana."
653,Sādhana-bhakti-tattva,12.E.9,The five rasas are graded and the highest is madhurya,"yathottaram asau svāda-viśeṣollāsamayy api
 ratir vāsanayā svādvī bhāsate kāpi kasyacit",BRS 2.5.38,yathā-uttaram—one after another; asau—that; svāda-viśeṣa—of particular tastes; ullāsa-mayī—consisting of the increase; api—although; ratiḥ—love; vāsanayā—by the different desire; svādvī—sweet; bhāsate—exists; kā api—any; kasyacit—of someone (the devotee).,"Increasing love is experienced in various tastes, one above another. But that love which has the highest taste in the gradual succession of desire manifests itself in the form of conjugal love (Even though rati always consists of the bliss of a particular rasa, it is differentiated in a hierarchical manner as the five rasas. The particular form that rati takes for a given person is determined by inherent spiritual desires (gāḍha-saṁskāras)."
654,Sādhana-bhakti-tattva,12.F.1,Give up your material desires and aspire for unalloyed devotion,"na dhanaṁ na janaṁ na sundarīṁ
 kavitāṁ vā jagad-īśa kāmaye
 mama janmani janmanīśvare
 bhavatād bhaktir ahaitukī tvayi",Śikṣāṣṭaka 4,na—not; dhanam—riches; na—not; janam—followers; na—not; sundarīm—a very beautiful woman; kavitām—fruitive activities or liberation described in flowery language; vā—or; jagat-īśa—O Lord of the universe; kāmaye—I desire; mama—My; janmani—in birth; janmani—after birth; īśvare—unto the Supreme Lord; bhavatāt—let there be; bhaktiḥ—devotional service; ahaitukī—with no motives; tvayi—unto You.,"O Jagadīśa, I do not desire wealth, followers, beautiful women or liberation as described in flowery poetry. O Praneśvara, my only desire is to have unalloyed devotion unto Your lotus feet birth after birth."
655,Sādhana-bhakti-tattva,12.F.2,One should cry for help when attacked by lust anger and greed,"asāc-ceṣṭā-kaṣṭa-prada-vikaṭa-pāśālibhir iha
 prakāmaṁ kāmādi-prakaṭa-pathapāti-vyatikaraiḥ
 gale baddhvā hanye 'ham iti bakabhid vartmapa-gaṇe
 kuru tvam phutkārān avati sa yathā tvam mana itaḥ",Śrī Manaḥ-śikṣā 5,"asat—wicked; ceṣṭā—deeds; kaṣṭa-prada—tormenting; vikaṭa-pāśālibhiḥ—with the dreadful ropes; iha— in this material existence; prakāmam— licentiously; kāmādi—of lust, anger and so on; prakaṭa-pathapāti-vyatikaraiḥ—by the assembled aggressors on the open road; gale—the neck; baddhvā—binding; hanye—are killing; aham—me; iti—[speaking] thus; bakabhid—the killer of Baka; vartmapa-gaṇe—to the Vaiṣṇavas, to our Guru varga; kuru—loudly; tvam—you; phutkārān—call out; avati—[will] protect; saḥ—those devotees; yathā—as a result; tvam—you; manaḥ—O mind; itaḥ— from their hands.","""Lust, anger and so on are a band of dacoits who assail one suddenly on the open road of material life. They have bound my neck licentiously with the dreadful ropes of wicked deeds and are thus killing me."" O mind, speaking in this way, you must grievously cry out to the powerful and merciful devotees [guru-varga] who are the protectors of the path of bhakti leading to Śrī Kṛṣṇa, the killer of Bakāsura. Hearing your piteous cry, they will surely protect you from such aggressors."
656,Sādhana-bhakti-tattva,12.F.3,The process of falling down,"dhyāyato viṣayān puṁsaḥ / saṅgas teṣūpajāyate
 saṅgāt sañjāyate kāmaḥ / kāmāt krodho 'bhijāyate",BG 2.62,dhyāyataḥ—while contemplating; viṣayān—sense objects; puṁsaḥ—of a person; saṅgaḥ—attachment; teṣu—in the sense objects; upajāyate—develops; saṅgāt—from attachment; sañjāyate—develops; kāmaḥ—desire; kāmāt—from desire; krodhaḥ—anger; abhijāyate—becomes manifest.,"While contemplating the objects of the senses, a person develops attachment for them, and from such attachment lust develops, and from lust anger arises."
657,Sādhana-bhakti-tattva,12.F.4,,"krodhād bhavati sammohaḥ / sammohāt smṛti-vibhramaḥ
 smṛti-bhraṁśād buddhi-nāśo / buddhi-nāśāt praṇaśyati",BG 2.63,krodhāt—from anger; bhavati—takes place; sammohaḥ—perfect illusion; sammohāt—from illusion; smṛti—of memory; vibhramaḥ—bewilderment; smṛti-bhraṁśāt—after bewilderment of memory; buddhi-nāśaḥ—loss of intelligence; buddhi-nāśāt—and from loss of intelligence; praṇaśyati—one falls down.,"From anger, complete delusion arises, and from delusion bewilderment of memory. When memory is bewildered, intelligence is lost, and when intelligence is lost one falls down again into the stool-ditch of sense gratification."
658,Sādhana-bhakti-tattva,12.F.5,Lust is the real enemy of the conditioned souls,"kāma eṣa krodha eṣa / rajo-guṇa-samudbhavaḥ
 mahāśano mahā-pāpmā / viddhy enam iha vairiṇam",BG 3.37,śri-bhagavān uvāca—the Personality of Godhead said; kāmaḥ—lust; eṣaḥ—this; krodhaḥ—anger; eṣaḥ—this; rajaḥ-guṇa—the mode of passion; samudbhavaḥ—born of; mahā-aśanaḥ—all-devouring; mahā-pāpmā—greatly sinful; viddhi—know; enam—this; iha—in the material world; vairiṇam—greatest enemy.,"Śrī Bhagavān said: It is lust only, Arjuna, which is born of contact with the material mode of passion and later transformed into anger, and which is the all-devouring sinful enemy of this world."
659,Sādhana-bhakti-tattva,12.F.6,"Kāma (lust) is the root cause of suffering, and burns like fire","āvṛtaṁ jñānam etena / jñānino nitya-vairiṇā
 kāma-rūpeṇa kaunteya / duṣpūreṇānalena ca",BG 3.39,āvṛtam—covered; jñānam—pure consciousness; etena—by this; jñāninaḥ—of the knower; nitya-vairiṇā—by the eternal enemy; kāma-rūpeṇa—in the form of lust; kaunteya—O son of Kuntī; duṣpūreṇa—never to be satisfied; analena—by the fire; ca—also.,"Thus the wise living entity's pure consciousness becomes covered by his eternal enemy in the form of lust, which is never satisfied and which burns like fire."
660,Sādhana-bhakti-tattva,12.F.7,,"na jātu kāmaḥ kāmānām / upabhogena śāṁyati
 haviṣā kṛṣṇa-vartmeva / bhūya evābhivardhate",SB 9.19.14,na—not; jātu—at any time; kāmaḥ—lusty desires; kāmānām—of persons who are very lusty; upabhogena—by enjoyment of lusty desires; śāṁyati—can be pacified; haviṣā—by supplying ghee; kṛṣṇa-vartmā—fire; iva—like; bhūyaḥ—again and again; eva—indeed; abhivardhate—increases more and more.,"Fire is not satiated by ghee, rather it increases. Similarly by enjoying sense objects, the thirst for sense enjoyment increases more and more. It does not become pacified."
661,Sādhana-bhakti-tattva,12.F.8,,"yat pṛthivyāṁ vrīhi-yavana / hiraṇyaṁ paśavaḥ striyaḥ
 na duhyanti manaḥ-prītiṁ / puṁsaḥ kāma-hatasya te",SB 9.19.13,"yat—what; pṛthivyām—within this world; vrīhi—food grains, rice; yavam—barley; hiraṇyam—gold; paśavaḥ—animals; striyaḥ—wives or other women; na duhyanti—do not give; manaḥ-prītim—satisfaction of the mind; puṁsaḥ—to a person; kāma-hatasya—because of being victimized by lusty desires; te—they.","All the grains, gold, animals, and women on earth cannot satisfy the kāma of a lusty man."
662,Sādhana-bhakti-tattva,12.F.9,Kāma is like a fire which can never be satisfied,kāmānalaṁ madhu-lavaiḥ śamayan durāpaiḥ,SB 7.9.25,kāma-analam—the blazing fire of lusty desires; madhu-lavaiḥ—with drops of honey (happiness); śamayan—controlling; durāpaiḥ—very difficult to obtain.,Kāma can never be satisfied by enjoying the sense objects. It is like a fire which cannot be extinguished by drops of honey in the form of momentary satisfaction.
663,Sādhana-bhakti-tattva,12.F.10,The example of Saubhari Muni,"evaṁ gṛheṣv abhirato / viṣayān vividhaiḥ sukhaiḥ
 sevamāno na cātuṣyad / ājya-stokair ivānalaḥ",SB 9.6.48,evam—in this way; gṛheṣu—in household affairs; abhirataḥ—being always engaged; viṣayān—material paraphernalia; vividhaiḥ—with varieties of; sukhaiḥ—happiness; sevamānaḥ—enjoying; na—not; ca—also; atuṣyat—satisfied him; ājya-stokaiḥ—by drops of fat; iva—like; analaḥ—a fire.,"""The sage Saubhari Muni was not able to attain peace by profusely enjoying sense objects, just as fire is not pacified when drops of ghee are poured into it."""
664,Sādhana-bhakti-tattva,12.F.11,The example of king Yayātī,na tṛpyaty ātma-bhūḥ kāmo vahnir āhutibhir yathā,SB 11.26.14,na tṛpyati—never became satisfied; ātma-bhūḥ—born from the mind; kāmaḥ—the lust; vahniḥ—fire; āhutibhiḥ—by oblations; yathā—just as.,"""My lusty desires kept rising again and again within my heart and were never satisfied, just like a fire that can never be extinguished by the oblations of ghee poured into its flames."""
665,Sādhana-bhakti-tattva,12.F.12,Those who are too attached to sense enjoyment cannot take up bhakti,"bhogaiśvarya-prasaktānāṁ / tayāpahṛta-cetasām
 vyavasāyātmikā buddhiḥ / samādhau na vidhīyate",BG 2.44,bhoga—material enjoyment; aiśvarya—opulence; prasaktānām—those who are so attached; tayā—by such things; apahṛta-cetasām—bewildered in mind; vyavasāyātmikā—fixed determination; buddhiḥ—devotional service of the Lord; samādhau—in the controlled mind; na—never; vidhīyate—does take place.,"In the minds of those who are too attached to sense enjoyment and material opulence, and who are bewildered by such things, the resolute determination of devotional service to the Supreme Lord does not take place."
666,Sādhana-bhakti-tattva,12.F.13,Persons prone to carnal pleasure and overeating can never attain bhakti,"jihvāra lālase yei iti-uti dhāya
 śiśnodara-parāyaṇa kṛṣṇa nāhi pāya",CC Antya 6.227,jihvāra—of the tongue; lālase—because of greed; yei—anyone who; iti-uti—here and there; dhāya—goes; śiśna—genitals; udara—belly; parāyaṇa—devoted to; kṛṣṇa—Lord Kṛṣṇa; nāhi pāya—does not get.,"""Persons who are prone to carnal pleasure and eating too much, and who run here and there to satisfy the greed of the tongue, never obtain kṛṣṇa-bhakti."
667,Sādhana-bhakti-tattva,12.F.14,One should be detached from the internal wives,"jihvaikato 'mum apakarṣati karhi tarṣā
 śiśno 'nyatas tvag udaraṁ śravaṇaṁ kutaścit
 ghrāṇo 'nyataś capala-dṛk kva ca karma-śaktir
 bahvyaḥ sapatnya iva geha-patiṁ lunanti",SB 11.9.27,jihvā—the tongue; ekataḥ—on one side; amum—the body or the conditioned soul who identifies with the body; apakarṣati—drags away; karhi—sometimes; tarṣā—thirst; śiśnaḥ—the genitals; anyataḥ—on another side; tvak—the sense of touch; udaram—the belly; śravaṇam—the ears; kutaścit—from somewhere else; ghrāṇaḥ—the sense of smell; anyataḥ—from another side; capala-dṛk—the fickle eyes; kva ca—somewhere else; karma-śaktiḥ—the other active organs and limbs of the body; bahvyaḥ—many; sa-patnyaḥ—co-wives; iva—like; geha-patim—the head of the household; lunanti—pull in many directions.,"A man who has many wives is constantly harassed by them. He is responsible for their maintenance, and thus all the ladies constantly pull him in different directions, each struggling for her self-interest. Similarly, the material senses harass the conditioned soul, pulling him in many different directions at once. On one side the tongue is pulling him to arrange tasty food; then thirst drags him to get a suitable drink. Simultaneously the sex organs clamor for satisfaction, and the sense of touch demands soft, sensuous objects. The belly harasses him until it is filled, the ears demand to hear pleasing sounds, the sense of smell hankers for pleasant aromas, and the fickle eyes clamor for pleasing sights. Thus the senses, organs and limbs, all desiring satisfaction, pull the living entity in many directions."
668,Sādhana-bhakti-tattva,12.F.15,One should not work hard simply for sense gratification,"nāyaṁ deho deha-bhājāṁ nṛloke
 kaṣṭān kāmān arhate viḍ-bhujāṁ ye
 tapo divyaṁ putrakā yena sattvaṁ
 śuddhyed yasmād brahma-saukhyaṁ tv anantam",SB 5.5.1,ṛṣabhaḥ uvāca—Lord Ṛṣabhadeva said; na—not; ayam—this; dehaḥ—body; deha-bhājām—of all living entities who have accepted material bodies; nṛ-loke—in this world; kaṣṭān—troublesome; kāmān—sense gratification; arhate—deserves; viṭ-bhujām—of stool-eaters; ye—which; tapaḥ—austerities and penances; divyam—divine; putrakāḥ—My dear sons; yena—by which; sattvam—the heart; śuddhyet—becomes purified; yasmāt—from which; brahma-saukhyam—spiritual happiness; tu—certainly; anantam—unending.,"Lord Ṛṣabhadeva told His sons: My dear boys, of all the living entities who have accepted material bodies in this world, one who has been awarded this human form should not work hard day and night simply for sense gratification, which is available even for dogs and hogs that eat stool. One should engage in penance and austerity to attain the divine position of devotional service. By such activity, one's heart is purified, and when one attains this position, he attains eternal, blissful life, which is transcendental to material happiness and which continues forever."
669,Sādhana-bhakti-tattva,12.F.16,The endeavor for sense gratification is a useless waste of time,"yadā na paśyaty ayathā guṇehāṁ
 svārthe pramattaḥ sahasā vipaścit
 gata-smṛtir vindati tatra tāpān
 āsādya maithunyam agāram ajñaḥ",SB 5.5.7,yadā—when; na—not; paśyati—sees; ayathā—unnecessary; guṇa-īhām—endeavor to satisfy the senses; sva-arthe—in self-interest; pramattaḥ—mad; sahasā—very soon; vipaścit—even one advanced in knowledge; gata-smṛtiḥ—being forgetful; vindati—gets; tatra—there; tāpān—material miseries; āsādya—getting; maithunyam—based on sexual intercourse; agāram—a home; ajñaḥ—being foolish.,"Even though one may be very learned and wise, he is mad if he does not understand that the endeavor for sense gratification is a useless waste of time. Being forgetful of his own interest, he tries to be happy in the material world, centering his interests on his homelife, which is based on sexual intercourse and which brings him all kinds of material miseries. In this way one is no better than a foolish animal."
670,Sādhana-bhakti-tattva,12.F.17,One who does not hear from sādhus is no better than an ass,"yasyātma-buddhiḥ kuṇape tri-dhātuke
 sva-dhīḥ kalatrādiṣu bhauma ijya-dhīḥ
 yat-tīrtha-buddhiḥ salile na karhicij
 janeṣv abhijñeṣu sa eva go-kharaḥ",SB 10.84.13,yasya—whose; ātma—as his self; buddhiḥ—idea; kuṇape—in a baglike body; tri-dhātuke—made of three basic elements; sva—as his own; dhīḥ—idea; kalatra-ādiṣu—in wife and so on; bhaume—in earth; ijya—as worshipable; dhīḥ—idea; yat—whose; tīrtha—as a place of pilgrimage; buddhiḥ—idea; salile—in water; na karhicit—never; janeṣu—in men; abhijñeṣu—wise; saḥ—he; eva—indeed; gaḥ—an animal; kharaḥ—or an ass [which is a symbol of ignorance and stupidity].,"One who considers this corpse-like body, comprised of the three elements vata, pitta, and kapha, to be his real self; who regards his wife, children, and others as his very own; who considers mundane forms made of earth, stone, or wood to be worshipable; and who regards mere water to be a place of pilgrimage – but who does not consider the bhagavad-bhaktas to be more dear than his very self, to be his very own, to be worshipable, and to be places of pilgrimage; such a person, though human, is no better than an ass among animals."
671,Sādhana-bhakti-tattva,12.F.18,"The attraction between male and female is the basic principle of material existence, and this misconception shackles the jīva to material illusions","puṁsaḥ striyā mithunī-bhāvam etaṁ
 tayor mitho hṛdaya-granthim āhuḥ
 ato gṛha-kṣetra-sutāpta-vittair
 janasya moho 'yam ahaṁ mameti",SB 5.5.8,puṁsaḥ—of a male; striyāḥ—of a female; mithunī-bhāvam—attraction for sexual life; etam—this; tayoḥ—of both of them; mithaḥ—between one another; hṛdaya-granthim—the knot of the hearts; āhuḥ—they call; ataḥ—thereafter; gṛha—by home; kṣetra—field; suta—children; āpta—relatives; vittaiḥ—and by wealth; janasya—of the living being; mohaḥ—illusion; ayam—this; aham—I; mama—mine; iti—thus.,"The attraction between male and female is the basic principle of material existence. On the basis of this misconception, which ties together the hearts of the male and female, one becomes attracted to his body, home, property, children, relatives and wealth. In this way one increases life's illusions and thinks in terms of ""I and mine."""
672,Sādhana-bhakti-tattva,12.F.19,Sex life is compared to the scratching of an itch,"yan maithunādi-gṛhamedhi-sukhaṁ hi tucchaṁ
 kaṇḍūyanena karayor iva duḥkha-duḥkham
 tṛpyanti neha kṛpaṇā bahu-duḥkha-bhājaḥ
 kaṇḍūtivan manasijaṁ viṣaheta dhīraḥ",SB 7.9.45,"yat—that which (is meant for material sense gratification); maithuna-ādi—represented by talking of sex, reading sexual literature or enjoying sex life); gṛhamedhi-sukham—all types of material happiness based on attachment to family, society, friendship, etc.; hi—indeed; tuccham—insignificant; kaṇḍūyanena—with the itching; karayoḥ—of the two hands (to relieve the itching); iva—like; duḥkha-duḥkham—different types of unhappiness (into which one is put after such itching sense gratification); tṛpyanti—become satisfied; na—never; iha—in material sense gratification; kṛpaṇāḥ—the foolish persons; bahu-duḥkha-bhājaḥ—subjected to various types of material unhappiness; kaṇḍūti-vat—if one can learn from such itching; manasi-jam—which is simply a mental concoction (actually there is no happiness); viṣaheta—and tolerates (such itching); dhīraḥ—(he can become) a most perfect, sober person.","Sex life is compared to the rubbing of two hands to relieve an itch. Gṛhamedhīs, so-called gṛhasthas (householders) who have no spiritual knowledge, think that this itching is the greatest platform of happiness, although actually it is a source of distress. The kṛpaṇas, the fools who are just the opposite of brāhmaṇas, are not satisfied by repeated sensual enjoyment. Those who are dhīra, however, who are sober and who tolerate this itching, are not subjected to the sufferings of fools."
673,Sādhana-bhakti-tattva,12.F.21,"Woman is compared to fire, and man is compared to a butter pot","nanv agniḥ pramadā nāma / ghṛta-kumbha-samaḥ pumān
 sutām api raho jahyād / anyadā yāvad-artha-kṛt",SB 7.12.9,nanu—certainly; agniḥ—the fire; pramadā—the woman (one who bewilders the mind of man); nāma—the very name; ghṛta-kumbha—a pot of butter; samaḥ—like; pumān—a man; sutām api—even one's daughter; rahaḥ—in a secluded place; jahyāt—one must not associate with; anyadā—with other women also; yāvat—as much as; artha-kṛt—required.,"Woman is compared to fire, and man is compared to a butter pot. Therefore a man should avoid associating even with his own daughter in a secluded place. Similarly, he should also avoid association with other women. One should associate with women only for important business and not otherwise."
674,Sādhana-bhakti-tattva,12.F.22,The Woman is the representation of māyā,"yopayāti śanair māyā / yoṣid deva-vinirmitā
 tām īkṣetātmano mṛtyuṁ / tṛṇaiḥ kūpam ivāvṛtam",SB 3.31.40,yā—she who; upayāti—approaches; śanaiḥ—slowly; māyā—representation of māyā; yoṣit—woman; deva—by the Lord; vinirmitā—created; tām—her; īkṣeta—one must regard; ātmanaḥ—of the soul; mṛtyum—death; tṛṇaiḥ—with grass; kūpam—a well; iva—like; āvṛtam—covered.,"The woman, created by the Lord, is the representation of māyā, and one who associates with her by accepting services must certainly know that this is the way of death, just like a blind well covered with grass."
675,Sādhana-bhakti-tattva,12.F.23(a),By associating with a woman one falls into the dark well of material life,"dṛṣṭvā striyaṁ deva-māyāṁ / tad-bhāvair ajitendriyaḥ
 pralobhitaḥ pataty andhe / tamasy agnau pataṅga-vat",SB 11.8.7,dṛṣṭvā—seeing; striyam—a woman; deva-māyām—whose form is created by the illusory energy of the Lord; tat-bhāvaiḥ—by the alluring seductive activities of the woman; ajita—one who has not controlled; indriyaḥ—his senses; pralobhitaḥ—enticed; patati—falls down; andhe—into the blindness of ignorance; tamasi—into the darkness of hell; agnau—in the fire; pataṅga-vat—just like the moth.,"One who has failed to control his senses immediately feels attraction upon seeing a woman's form, which is created by the illusory energy of the Supreme Lord. Indeed, when the woman speaks with enticing words, smiles coquettishly and moves her body sensuously, his mind is immediately captured, and thus he falls blindly into the darkness of material existence, just as the moth attracted by the bright fire rushes blindly into its flames."
676,Sādhana-bhakti-tattva,12.F.23(b),Fools rush in,"yoṣid-dhiraṇyābharaṇāmbarādi-
 dravyeṣu māyā-raciteṣu mūḍhaḥ
 pralobhitātmā hy upabhoga-buddhyā
 pataṅga-van naśyati naṣṭa-dṛṣṭiḥ",SB 11.8.8,yoṣit—of women; hiraṇya—golden; ābharaṇa—ornaments; ambara—clothing; ādi—and so on; dravyeṣu—upon seeing such things; māyā—by the illusory energy of the Lord; raciteṣu—manufactured; mūḍhaḥ—a fool with no discrimination; pralobhita—aroused by lusty desires; ātmā—such a person; hi—certainly; upabhoga—for sense gratification; buddhyā—with the desire; pataṅga-vat—like the moth; naśyati—is destroyed; naṣṭa—is ruined; dṛṣṭiḥ—whose intelligence.,"A foolish person with no intelligent discrimination is immediately aroused at the sight of a lusty woman beautifully decorated with golden ornaments, fine clothing and other cosmetic features. Being eager for sense gratification, such a fool loses all intelligence and is destroyed just like the moth who rushes into the blazing fire."
677,Sādhana-bhakti-tattva,12.F.24,Knowledge will not protect one from unwanted association with the opposite sex,"stambhayann ātmanātmānaṁ / yāvat sattvaṁ yathā-śrutam
 na śaśāka samādhātuṁ / mano madana-vepitam",SB 6.1.62,"stambhayan—trying to control; ātmanā—by the intelligence; ātmānam—the mind; yāvat sattvam—as far as possible for him; yathā-śrutam—by remembering the instruction (of celibacy, brahmacarya, not even to see a woman); na—not; śaśāka—was able; samādhātum—to restrain; manaḥ—the mind; madana-vepitam — agitated by Cupid or lusty desire.","After seeing the prostitute, the mind of Ajāmila became agitated. He tried hard to control his mind by fortitude and śāstric knowledge but, being agitated by Cupid, he was unable to do so."
678,Sādhana-bhakti-tattva,12.F.25,One should not sit on the same seat with a woman,"mātrā svasrā duhitrā vā / nāviviktāsano bhavet
 balavān indriya-grāmo / vidvāṁsam api karṣati",SB 9.19.17,mātrā—with one's mother; svasrā—with one's sister; duhitrā—with ones own daughter; vā—either; na—not; avivikta-āsanaḥ—seated alone; bhavet—one should be; balavān—very strong; indriya-grāmaḥ—the group of senses; vidvāṁsam—the very learned and advanced person; api—even; karṣati—agitates.,"One should not allow oneself to sit alone even with one's own mother, sister or daughter, for the senses are so strong that even though one is very advanced in knowledge, he may be attracted by sex."
679,Sādhana-bhakti-tattva,12.F.26,Association with women is forbidden for those in the renounced order,"strīṇāṁ nirīkṣaṇa-sparśa- / saṁlāpa-kṣvelanādikam
 prāṇino mithunī-bhūtān / agṛhastho 'gratas tyajet",SB 11.17.33,"strīṇām—in relation to women; nirīkṣaṇa—glancing; sparśa—touching; saṁlāpa—conversing; kṣvelana—joking or sporting; ādikam—and so on; prāṇinaḥ—living entities; mithunī-bhūtān—engaged in sex; agṛha-sthaḥ—a sannyāsī, vānaprastha or brahmacārī; agrataḥ—first of all; tyajet—should give up.","Those who are not married—sannyāsīs, vānaprasthas and brahmacārīs—should never associate with women by glancing, touching, conversing, joking or sporting. Neither should they ever associate with men who engage in sexual activities."
680,Sādhana-bhakti-tattva,12.F.27,Materialistic men are mere dancing dogs in the hands of women,"teṣv aśānteṣu mūḍheṣu / khaṇḍitātmasv asādhuṣu
 saṅgaṁ na kuryāc chocyeṣu / yoṣit-krīḍā-mṛgeṣu ca",SB 3.31.34,teṣu—with those; aśānteṣu—agitated; mūḍheṣu—fools; khaṇḍita-ātmasu—bereft of self-realisation; asādhuṣu—wicked; saṅgam—association; na—not; kuryāt—one should make; śocyeṣu—pitiable; yoṣit—of women; krīḍā-mṛgeṣu—dancing dogs; ca—and.,"One should never associate with foolish, agitated, materialistic men who are bereft of self-realisation and are like dancing dogs in the hands of women."
681,Sādhana-bhakti-tattva,12.F.28,Illicit association with women opens wide the door to hell,"saṅgaṁ na kuryāt pramadāsu jātu
 yogasya pāraṁ param ārurukṣuḥ
 mat-sevayā pratilabdhātma-lābho
 vadanti yā niraya-dvāram asya",SB 3.31.39,saṅgam—association; na—not; kuryāt—one should make; pramadāsu—with women; jātu—ever; yogasya—of yoga; pāram—culmination; param—topmost; ārurukṣuḥ—one who aspires to reach; mat-sevayā—by rendering service unto Me; pratilabdha—obtained; ātma-lābhaḥ—self-realisation; vadanti—they say; yāḥ—which women; niraya—to hell; dvāram—the gateway; asya—of the advancing devotee.,"Those who desire to obtain kṛṣṇa-prema, which is the ultimate fruit of bhakti-yoga, should never indulge in illicit association with women. Learned sages who know the Absolute Truth say that for those who desire liberation from material existence and attainment of the lotus feet of the Lord, illicit connection with women opens wide the door to hell."
682,Sādhana-bhakti-tattva,12.F.29,No greater suffering and bondage than that arising from attachment to women,"na tathāsya bhavet kleśo / bandhaś cānya-prasaṅgataḥ
 yoṣit-saṅgād yathā puṁso / yathā tat-saṅgi-saṅgataḥ",SB 11.14.30,na—not; tathā—like that; asya—of him; bhavet—could be; kleśaḥ—suffering; bandhaḥ—bondage; ca—and; anya-prasaṅgataḥ—from any other attachment; yoṣit—of women; saṅgāt—from attachment; yathā—just as; puṁsaḥ—of a man; yathā—similarly; tat—to women; saṅgi—of those attached; saṅgataḥ—from the association.,"Of all kinds of suffering and bondage arising from various attachments, none is greater than the suffering and bondage arising from attachment to women and intimate contact with those attached to women."
683,Sādhana-bhakti-tattva,12.F.30,A woman who fails to relish Your lotus feet accepts instead a living corpse,"tvak-śmaśru-roma-nakha-keśa-pinaddham antar
 māṁsāsthi-rakta-kṛmi-viṭ-kapha-pitta-vātam
 jīvac-chavaṁ bhajati kānta-matir vimūḍhā
 yā te padābja-makarandam ajighratī strī",SB 10.60.45,tvak—with skin; śmaśru—whiskers; roma—bodily hair; nakha—nails; keśa—and hair on the head; pinaddham—covered; antaḥ—inside; māṁsa—flesh; asthi—bones; rakta—blood; kṛmi—worms; viṭ—stool; kapha—mucus; pitta—bile; vātam—and air; jīvat—living; śavam—a corpse; bhajati—worships; kānta—as husband or lover; matiḥ—whose idea; vimūḍhā—totally bewildered; yā—who; te—Your; pada-abja—of the lotus feet; makarandam—the honey; ajighratī—not smelling; strī—woman.,"[Rukmiṇī Devī said:] ""A woman who fails to relish the fragrance of the honey of Your lotus feet becomes totally befooled, and thus she accepts as her husband or lover a living corpse covered with skin, whiskers, nails, head-hair and body-hair and filled with flesh, bones, blood, parasites, stool, mucus, bile and air."""
684,Sādhana-bhakti-tattva,12.F.31,Therefore one should kick out bad company and take up saintly association,"tato duḥsaṅgam utsṛjya
 satsu sajjeta buddhimān
 santa evāsya chindanti
 mano-vyāsaṅgam uktibhiḥ",SB 11.26.26,tataḥ—therefore; duḥsaṅgam—bad association; utsṛjya—throwing away; satsu—to saintly devotees; sajjeta—he should become attached; buddhimān—one who is intelligent; santaḥ—saintly persons; eva—only; asya—his; chindanti—cut off; manaḥ—of the mind; vyāsaṅgam—excessive attachment; uktibhiḥ—by their words.,"An intelligent person should therefore reject all bad association and instead take up the association of saintly devotees, whose words cut off the excessive material attachments of one's mind."
685,Sādhana-bhakti-tattva,12.F.31,"""Give up the blind well of family life and accept sādhu-saṅga""","tat sādhu manye 'sura-varya dehināṁ
 sadā samudvigna-dhiyām asad-grahāt
 hitvātma-pātaṁ gṛham andha-kūpaṁ
 vanaṁ gato yad dharim āśrayeta",SB 7.5.5,"śrī-prahlādaḥ uvāca—Prahlāda Mahārāja replied; tat—that; sādhu—very good, or the best part of life; manye—I think; asura-varya—O King of the asuras; dehinām—of persons who have accepted the material body; sadā—always; samudvigna—full of anxieties; dhiyām—whose intelligence; asat-grahāt—because of accepting the temporary body or bodily relations as real; hitvā—giving up; ātma-pātam—the place where spiritual culture or self-realisation is stopped; gṛham—the bodily concept of life, or household life; andha-kūpam—which is nothing but a blind well (where there is no water but one nonetheless searches for water); vanam—to the forest; gataḥ—going; yat—which; harim—Śrī Hari; āśrayeta—may take shelter of.","Prahlāda Mahārāja replied: O best of the asuras, King of the demons, as far as I have learned from my spiritual master, any person who has accepted a temporary body is certainly embarrassed by anxiety because of having fallen in the dark well of family life (or the bodily concept of life) where there is no water [rasa] but only suffering. One should give up this position and go to the forest [i.e. accept sādhu-saṅga]. More specifically, one should go to Vṛndāvana, where only pure, spontaneous bhakti prevails, and thus take shelter of Rādhā and Kṛṣṇa."
686,Sādhana-bhakti-tattva,12.F.32,A renunciant should not associate with a woman even in dreams,"vairāgī, bhāī grāmya-kathā nā śunibe kāne
 grāmya-vārtā nā kahibe jabe milibe āne
 svapne o nā kara bhāī strī-sambhāṣaṇa
 gṛhe strī chāḍiyā bhāi āsiyācha vana
 yadi cāha praṇaya rākhite gaurāṅgera sane
 choṭa haridāsera kathā thāke jena mane
 bhāla nā khāibe āra bhāla nā paribe
 hṛdayete rādhā-kṛṣṇa sarvadā sevibe",Prema-vivarta 7.3.1-4,,"""O Vaiṣṇava mendicant, O brother, whomever you should meet, do not hear from him nor speak with him about mundane subjects. Do not speak intimately with a woman even in your dreams. O brother! You should give up your wife and household and retire to the forest. If you wish to develop love for the lotus feet of Śrī Śacīnandana Gaurahari, then you should always remember the example of Choṭa Haridāsa. If you desire bhagavat-bhakti, then you should not eat delicious food nor dress yourself very luxuriously. In this way you should always serve Śrī Rādhā-Kṛṣṇa within your heart."""
687,Sādhana-bhakti-tattva,12.F.33,Food cooked by nondevotees is to be strictly avoided,"viṣayīra anna khāile malina haya mana
 malina mana haile nahe kṛṣṇera smaraṇa",CC Antya 6.278,viṣayīra—of materialistic persons; anna—food; khāile—if one eats; malina—contaminated; haya mana—the mind becomes; malina—contaminated; mana haile—when the mind becomes; nahe—is not; kṛṣṇera—of Lord Kṛṣṇa; smaraṇa—remembrance.,"""When one eats food offered by sensuous or worldly people, one's mind becomes contaminated, and in that state one is unable to remember Kṛṣṇa."""
688,Sādhana-bhakti-tattva,12.F.35,The conditioned soul is always inclined to sex,"loke vyavāyāmiṣa-madya-sevā / nityā hi jantor na hi tatra codanā
 vyavasthitis teṣu vivāha-yajña / surā-grahair āsu nivṛttir iṣṭā",SB 11.5.11,loke—in the material world; vyavāya—sex indulgence; āmiṣa—of meat; madya—of liquor; sevāḥ—the taking; nityāḥ—always found; hi—indeed; jantoḥ—in the conditioned living being; na—not; hi—indeed; tatra—in regard to them; codanā—any command of scripture; vyavasthitiḥ—the prescribed arrangement; teṣu—in these; vivāha—by sacred marriage; yajña—the offering of sacrifice; surā-grahaiḥ—and the acceptance of ritual cups of wine; āsu—of these; nivṛttiḥ—cessation; iṣṭā—is the desired end.,"In this material world the conditioned soul is always inclined to sex, meat-eating and intoxication. Therefore religious scriptures never actually encourage such activities. Although the scriptural injunctions provide for sex through sacred marriage, for meat-eating through sacrificial offerings and for intoxication through the acceptance of ritual cups of wine, such ceremonies are meant for the ultimate purpose of renunciation."
689,Sādhana-bhakti-tattva,12.F.36,Praying to be protected from lusty desires,sanat-kumāro 'vatu kāmadevād,SB 6.8.17,sanat-kumāraḥ—the great brahmacārī named Sanat-kumāra; avatu—may he protect; kāma-devāt—from the hands of Cupid or lusty desire.,"May Sanat-Kumāra protect me from lusty desires and save me from the strong urge of sex. (As I begin some auspicious activity, O Sanat-Kumāra, topmost brahmacāri, please protect me from these lusty desires. You have conquered lust, therefore please shower your mercy and blessings upon me, then I will be able to conquer this most formidable enemy in the form of lust and remain brahmacārī). (expanded translation by Śrī Gaura Govinda Mahārāja)"
690,Sādhana-bhakti-tattva,12.F.37,"O my Lord, there is no limit to the unwanted orders of my lusty desires","kāmādīnāṁ kati na katidhā pālitā durnideśās
 teṣāṁ jātā mayi na karuṇā na trapā nopaśāntiḥ
 utsṛjyaitān atha yadu-pate sāmprataṁ labdha-buddhis
 tvām āyātaḥ śaraṇam abhayaṁ māṁ niyuṅkṣvātma-dāsye",CC Mad 22.16,"kāma-ādīnām—of my masters such as lust, anger, greed, illusion and envy; kati—how many; na—not; katidhā—in how many ways; pālitāḥ—obeyed; duḥ-nideśāḥ—undesirable orders; teṣām—of them; jātā—generated; mayi—unto me; na—not; karuṇā—mercy; na—not; trapā—shame; na—not; upaśāntiḥ—desire to cease; utsṛjya—giving up; etān—all these; atha—herewith; yadu-pate—O best of the Yadu dynasty; sāmpratam—now; labdha-buddhiḥ—having awakened intelligence; tvām—You; āyātaḥ—approached; śaraṇam—who are the shelter; abhayam—fearless; mām—me; niyuṅkṣva—please engage; ātma-dāsye—in Your personal service.","""O my Lord, there is no limit to the unwanted orders of my lusty desires. Although I have rendered these desires so much service, they have not shown any mercy to me. I have not been ashamed to serve them, nor have I even desired to give them up. O my Lord, O head of the Yadu dynasty, recently, however, my intelligence has been awakened, and now I am giving them up. Due to transcendental intelligence, I now refuse to obey the unwanted orders of these desires, and I now come to You to surrender myself at Your fearless lotus feet. Kindly engage me in Your personal service and save me."""
691,Sādhana-bhakti-tattva,12.F.38,The thought of sex causes Yāmunācārya to spit in disgust,"yadāvadhi mama cetaḥ kṛṣṇa-padāravinde
 nava-nava-rasa-dhāmany udyataṁ rantum āsīt
 tadāvadhi bata nāri-saṅgame smaryamāne
 bhavati mukha-vikāraḥ suṣṭu niṣṭhīvanaṁ ca",Yamunā-stotram,yadā-avadhi—ever since; mama—my; cetaḥ—mind; kṛṣṇa-pada-āravinde—at the lotus feet of Kṛṣṇa; nava-nava—newer and newer; rasa-dhāmani—the glories of transcendental taste; udyata—has arisen; rantum—to enjoy; āsīt—was; tadā-avadhi—since then; bata—ah!; nārī-saṅgame—the association of women for sense gratification; smaryamāne—being remembered; bhavati—it becomes; mukha-vikāraḥ—lips or face contorted in disgust; suṣṭu—exceedingly; niṣṭhīvanam—in the act of spitting; ca—and.,"Since my mind have become attracted by the transcendental loving service and beauty of Rādhā and Kṛṣṇa, relishing ever new pleasure in Their rasa, whenever there is attraction for a woman or a memory of sex-life, I at once spit at the thought and my lips curl in disgust."
692,Sādhana-bhakti-tattva,12.F.39,"Remaining undisturbed by the incessant flow of desires, one can attain peace","āpūryamāṇam acala-pratiṣṭhaṁ / samudram āpaḥ praviśanti yadvat
 tadvat kāmā yaṁ praviśanti sarve / sa śāntim āpnoti na kāma-kāmī",BG 2.70,āpūryamāṇam—always being filled; acala-pratiṣṭham—steadily situated; samudram—the ocean; āpaḥ—waters; praviśanti—enter; yadvat—as; tadvat—so; kāmāḥ—desires; yam—unto whom; praviśanti—enter; sarve—all; saḥ—that person; śāntim—peace; āpnoti—achieves; na—not; kāma-kāmī—one who desires to fulfill desires.,"A person who is not disturbed by the incessant flow of desires—that enter like rivers into the ocean, which is ever being filled but is always still—can alone achieve peace, and not the man who strives to satisfy such desires."
693,Sādhana-bhakti-tattva,12.F.40,Steady the mind by bhakti and thus conquer the insatiable enemy of lust,"vihāya kāmān yaḥ sarvān / pumāṁś carati niḥspṛhaḥ
 nirmamo nirahaṅkāraḥ / sa śāntim adhigacchati",BG 2.71,vihāya—giving up; kāmān—material desires for sense gratification; yaḥ—who; sarvān—all; pumān—a person; carati—lives; niḥspṛhaḥ—desireless; nirmamaḥ—without a sense of proprietorship; nirahaṅkāraḥ—without false ego; saḥ—he; śāntim—perfect peace; adhigacchati—attains.,"A person who has given up all desires for sense gratification, who lives free from desires, who has given up all sense of proprietorship and is devoid of false ego—he alone can attain real peace."
694,Sādhana-bhakti-tattva,12.F.41,A Confession to Gopīnātha,"gopīnātha, āmi to' kāmera dāsa
 viṣaya-vāsanā, jāgiche hṛdaye, phādiche karama phāse (2)
 gopīnātha, kabe vā jāgiba āmi
 kāma-rūpa ari, dūre teyāgibo, hṛdaye sphuribe tumi (3)",Gopīnātha,gopīnātha—O Gopīnātha; āmi—I; to'—indeed; kāmera—of lust; dāsa—the servant; biṣaya—material; bāsanā—desires; jāgiche—awaken; hṛdoye—in the heart; phāndiche—caught; karama—of karma; phāṅse—in the noose; gopīnātha—O Gopīnātha; kabe—when?; bā—or; jāgibaḥ—will awaken; āmi—I; kāma-rūpa—in the form of lust; ari—the enemy; dūre—far away; teyāgibaḥ—I will abandon; hṛdoye—in the heart; sphuribe—manifest; tumi—You.,"O Gopīnātha, I am the faithful servant of lust. So many desires for mundane sense enjoyment are dawning within my heart, anam being choked by the noose of fruitive actions and reactions. O Gopīnātha, when will I wake up and cast far away my enemy in the form of lust? I will only be able to do so if You will kindly manifest Yourself in my heart."
695,Sādhana-bhakti-tattva,12.F.42,How can Kāmadeva be stopped?,"kāśāyan na ca bhojanādi-niyamān no vā vane vāsato
 vyākhyānād athavā muni-vrata-bharāc cittodbhavaḥ kṣīyate
 kintu sphīta-kalinda-śaila-tanayā-tīreṣu vikrīḍato
 govindasya padāravinda-bhajanārambhasya leśād api",Padyāvalī 11 – author unknown,kāśāyāt—from the saffron color; na—not; ca—and; bhojana—of eating; ādi—etc.; niyamāt—from restraint; na—not; vā—or; vane—in the forest; vāsataḥ—from the residence; vyākhyānāt—from explanation of the scriptures; athavā—or; muni-vrata—from the vow of silence; bharāt—great; citta-udbhavaḥ—cupid; kṣīyate—becomes weakened; kintu—but; sphīta—broad; kalinda—of Mount Kalinda; śaila—mountain; tanayā—of the daughter (the Yamunā River); tīreṣu—on the baṅks; vikrīḍataḥ—playing; govindasya—of Lord Govinda; pada—feet; aravinda—lotus flowers; bhajana—of the devotional service; ārambhasya—of the beginning; leśāt—from a little particle; api—even.,"Not by wearing saffron cloth, not by restricting food and other sense-activities, not by living in the forest, not by discussing philosophy, and not by observing a vow of silence, but only by the slightest commencement of devotional service to the lotus feet of Lord Govinda, who enjoys pastimes on the Yamunā's wide banks, is the influence Kāmadeva checked."
696,Sādhana-bhakti-tattva,12.F.43,A devotee is not defeated by sense gratification,"bādhyamāno 'pi mad-bhakto
 viṣayair ajitendriyaḥ
 prāyaḥ pragalbhayā bhaktyā
 viṣayair nābhibhūyate",SB 11.14.18,bādhyamānaḥ—being harassed; api—even though; mat-bhaktaḥ—My devotee; viṣayaiḥ—by the sense objects; ajita—without having conquered; indriyaḥ—the senses; prāyaḥ—generally; pragalbhayā—effective and strong; bhaktyā—by devotion; viṣayaiḥ—by sense gratification; na—not; abhibhūyate—is defeated.,"My dear Uddhava, if My devotee has not fully conquered his senses, he may be harassed by material desires, but because of his unflinching devotion for Me, he will not be defeated by sense gratification."
697,Sādhana-bhakti-tattva,12.F.44,Bhakti burns sins to ashes,"yathāgniḥ su-samṛddhārciḥ
 karoty edhāṁsi bhasmasāt
 tathā mad-viṣayā bhaktir
 uddhavaināṁsi kṛtsnaśaḥ",SB 11.14.19,yathā—just as; agniḥ—fire; su-samṛddha—blazing; arciḥ—whose flames; karoti—turns; edhāṁsi—firewood; bhasma-sāt—into ashes; tathā—similarly; mat-viṣayā—with Me as the object; bhaktiḥ—devotion; uddhava—O Uddhava; enāṁsi—sins; kṛtsnaśaḥ—completely.,"My dear Uddhava, just as a blazing fire turns firewood into ashes, similarly, devotion unto Me completely burns to ashes sins committed by My devotees."
698,Sādhana-bhakti-tattva,12.F.45,One should give up deceit and hypocricy,"are cetaḥ prodyat-kapaṭa-kuṭi-nāṭi-bhara-khara-
 kṣaran-mūtre snātvā dahasi katham ātmānam api mām
 sadā tvaṁ gāndharvā-giridhara-pada-prema-vilasat-
 sudhāmbhodhau snātvā svam api nitarāṁ māṁ ca sukhaya (6)",Śrī Manaḥ-śikṣā 6,are—Oh; cetaḥ—mind; prodyat—of fully developed; kapaṭa—deceit; kuṭi-nāṭi—and hypocrisy; bhara—great; khara—donkey; kṣarat—trickling; mūtre—urine; snātvā—bathing; dahasi—you burn; katham—why?; ātmānam—yourself; api—also; mām—me; sadā—always; tvam—you; gāndharvā-giridhara—of Śrī Rādha-Giridhari; pada—of the feet; prema—ecstatic transcendental love; vilasat—arising; sudhā-ambhodhau—in the ocean of nectar; snātvā—bathing; svam—yourself; api—also; nitarām—thoroughly; mām—me; ca—and; sukhaya—delighting.,"(In spite of having subdued the enemies of lust and anger, one may not have conquered the great enemy of deceit. This śloka instructs us how to gain victory over this powerful enemy:) ""O wicked mind! Although you adopt the path of sādhana, you imagine yourself purified by bathing in the trickling urine of the great donkey of full blown deceit and hypocricy. By doing so, you are burning yourself and scorching me, a tiny jīva, simultaneously. Stop this! Delight yourself and me by eternally bathing in the nectarine ocean of pure love for the lotus feet of Śrī Rādhā-Kṛṣṇa-Yugala."""
699,Sādhana-bhakti-tattva,12.F.46,"One should give up the desire for prestige, the root of all anarthas","pratiṣṭhāśā dhṛṣṭā śvapaca-ramaṇī me hṛdi naṭet
 kathaṁ sādhuḥ-premā spṛśati śucir etan nanu manaḥ
 sadā tvaṁ sevasva prabhu-dayita-sāmantam atulaṁ
 yathā tāṁ niṣkāśya tvaritam iha taṁ veśayati saḥ (7)",Śrī Manaḥ-śikṣā 7,pratiṣṭhā—for prestige; aśā—the desire; dhṛṣṭā—an audacious; śvapaca-ramaṇī—outcaste or dog-eating woman; me—in my; hṛdi—heart; naṭet—if she dances; katham—(then) how; sādhuḥ-premā—pure love; spṛśati—can touch; śuciḥ—pure; etat—that heart; nanu—indeed; manaḥ—O mind; sadā—always; tvam—you; sevasva—should serve; prabhu—of Prabhu Śrī Kṛṣṇa; dayita—beloved; sāmantam—commanders (of the army); atulam—peerless; yathā—so that; tām—that (dog—eater); niṣkāśya—expelling; tvaritam—quickly; iha—in this heart; tam—that (divine love); veśayati—cause to enter; saḥ—they.,"(Why is it that deceit still lingers in the heart in spite of one's having given up all material sense-enjoyment? This śloka has been composed in order to answer this question) O mind! How can pure divine love appear in my heart as long as the shameless dog-eating outcaste woman of the desire for prestige is audaciously dancing there? Therefore, always remember and serve the incomparably powerful commanders of the army of Śrī Kṛṣṇa, the beloved devotees of the Lord. They will at once banish this outcaste woman and initiate the flow of immaculate vraja-prema in your heart."
700,Sādhana-bhakti-tattva,12.F.47,Praying to the Six Gosvāmīs,"ei chaya gosāira kari caraṇa vandana
 jāhā haite vighna-nāṣa abhīṣṭa-pūraṇa",Nāma-Saṅkīrtana 5,,"By the causeless mercy of the Six Gosvāmīs, the obstacles to devotion can be removed and my desired Śrī Yugala service can be attained. Thus all my innermost heart-desires will be fulfilled."
701, Nāma-tattva,13.1,"O Bhagavān, Your names bestow all auspiciousness upon the jīvas","nāmnām akāri bahudhā nija-sarva-śaktis
 tatrārpitā niyamitaḥ smaraṇe na kālaḥ
 etādṛśī tava kṛpā bhagavan mamāpi
 durdaivam īdṛśam ihājani nānurāgaḥ",Śikṣāṣṭaka 2,nāmnām—of the holy names of the Lord; akāri—manifested; bahudhā—various kinds; nija-sarva-śaktiḥ—all kinds of personal potencies; tatra—in that; arpitā—bestowed; niyamitaḥ—restricted; smaraṇe—in remembering; na—not; kālaḥ—consideration of time; etādṛśī—so much; tava—Your; kṛpā—mercy; bhagavan—O Lord; mama—My; api—although; durdaivam—misfortune; īdṛśam—such; iha—in this (the holy name); ajani—was born; na—not; anurāgaḥ—attachment.,"O Bhagavān, Your names bestow all auspiciousness upon the jīvas. Therefore, for their benefit, You are eternally manifest as Your innumerable names, such as Rāma, Nārāyaṇa, Kṛṣṇa, Mukunda, Mādhava, Govinda and Dāmodara. You have invested those names with all the potencies of Their respective forms. Out of Your causeless mercy, You have not even imposed any restrictions on the remembrance of these names, as is the case with certain prayers and mantras that must be chanted at specific times (sandhyā-vandana). In other words, the holy name of Bhagavān can be chanted and remembered at any time of the day or night. This is the arrangement You have made. O Prabhu, You have such causeless mercy upon the jīvas; nevertheless, due to my nāma-aparādha, I am so unfortunate that no attachment for Your holy name, which is so easily accessible and which bestows all good fortune, has awakened within me."
702, Nāma-tattva,13.2,Who is eligible to drink the pure nectar of the holy name,"prabhuḥ kaḥ ko jīvaḥ kathaṁ idam acid-viśvam iti vā
 vicāryaitān arthān hari-bhajana-kṛc chāstra-caturaḥ
 abhedāśāṁ dharmān sakalam aparādhaṁ pariharan
 harer nāmānandaṁ pibati hari-dāso hari-janaiḥ",Daśa-mūla-tattva,prabhuḥ—the Supreme Lord; kaḥ—Who?; kaḥ—who?; jīvaḥ—the living entity; katham—what?; idam—this; acit—inanimate; viśvam—material universe; iti—thus; vā—and; vicārya—reflecting; etān—on these; arthān—points; hari—of Lord Hari; bhajana-kṛt—describing the devotional service; śāstra—in the scriptures; caturaḥ—expert; abheda—of liberation; āśām—the hope; dharmān—material pious duties; sakalam—completely; aparādham—offenses; pariharan—abandoning; hareḥ—of Lord Hari; nāma—of the Holy Names; ānandam—the transcendental bliss; pibati—drinks; hari—of Lord Hari; dāsaḥ—the servant; harijanaiḥ—with the devotees.,"Who is Kṛṣṇa? Who am I, the jīva? What is this temporary material (acit) world, and the eternal spiritual (cit) world? He who is exclusively devoted to the bhajana of Śrī Hari and has made an intelligent analysis of the Vaiṣṇava-śāstras under the guidance of śuddha-bhaktas, who has abandoned all offences and attachment to dharma and adharma, and who can consider and dispose of all questions – that servant of Śrī Hari drinks the sublime nectar of śrī-hari-nāma in the company of other hari-janas (devotees)."
703, Nāma-tattva,13.3,Kṛṣṇa (nāmī) is non-different from His name (nāma),"nāma cintā-maṇiḥ kṛṣṇaś
 caitanya-rasa-vigrahaḥ
 pūrṇaḥ śuddho nitya-mukto
 'bhinnatvān nāma-nāminoḥ",Padma Purāṇa,"nāmaḥ—the holy name; cintā-maṇiḥ—wish-fulfilling gem; kṛṣṇaḥ—Śrī Kṛṣṇa (Himself); caitanya-rasa-vigrahaḥ—the form of all transcendental mellows; pūrṇaḥ—complete; śuddhaḥ—pure, without material contamination; nitya—eternally; muktaḥ—liberated; abhinna-tvāt—due to nondifferenence; nāma—of the holy name; nāminoḥ—and of the person who has the name.","""The holy name is a transcendental wish-fulfilling gem (cintāmaṇi), for there is no difference between Kṛṣṇa's name (nāma) and Kṛṣṇa Himself (nāmī). In other words the holy name is the bestower of the supreme goal (parama-puruṣārtha). This name is the very form of transcendental mellows (caitanya-rasa-svarūpa). It is completely pure; that is, it is unlimited and eternally liberated, devoid of any connection with māyā."""
704, Nāma-tattva,13.4,The holy name is the only way for the deliverance of souls in the age of Kali,"harer nāma harer nāma harer nāmaiva kevalam
 kalau nāsty eva nāsty eva nāsty eva gatir anyathā",Bṛhan-Nāradīya Purāṇa 38.126,hareḥ nāma—the holy name of the Lord; hareḥ nāma—the holy name of the Lord; hareḥ nāma—the holy name of the Lord; eva—certainly; kevalam—only; kalau—in the Age of Kali; na asti—there is none; eva—certainly; na asti—there is none; eva—certainly; na asti—there is none; eva—certainly; gatiḥ—destination; anyathā—otherwise.,"""In this age of quarrel and hypocrisy the only means of deliverance is chanting the holy name of the Lord. There is no other way. There is no other way. There is no other way."""
705, Nāma-tattva,13.5,,"kali-kāle nāma-rūpe kṛṣṇa-avatāra
 nāma haite haya sarva-jagat-nistāra",CC Ādi 17.22,kali-kāle—in this Age of Kali; nāma-rūpe—in the form of the holy name; kṛṣṇa—Lord Kṛṣṇa's; avatāra—incarnation; nāma—holy name; haite—from; haya—becomes; sarva—all; jagat—of the world; nistāra—deliverance.,"In this Age of Kali, Lord Kṛṣṇa has descended as the incarnation of His holy names. Through Śrī Nāma the entire world can be delivered from material bondage."
706, Nāma-tattva,13.6,The human material senses cannot perceive śrī harināma because it is transcendental,"ataḥ śrī-kṛṣṇa-nāmādi
 na bhaved grāhyam indriyaiḥ
 sevonmukhe hi jihvādau
 svayam eva sphuraty adaḥ",Padma Purāṇa,"ataḥ—therefore; śrī-kṛṣṇa-nāma-ādi—Lord Kṛṣṇa's name, form, qualities, pastimes and so on; na—not; bhavet—can be; grāhyam—perceived; indriyaiḥ—by the blunt material senses; sevā-unmukhe—to one engaged in His service; hi—certainly; jihvā-ādau—beginning with the tongue; svayam—personally; eva—certainly; sphurati—become manifest; adaḥ—those (Kṛṣṇa's name, form, qualities and so on).","""The human material senses cannot perceive śrī harināma because it is a transcendental sound, but it will appear by itself on the purified senses of the sevon-mukha sādhaka, in whose heart the desire to serve Kṛṣṇa has arisen."""
707, Nāma-tattva,13.7,,"kṛte yad dhyāyato viṣṇuṁ / tretāyāṁ yajato makhaiḥ
 dvāpare paricaryāyāṁ / kalau tad dhari-kīrtanāt",SB 12.3.52,kṛte—in the Satya-yuga; yat—which; dhyāyataḥ—from meditation; viṣṇum—on Lord Viṣṇu; tretāyām—in the Tretā-yuga; yajataḥ—from worshiping; makhaiḥ—by performing sacrifices; dvāpare—in the age of Dvāpara; paricaryāyām—by worshiping the lotus feet of Kṛṣṇa; kalau—in the age of Kali; tat—that same result (can be achieved); hari-kīrtanāt—simply by chanting the Hare Kṛṣṇa mahā-mantra.,"Whatever result was obtained in Satya-yuga by meditating on Viṣṇu, in Tretā-yuga by performing sacrifices, and in Dvāpara-yuga by serving the Lord's lotus feet can be obtained in Kali-yuga simply by chanting the Hare Kṛṣṇa mahā-mantra."
708, Nāma-tattva,13.8,,"yad abhyarcya hariṁ bhaktyā
 kṛte kratu-śatair api
 phalaṁ prāpnoty avikalaṁ
 kalau govinda-kīrtanāt",Bhajana rahasya  1.3,,"Whatever fruit can be obtained in Satya-yuga by devoutly performing austerities and so on for hundreds of years, can be obtained in the age of Kali simply by chanting the names of Śrī Govinda."
709, Nāma-tattva,13.9,,"kṛṣṇa-mantra haite habe saṁsāra-mocana
 kṛṣṇa-nāma haite pābe kṛṣṇera caraṇa",CC Ādi 7.73,Kṛṣṇa-mantra—the chanting of the Hare Kṛṣṇa mahā-mantra; haite—from; habe—it will be; saṁsāra—material existence; mocana—deliverance; kṛṣṇa-nāma—the holy name of Lord Kṛṣṇa; haite—from; pābe—one will get; kṛṣṇera—of Lord Kṛṣṇa; caraṇa—lotus feet.,"Simply by chanting the holy name of Kṛṣṇa one can obtain freedom from material existence. Indeed, simply by chanting the Hare Kṛṣṇa mantra one will be able to see the lotus feet of the Lord."
710, Nāma-tattva,13.1,,"nāma vinu kali-kāle nāhi āra dharma
 sarva-mantra-sāra nāma, ei śāstra-marma",CC Ādi 7.74,nāma—the holy name; vinu—without; kali-kāle—in this Age of Kali; nāhi—there is none; āra—or any alternative; dharma—the eternal essence of one's spiritual nature and function; sarva—all; mantra—hymns; sāra—essence; nāma—the holy name; ei—this is; śāstra—revealed scriptures; marma—purport.,"In this Age of Kali there is no religious principle other than the chanting of the holy name, which is the essence of all Vedic hymns. This is the purport of all scriptures."
711, Nāma-tattva,13.11,Even a dim reflection of hari-nāma (nāmābhāsa) gives unlimitedly more results than all kinds of sat-karma (pious fruitive activities),"go-koṭi-dānaṁ grahaṇe khagasya
 prayāga-gaṅgodaka kalpa-vāsaḥ
 yajñāyutaṁ meru-suvarṇa-dānaṁ
 govinda-kīrter na samaṁ śatāṁśaiḥ",CC Adi 3.79,,"One may give cows in charity on the day of a solar eclipse; one may reside in Prayāga on the banks of the Gaṅgā for a kalpa; or one may perform thousands of yajñas, and give in charity a mountain of gold as high as Mount Sumeru. Still, all these cannot even be compared with a one-hundredth particle of Śrī-Govinda-kīrtana."
712, Nāma-tattva,13.12,,"viṣṇor ekaikaṁ nāmāpi sarva-vedādhikaṁ matam
 tādṛk-nāma sahasreṇa rāma-nāma-samaṁ smṛtam",Śata-nāma-stotra,,"Chanting one name of Viṣṇu gives more benefit than studying all the Vedas, and one name of Rāma is equal to a thousand names (sahasra-nāma) of Viṣṇu."
713, Nāma-tattva,13.13,,"sahasra-nāmnāṁ puṇyānāṁ / trir āvṛttyā tu yat phalam
 ekāvṛttyā tu kṛṣṇasya / nāmaikaṁ tat prayacchati",Brahmāṇḍa Purāṇa,sahasra-nāmnām—of one thousand names; puṇyānām—holy; triḥ-āvṛttyā—by thrice chanting; tu—but; yat—which; phalam—result; eka-āvṛttyā—by one repetition; tu—but; kṛṣṇasya—of Lord Kṛṣṇa; nāma—holy name; ekam—only one; tat—that result; prayacchati—gives.,The pious results derived from chanting the thousand holy names of Viṣṇu three times can be attained by only once uttering the holy name of Kṛṣṇa.
714, Nāma-tattva,13.14,Other kinds of atonement (prāyaścitta) are not necessary for one who chants the holy name,"nāmno 'sya yāvatī śaktiḥ / pāpa-nirharaṇe hareḥ
 tāvat kartuṁ na śaknoti / pātakaṁ pātakī janaḥ",Bṛhad-viṣṇu Purāṇa,,Śrī Hari's name possesses such potency to destroy sins that it can counteract more sins than even the most sinful person is able to commit.
715, Nāma-tattva,13.15,,"yena janma-śataiḥ pūrvaṁ / vāsudevaḥ samarcitaḥ
 tan-mukhe hari-nāmāni / sadā tiṣṭhanti bhārataḥ",HBV 11.237,,"O best of the dynasty of Bharata, the holy name of Śrī Hari is eternally present only in the mouth of one who has perfectly worshipped Vāsudeva for hundreds of births."
716, Nāma-tattva,13.16,Bhakti-rasāmṛta-sindhu states that even nāma-ābhāsa destroys all sins and liberates one from material existence,"taṁ nirvyājaṁ bhaja guṇa-nidhiṁ pāvanaṁ pāvanānāṁ
 śraddhā rajyan matir atitarām uttama-śloka-maulim
 prodyann antaḥ-karaṇa-kuhare hanta yan-nāma-bhānor
 ābhāso 'pi kṣapayati mahā-pātaka-dhvānta-rāśim",BRS 2.1.103,tam—Him; nirvyājam—without duplicity; bhaja—worship; guṇa-nidhe—O reservoir of all good qualities; pāvanam—purifier; pāvanānām—of all other purifiers; śraddhā—with faith; rajyan—being enlivened; matiḥ—mind; atitarām—exceedingly; uttamaḥ-śloka-maulim—the best of the personalities who are worshiped by choice poetry or who are transcendental to all material positions; prodyan—manifesting; antaḥ-karaṇa-kuhare—in the core of the heart; hanta—alas; yat-nāma—whose holy name; bhānoḥ—of the sun; ābhāsaḥ—slight appearance; api—even; kṣapayati—eradicates; mahā-pātaka—the resultant actions of greatly sinful activities; dhvānta—of ignorance; rāśim—the mass.,"O reservoir of good qualities, just faithfully perform bhajana of Śrī Kṛṣṇa without duplicity. He is the supreme savior among all saviors, and the most exalted of those worshipped with poetic hymns. When even a slight appearance of His name, which is like the sun, arises in one's cave-like heart, it destroys the darkness of great sins that are present there."
717, Nāma-tattva,13.17,The seven excellent results of Śrī Kṛṣṇa saṅkīrtana are described in Śrī Śikṣāṣṭaka. The first verse describes the sequence of bhajana:,"ceto-darpaṇa-mārjanaṁ bhava-mahā-dāvāgni-nirvāpaṇaṁ
 śreyaḥ-kairava-candrikā-vitaraṇaṁ vidyā-vadhū-jīvanam
 ānandāmbudhi-vardhanaṁ prati-padaṁ pūrṇāmṛtāsvādanaṁ
 sarvātma-snapanaṁ paraṁ vijayate śrī-kṛṣṇa-saṅkīrtanam",Śrī Śikṣāṣṭaka 1,cetaḥ—of the heart; darpaṇa—the mirror; mārjanam—cleansing; bhava—of material existence; mahā-dāva-agni—the blazing forest fire; nirvāpaṇam—extinguishing; śreyaḥ—of good fortune; kairava—the white lotus; candrikā—the moonshine; vitaraṇam—spreading; vidyā-vadhū—of Divya-Sarasvatī who awards divine knowledge; jīvanam—the life; ānanda—of bliss; ambudhi—the ocean; vardhanam—increasing; prati-padam—at every step; pūrṇa-amṛta—of the full nectar; āsvādanam—giving a taste; sarva—for everyone; ātma-snapanam—bathing of the self; param—transcendental; vijayate—let there be victory; śrī-kṛṣṇa-saṅkīrtanam—for the congregational chanting of the holy name of Kṛṣṇa.,"Let there be supreme victory for the chanting of the holy name of Śrī Kṛṣṇa, which cleanses the mirror of the heart and completely extinguishes the blazing forest fire of material existence. Śrī-kṛṣṇa-saṅkīrtana diffuses the moon rays of bhāva, which cause the white lotus of good fortune for the jīvas to bloom. The holy name is the life and soul of Divya Sarasvatī who bestows divine knowledge in the devotees' hearts. It continuously expands the ocean of transcendental bliss, enabling one to taste complete nectar at every step, and thoroughly cleanses and cools everything, both internally and externally, including one's body, heart, self (ātmā) and nature."
718, Nāma-tattva,13.18,1. ceto-darpaṇa-mārjanaṁ – The holy name cleanses the mirror of the heart (anartha-nivṛtti):,"sūditāśrita-janārti-rāśaye ramya-cid-ghana-sukha-svarūpiṇe
 nāma gokula-mahotsavāya te kṛṣṇa pūrṇa-vapuṣe namo namaḥ",Nāmāṣṭaka 7,"sūdita—destroyed; āśrita—sheltered; jana—of the people; ārti—sufferings; rāśaye—abundance; ramya—charming; cid—spirit; ghana—intense; sukha—happiness; svarūpiṇe—own form; nāma —name; gokula—in Gokula; mahotsavāya —for a great festival; te—of You; kṛṣṇa —of Lord Kṛṣṇa; pūrṇa—the perfect and full; vapuṣe —transcendental form; na-maḥ na-maḥ—not I, not I!.","O destroyer of the numerous sufferings of those who have taken shelter of You! O embodiment of delightful transcendental bliss! O great festival for the residents of Gokula (the gopīs, gopas, cows, calves and all other life forms of Vraja)! O all-pervading one! O Kṛṣṇa-nāma, time and again I offer respects to You, who are replete with these qualities. [This seventh verse of Śrī Rūpa Gosvāmīs Nāmāṣṭaka describes the holy name as the embodiment of concentrated transcendental bliss and knowledge]."
719, Nāma-tattva,13.19,2. bhava-mahā-dāvāgni-nirvāpaṇaṁ – Nāma-saṅkīrtana extinguishes the blazing forest fire of material existence (niṣṭhā):,"nātaḥ paraṁ karma-nibandha-kṛntanaṁ
 mumukṣatāṁ tīrtha-padānukīrtanāt
 na yat punaḥ karmasu sajjate mano
 rajas-tamobhyāṁ kalilaṁ tato 'nyathā",SB 6.2.46,na—not; ataḥ—therefore; param—better means; karma-nibandha—the obligation to suffer or undergo tribulations as a result of fruitive activities; kṛntanam—that which can completely cut off; mumukṣatām—of persons desiring to get out of the clutches of material bondage; tīrtha-pada—about the Lord at whose feet create all the holy places; anukīrtanāt—than constantly chanting under the direction of the bona fide spiritual master; na—not; yat—because; punaḥ—again; karmasu—in fruitive activities; sajjate—becomes attached; manaḥ—the mind; rajaḥ-tamobhyām—by the modes of passion and ignorance; kalilam—contaminated; tataḥ—thereafter; anyathā—by any other means.,"For those who desire liberation from the bondage of this material existence, there is no other means than chanting the name of Bhagavān, who sanctifies even the holy places by the touch of His lotus feet. This nāma-saṅkīrtana is able to destroy the root cause of all sinful activities, because when the mind has taken shelter of Bhagavān"
720, Nāma-tattva,13.2,śreyaḥ-kairava-candrikā-vitaraṇaṁ – Harināma diffuses the moonrays of bhāva-bhakti for the supreme benefit of all living beings (ruci),"madhura-madharam etan maṅgalāṁ maṅgalānāṁ
 sakala-nigama-vallī sat-phalaṁ cit-svarūpam
 sakṛd api parigītaṁ śraddhayā helayā vā
 bhṛgu-vara! nara-mātraṁ tārayet kṛṣṇanāma",Skanḍa Purāṇa,madhura—of all sweet things; madhuram—the most sweet; etat—this; mangalam—the most aupicious; mangalānām—of all auspicious things; sakala—all; nigama—of the Vedas; vallī—the creepers; sat—the transcendental; phalam—fruit; cit—with a spiritual; svarūpam—form; sakṛt—once; api—even; parigītam—spoken; śraddhayā—with faith; helayā—with mockery; vā—or; bhṛgu—of the Bhrgu dynasty; vara—O most exalted descendent; nara—a human being; mātram—even; tarayet—delivers; krsna—of Śrī Kṛṣṇa; nāma—the name.,"Kṛṣṇa-nāma is the sweetest of the sweet and the most auspicious of all that is auspicious. It is the flourishing creeper and eternal, fully-ripened fruit of the all the Vedas, and the embodiment of knowledge, cit-śakti. O best of the Bhṛgu dynasty! If someone chants the holy name only once without offence, be it with faith or indifference (helā), he is immediately delivered from this ocean of birth and death!"
721, Nāma-tattva,13.21,,"sakṛd uccāritaṁ yena harir ity akṣara-dvayam
 baddhaḥ parikaras tena mokṣāya gamanaṁ prati",Padma Purāṇa,,A person who even once chants the two syllables ha and ri easily attains liberation.
722, Nāma-tattva,13.22,vidyā-vadhū-jīvanam – It is the life of all transcendental knowledge (āsakti),"yad icchasi paraṁ jñānaṁ / jñānād yat paramaṁ padam
 tad ādareṇa rājendra / kuru govinda-kīrtanam",Gāruḍa Purāṇa,,"O best of kings, if you desire to obtain the topmost knowledge and the supreme goal of that knowledge, prema-bhakti, then chant the holy name of Śrī Govinda with great respect and devotion."
723, Nāma-tattva,13.23,,"dhātar yad asmin bhava īśa jīvās
 tāpa-trayeṇābhihatā na śarma
 ātman labhante bhagavaṁs tavāṅghri-
 cchāyāṁ sa-vidyām ata āśrayema",SB 3.5.40,dhātaḥ—O father; yat—because; asmin—in this; bhave—material world; īśa—O Lord; jīvāḥ—the living entities; tāpa—miseries; trayeṇa—by the three; abhihatāḥ—always embarrassed; na—never; śarma—in happiness; ātman—self; labhante—do gain; bhagavan—O Personality of Godhead; tava—Your; aṅghri-chāyām—shade of Your feet; sa-vidyām—full of knowledge; ataḥ—obtain; āśrayema—shelter.,"""O Father, O Lord, O Personality of Godhead, the living entities in the material world can never have any happiness because they are always overwhelmed by the three-fold miseries. Therefore they take shelter of the shade of Your lotus feet, which are full of knowledge, and we also thus take shelter of them."""
724, Nāma-tattva,13.24,ānandāmbudhi-vardhanaṁ – The chanting of the holy name expands the ocean of transcendental bliss (bhāva – external symptoms),"ekāntino yasya na kañcanārthaṁ
 vāñchanti ye vai bhagavat-prapannāḥ
 aty-adbhutaṁ tac-caritaṁ sumaṅgalaṁ
 gāyanta ānanda-samudra-magnāḥ",SB 8.3.20,"ekāntinaḥ—unalloyed devotees (who have no desire other than Kṛṣṇa consciousness); yasya—the Lord, of whom; na—not; kañcana—some; artham—benediction; vāñchanti—desire; ye—those devotees who; vai—indeed; bhagavat-prapannāḥ—fully surrendered unto the lotus feet of the Lord; ati-adbhutam—which are wonderful; tat-caritam—the activities of the Lord; su-maṅgalam—and very auspicious (to hear); gāyantaḥ—by chanting and hearing; ānanda—of transcendental bliss; samudra—in the ocean; magnāḥ—who are immersed","The devotees who are exclusively surrendered unto Bhagavān, and who have no other desire than to attain Him, become immersed in an ocean of bliss by performing saṅkīrtana of His wonderful and supremely auspicious pastimes."
725, Nāma-tattva,13.25,prati-padaṁ pūrṇāmṛtāsvādanaṁ – It enables one to taste complete nectar at every step (bhāva – internal symptoms of perfection – Vipralambha),"tebhyo namo 'stu bhava-vāridhi-jīrṇa-paṅka-
 sammagna-mokṣaṇa-vicakṣaṇa-pādukebhyaḥ
 kṛṣṇeti varṇa-yugalaṁ śravaṇena yeṣām
 ānandathur bhavati nartita-roma-vṛndaḥ",Padma Purāṇa,tebhyaḥ—to them; namaḥ—obeisances; astu—let there be; bhava—of repeated birth and death; vāridhi—of the ocean; jīrṇa—in the festering; paṅka—mud; sammagna—stuck; mokṣaṇa—releasing; vicakṣaṇa—expert; pādukebhyaḥ—with their sandals; kṛṣṇa—Kṛṣṇa; iti—thus; varṇa—of syllables; yugala—the pair; śravaṇena—by hearing; yeṣām—of whom; ānandathuḥ—in bliss; bhavati—become; nartita—dancing; roma-vṛndaḥ—hairs standing up.,"The devotees whose bodily hairs stand on end and whose hearts tremble with bliss upon hearing the two syllables kṛṣ and ṇa, deliver the living entities sunk in the mud of material existence. Clear-sighted, intelligent persons who desire eternal auspiciousness surrender to the lotus feet of these rasika-bhaktas."
726, Nāma-tattva,13.26,sarvātma-snapanaṁ – Premānanda is completely pure; it thoroughly cleanses and cools the entire self (prema),"saṅkīrtyamāno bhagavān anantaḥ
 śrutānubhāvo vyasanaṁ hi puṁsām
 praviśya cittaṁ vidhunoty aśeṣaṁ
 yathā tamo 'rko 'bhram ivāti-vātaḥ",SB 12.12.48,saṅkīrtyamānaḥ—being properly chanted about; bhagavān—the Supreme Personality of Godhead; anantaḥ—the unlimited; śruta—being heard about; anubhāvaḥ—His potency; vyasanam—the misery; hi—indeed; puṁsām—of persons; praviśya—enter; cittam—the heart; vidhunoti—cleans away; aśeṣam—entirely; yathā—just as; tamaḥ—darkness; arkaḥ—the sun; abhram—clouds; iva—as; ati-vātaḥ—a strong wind.,"Bhagavān Śrī Hari Himself enters the heart of a devotee who describes His name, form, qualities, pastimes and so on, or hears His glories; and He destroys all the darkness of the sins present there. Upon entering the heart of the jīva, Bhagavān destroys his offences, impediments, duplicity and material desires, just as the sun drives away darkness or a powerful wind scatters the clouds. This cleanses the mirror-like hearts of those who take shelter of Kṛṣṇa's name, and very quickly they attain their pure transcendental forms."
727, Nāma-tattva,13.27,The holy name is Kṛṣṇa Himself and the sweet embodiment of transcendental mellows (caitanya-rasa-vigraha),"nārada-vīṇojjīvana!
 sudhormi-niryāsa-mādhurī-pūra!
 tvaṁ kṛṣṇa-nāma! kāmaṁ
 sphura me rasane rasena sadā",Stava-mālā 21.8 (Nāmāṣṭaka 8),nārada—of Nārada; vīṇā—of the lute; ujjīvana—the vibrant life; sudhā—of nectar; ūrmi—waves; niryāsa—essence; mādhurī—sweetness; pūra—flood; tvam—You; kṛṣṇa—of Kṛṣṇa; nāma—O nāme; kāmaṁ—if You wish; sphura—please appear; me—of me; rasane—of the tongue; rasena—with nectar; sadā—always.,"O life of Nārada's vīṇā! O crest of the waves upon the transcendental ocean of nectar! O condensed form of all sweetness! O Kṛṣṇa-nāma! By Your own sweet will, may You always appear on my tongue along with all transcendental rasa."
728, Nāma-tattva,13.28,The second verse of Nāmāṣṭaka,"jaya nāmadheya! muni-vṛnda-geya!
 jana-rañjanāya paramākṣarākṛte!
 tvam anādarād api manāg udīritaṁ
 nikhilogra-tāpa-paṭalīṁ vilumpasi",Stavamala 21.2,jaya—all glories; nāmadheya—O holy name; muni—of sages; vṛnda—by the multitudes; geya—chanted; jana—of the people; rañjanāya—for the happiness; param—supreme; akṣara—of syllables; ākṛte—the form; tvam—You; anādarād —without respect; api —even; manāg—once; udīritaṁ—spoken; nikhila—all; ugra—terrible; tāpa—suffferings; paṭalīm—abundance; vilumpasi—you take away.,"O Harināma, the great sages constantly chant Your glories. To delight the devotees You have appeared in the form of transcendental syllables. All victory unto You! May Your excellence forever be splendidly manifest, and may You display it to all. Prabhu, Your excellence is such that even if Your name is chanted only once and without respect – that is, to indicate some-thing else, jokingly and so forth – it completely destroys the most fearsome of sins, and even sinful thoughts. Thus, make me surrender to You without fail, and by my remembrance of Your power, purify me because I proclaim Your glories."
729, Nāma-tattva,13.29,The Vedas describe the truth of the holy name (nāma-tattva),"oṁ ity etad brahmaṇo nediṣṭaṁ
 nāma yasmād uccāryamāna
 eva saṁsāra-bhayāt tārayati
 tasmād ucyate tāra iti",Ṛg Veda 1.156.3,,"I meditate on Oṁ the name of Param Brahma Bhagavān who is very close to all jīvas, dwelling within their heart of hearts. One who utters that name is liberated from the fear of the material world. Therefore Oṁ is famous by the name tāraka-brahma (that which bestows liberation, whereas the Hare Kṛṣṇa mahā-mantra is called pāraka – the giver of prema)."
730, Nāma-tattva,13.3,,"hare kṛṣṇa hare kṛṣṇa, kṛṣṇa kṛṣṇa hare hare
 hare rāma hare rāma, rāma rāma hare hare
 prabhu kahe kahilāma ei mahā-mantra
 ihā japa giyā sabe kariyā nirbandha
 ihā haite sarva-siddhi haibe sabāra
 sarva-kṣaṇa bala ithe vidhi nāhi āra",CB Madhya-khaṇḍa 23.76–78,,"Śrī Caitanya Mahāprabhu said, ""I have spoken this mahā-mantra, now all of you return home and perform japa and kīrtana of the holy name with great love and faith, keeping track of the number of rounds you chant. By this practice, all types of perfection will arise. Always chant the holy name, for there are no rules and regulations regarding its performance. At every moment, utter this mahā-mantra."""
731, Nāma-tattva,13.31,Lord Brahmā instructed Nārada Muni,"hare kṛṣṇa hare kṛṣṇa, kṛṣṇa kṛṣṇa hare hare
 hare rāma hare rāma, rāma rāma hare hare
 iti ṣoḍaśakaṁ nāmnāṁ kali-kalmaṣa nāśanaṁ
 nātaḥ parataropayaḥ sarva-vedeṣu dṛśyate",Kali-Santaraṇa Upaniṣad 5.6,iti—this; ṣoḍaśakam—sixteen; nāmnām—of the holy names; kali—age of Kali; kalmaṣa—sins (dirt); nāśanam—destroying (counteracting); na—not; ataḥ—then; paratara—better; upayaḥ—method; sarva—all; vedeṣu—in the Vedas; dṛśyate—it is found.,The sixteen words of the Hare Kṛṣṇa mantra are especially meant for counteracting the sins of the age of Kali. To save oneself from the contamination of this age there is no alternative but to chant the Hare Kṛṣṇa mantra. After searching through the entire Vedic literatures one cannot find a sādhana for this age as sublime as the chanting of Hare Kṛṣṇa.
732, Nāma-tattva,13.32,,"hare kṛṣṇa hare kṛṣṇa kṛṣṇa kṛṣṇa hare hare
 hare rāma hare rāma rāma rāma hare hare
 ei śloka nāma bali' laya mahā-mantra
 śola-nāma batriśa-akṣara ei tantra",CB Ādi 14.145-6,,This verse is called the mahā-mantra. It contains sixteen holy names of the Lord composed of thirty-two syllables.
733, Nāma-tattva,13.33,,"sādhite sādhite yabe premāṅkura habe
 sādhya-sādhana-tattva jānibā se tabe",CB Ādi 24.147,,"""If you continually chant this mahā-mantra, the seed of love of God will sprout in your heart. Then you will understand the goal of life and the process for achieving it."""
734, Nāma-tattva,13.34,The method of perfecting the chanting of Śrī Nāma,"manaḥ saṁharaṇaṁ śaucaṁ / maunaṁ mantrārtha-cintanam
 avyagratvam anirvedo / japa-sampatti-hetavaḥ",HBV,,"While chanting, one should be one-pointed and give up talking about mundane topics. With a pure heart, one should think about the meaning of the holy name, and be steadfast and patient in his chanting and remembrance of the holy name."
735, Nāma-tattva,13.35,Śrī Gopāla-Guru explains the meaning of the holy name as follows,"vijñāpya bhagavat-tattvaṁ / cid-ghanānanda-vigraham
 haraty avidyāṁ tat kāryam / ato harir iti smṛtaḥ",BR 1.34,,"The Supreme Person Śrī Bhagavān has descended in the form of the holy name, which is the embodiment of condensed knowledge and bliss. While remembering the name of Bhagavān, one should remember that nāma and nāmī are non-different. In the first stage of a sādhaka's progress, the holy name removes ignorance. Therefore He is Hari, ""He who removes"". The rasika-ācāryas, however, taste harināma by thinking that, in the kuñjas Vṛṣabhānu-nandinī Śrī Rādhā is stealing away the mind of Śrī Hari by Her service. He who chants Hare Kṛṣṇa with this meditation attains prema-bhakti."
736, Nāma-tattva,13.36,The Bhāgavata-nāma-kaumudī states,"naktaṁ divā ca gatabhir jita-nidra eko
 nirviṇṇa īkṣita-patho mita-bhuk praśāntaḥ
 yady acyute bhagavati sva-mano na sajjen
 nāmāni tad-rati-karāṇi paṭhed vilajjaḥ",BR 1.36,,"If your mind is not absorbed in the name of Śrī Bhagavān Acyuta, then day and night without shyness chant those principal names that are endowed with rati (such as Rādhā-ramaṇa, Vraja-vallabha and Gopījana-vallabha). Minimize sleep, eat moderately, and proceed on the path of spiritual truth with a peaceful mind and a disregard for worldly things."
737, Nāma-tattva,13.37,A prayer for attaining attachment to the holy name,"agha-damana-yaśodā-nandanau nanda-sūno
 kamala-nayana-gopī-candra-vṛndāvanendrāḥ
 praṇata-karuṇa-kṛṣṇāv ity aneka-svarūpe
 tvayi mama ratir uccair vardhatāṁ nāmadheya",Nāmāṣṭaka 5,agha-damana—crusher of Agha; yaśodānandanau—son of Yaśodā; nandasūno—son of Nanda Mahārāja; kamala-nayana—lotus-eyed; gopīcandra—moon of the gopīs; vṛndāvanendrāḥ—moon of Vṛndāvana; praṇata-karuṇa—merciful to the worshipper; kṛṣṇāṭ—Kṛṣṇa; iti—thus; aneka—many; svarūpe—forms; tvayi—in You; mama—of me; ratiḥ—love; uccaiḥ—greatly; vardhatām—may increase; nāmadheya—the holy names.,"""O Nāma Bhagavān, possessor of inconceivable glories, may my affection for You continue to increase, day and night. O Aghadamana! O Yaśodā-nandana! O Nanda-sūnu! O Kamala-nayana! O Gopīcandra! O Vṛndāvanendra! O Praṇata-karuṇa! O Kṛṣṇa! You have innumerable forms; may my attachment to them always increase."""
738, Nāma-tattva,13.38,Determination to continue chanting in the face of all obstacles,"khaṇḍa-khaṇḍa hai deha jāya yadi prāṇa
 tabu āmi vadane nā chāḍi harināma",CB Ādi 16.94,,"""Regardless if my body is cut to pieces and the life-air exits my body, I will never abandon the chanting of harināma."" (Śrīla Haridāsa Ṭhākura)"
739, Nāma-tattva,13.39,Kṛṣṇa has invested all potencies in His name,"dāna-vrata-tapas-tīrtha-yātrādīnaś ca yāḥ sthitāḥ
 śaktayo deva-mahatāṁ sarva-pāpa-harāḥ śubhāḥ
 rājasūyāśvamedhānāṁ jñānasyādhyātma-vastunaḥ
 ākṛṣya hariṇā sarvāḥ sthāpitāḥ sveṣu nāmasu",Skanda Purāṇa,,"""Whatever potency to nullify sins or bestow auspiciousness found in charity, vows, austerities, pilgrimage, the rājasūya and aśvamedha yajñas, knowledge of transcendental objects, and so forth, has been invested by Śrī Kṛṣṇa in His holy names (that is, the primary names)."""
740, Nāma-tattva,13.4,"In the performance of nāma-bhajana, there is no consideration of cleanliness or uncleanliness, nor of proper or improper time","na deśa-kāla-niyamo / na śaucāśauca-nirṇayaḥ
 paraṁ saṅkīrtanād eva / rāma rāmeti mucyate",Vaiśvānara-saṁhitā,,"In chanting the holy name, there is no rule concerning place and time, nor is there one regarding cleanliness or uncleanliness. By repeating the name ""Rāma"", or in other words by performing saṅkīrtana of the mahā-mantra, the topmost liberation – namely prema-bhakti – is obtained."
741, Nāma-tattva,13.41,A pure devotee aspires for millions of tongues and ears,"tuṇḍe tāṇḍavinī ratiṁ vitanute tuṇḍāvalī-labdhaye
 karṇa-kroḍa-kaḍambinī ghaṭayate karṇārbudebhyaḥ spṛhām
 cetaḥ-prāṅgaṇa-saṅginī vijayate sarvendriyāṇāṁ kṛtiṁ
 no jāne janitā kiyadbhir amṛtaiḥ kṛṣṇeti varṇa-dvayī",Vidagdha-mādhava 1.15,tuṇḍe—in the mouth; tāṇḍavinī—dancing; ratim—the inspiration; vitanute—expands; tuṇḍa-āvalī-labdhaye—to achieve many mouths; karṇa—of the ear; kroḍa—in the hole; kaḍambinī—sprouting; ghaṭayate—causes to appear; karṇa-arbudebhyaḥ spṛhām—the desire for millions of ears; cetaḥ-prāṅgaṇa—in the courtyard of the heart; saṅginī—being a companion; vijayate—conquers; sarva-indriyāṇām—of all the senses; kṛtim—the activity; na u—not; jāne—I know; janitā—produced; kiyadbhiḥ—of what measure; amṛtaiḥ—by nectar; kṛṣṇa—the name of Kṛṣṇa; iti—thus; varṇa-dvayī—the two syllables.,"[Śrīla Rūpa Gosvāmī prays:] ""I do not know how much nectar the two syllables 'Kṛṣ-ṇa' have produced. When the holy name of Kṛṣṇa is chanted, it appears to dance within the mouth. We then desire many, many mouths. When that name enters the holes of the ears, we desire many millions of ears. And when the holy name dances in the courtyard of the heart, it conquers the activities of the mind, and therefore all the senses become inert."""
742, Nāma-tattva,13.42,The prema flower of śrī-nāma,"pūrṇa-vikaśita hañā, braje more jāya lañā
 dekhāya more svarūpa-vilāsa
 more siddha-deha diyā, kṛṣṇa-pāse rākhe giyā
 e dehera kare sarba-nāśa",Prema-vivarta ch. 7,,"Now blossoming fully, the prema flower of śrī-nāma takes me to Vraja, and reveals to me the pastimes of His own love dalliance. Nāma gives me my own siddha-deha, keeps me by the side of Kṛṣṇa, and then He completely destroys everything related to this mortal frame of mine."
743, Nāma-tattva,13.43,The mahā mantra is the medicine to destroy the disease of māyā,"enechi auṣadhi māyā nāśibāra lāgi'
 harināma-mahā-mantra lao tumi māgi'",Jīva Jāgo 4,,"Śrī Gauracandra is calling, ""I have brought you the hari-nāma mahā-mantra – the medicine to destroy the disease of māyā. Take these holy names, I beg of you!"""
744, Nāma-tattva,13.44,This supremely attractive mantra draws Śrī Kṛṣṇa towards the sādhaka,"nāma-saṅkīrtanaṁ proktaṁ / kṛṣṇasya prema-sampadi
 baliṣṭhaṁ sādhanaṁ śreṣṭhaṁ / paramākarṣa-mantravat
 tad eva manyate bhakteḥ / phalaṁ tad-rasikair janaiḥ
 bhagavat-prema-sampattau / sadaivāvyabhicārataḥ",Bṛhad-bhāgavatāmṛtam 2.3.164–5,,"""It is said that to obtain the wealth of prema for Śrī Kṛṣṇa, nāma-saṅkīrtana is the best and most powerful sādhana. This supremely attractive mantra draws Śrī Kṛṣṇa towards the sādhaka. Therefore rasika devotees of Bhagavān conclude that saṅkīrtana is the result of bhakti. It is unfailing in bestowing the wealth of bhāgavat-prema."""
745, Nāma-tattva,13.45,O mind! with pure devotion perform the kīrtana of the holy name,"paraṁ śrimat-padambhojaṁ sadā sangaty-apekṣaya
 nāma-sankirtana-prayaṁ viruddhā bhaktim ācara",Bṛhad-Bhagavatāmṛta 2.3.144,,"O mind! If you would take the example of a bee and take shelter in the lotus of the Lord's lotus feet, then with pure devotion you should perform the kīrtana of the holy name of the Lord."
746, Nāma-tattva,13.46,"Everything, (sādhya and sādhana) is included in hari-nāma-saṅkīrtana","sādhya-sādhana-tattva ye kichu sakala
 hari-nāma-saṅkīrtane milibe sakala",CB Ādi 14.143,,"""By congregationally chanting the holy names you achieve everything, including the goal of life and the process for attaining it."""
747, Nāma-tattva,13.47,nāma-gāne-sadā ruci,,,,"To constantly chant the name of Hari with the faith that śrī-nāma-bhajana is the topmost form of bhajana, is called nāma-gāne sadā ruciḥ, taste in chanting the holy name."
748, Nāma-tattva,13.48,What is the topmost worshipable object?,"upāsyera madhye kon upāsya pradhāna?'
 'śreṣṭha upāsya—yugala 'rādhā-kṛṣṇa' nāma'",CC Mad 8.256,"upāsyera—objects of worship; madhye—among; kon—which; upāsya—worshipable object; pradhāna—the chief; śreṣṭha—the chief; upāsya—worshipable object; yugala—the couple; rādhā-kṛṣṇa nāma—the holy name of Rādhā-Kṛṣṇa, or Hare Kṛṣṇa.","Śrī Caitanya Mahāprabhu asked, ""Among all worshipable objects, which is the chief?"" Rāmānanda Rāya replied, ""The highest worshipable object is the holy name of Rādhā and Kṛṣṇa, the Hare Kṛṣṇa mantra."""
749, Nāma-tattva,13.49,Śrī Kṛṣṇa tells the Moon-god,"mama nāma-śatenaiva / rādhā-nāma sad-uttamam
 yaḥ smaret tu sadā rādhām / na jāne tasya kiṁ phalam",Krama-dīpikā,,"""The name of Śrī Rādhā is superior to hundreds of My names. Even I cannot calculate the result achieved by constantly remembering Her name."""
750, Nāma-tattva,13.5,The holy name given to Gopa Kumāra by Jayanta,"śrī-kṛṣṇa gopāla hare mukunda
 govinda he nanda-kiśora kṛṣṇa
 hā śrī-yaśodā-tanaya prasīda
 śrī-ballavī-jīvana rādhikeśa",Śrī Bṛhad-bhāgavatāmṛtam 2. 4.7,śrī-kṛṣṇa—Śrī Kṛṣṇa; gopāla—Gopāla; hare—Hari; mukunda—Mukunda; govinda—Govinda; he—O!; nanda—of Nanda; kiśora—son; kṛṣṇa—Kṛṣṇa; hā—O!; śrī-yaśodā—of Yaśodā; tanaya—son; prasīda—be kind; śrī-ballavī—of the gopīs; jīvana—life; rādhikā—of Rādhikā; īśa—Lord [or rādhikeśa—He who is controlled by Śrīmati Rādhikā].,"""O Śrī Kṛṣṇa! Gopāla! Hari! Mukunda! Govinda! O son of Nanda! Kṛṣṇa! O son of Yaśodā! Life of the gopīs! Lord of Rādhikā! May you be pleased with me!"""
751, Nāma-tattva,13.51,The method of performing nāma-sādhana is to chant the holy name while feeling more humble than a blade of grass,"tṛṇād api sunīcena
 taror api sahiṣṇunā
 amāninā mānadena
 kīrtanīyaḥ sadā hariḥ
 

 ūrdhva-bāhu kari' kahoṅ, śuna sarva-loka
 nāma-sūtre gāṅthi' para kaṇṭhe ei śloka
 

 prabhu-ājñāya kara ei śloka ācaraṇa
 avaśya pāibe tabe śrī-kṛṣṇa-caraṇa",CC Ādi 17.31-3,tṛṇāt api—than downtrodden grass; su-nīcena—being lower; taroḥ—than a tree; iva—like; sahiṣṇunā—with tolerance; amāninā—without being puffed up by false pride; māna-dena—giving respect to all; kīrtanīyaḥ—to be chanted; sadā—always; hariḥ—the holy name of the Lord. ūrdhva-bāhu—raising my hands; kari'—doing so; kahoṅ—I declare; śuna—please hear; sarva-loka—all persons; nāma—of the holy name; sūtre—on the thread; gāṅthi—stringing; para—get it; kaṇṭhe—on the neck; ei—this; śloka—verse. prabhu—of the Lord; ājñāya—on the order; kara—do; ei śloka—of this verse; ācaraṇa—practice; avaśya—certainly; pāibe—he will get; tabe—afterwards; śrī-kṛṣṇa-caraṇa—the lotus feet of Lord Kṛṣṇa.,"Considering oneself to be even lower and more worthless than insignificant grass that has been trampled beneath everyone's feet, being more tolerant than a tree, being pride-less and offering respect to everyone according to their respective positions, one should continually chant the holy name of Śrī Hari. Raising My hands, I declare, ""Everyone please hear Me! For continuous remembrance, string this śloka on the thread of the holy name and wear it around your neck.'"" One must strictly follow the principles given by Śrī Caitanya Mahāprabhu in this verse. If one simply follows in the footsteps of Śrīman Mahāprabhu and the Gosvāmīs, he will certainly achieve the ultimate goal of life, the lotus feet of Śrī Kṛṣṇa."
752, Nāma-tattva,13.52,Those who don't engage in hearing and chanting are the most unfortunate,"daivena te hata-dhiyo bhavataḥ prasaṅgāt
 sarvāśubhopaśamanād vimukhendriyā ye
 kurvanti kāma-sukha-leśa-lavāya dīnā
 lobhābhibhūta-manaso 'kuśalāni śaśvat",SB 3.9.7,daivena—by fate of misfortune; te—they; hata-dhiyaḥ—bereft of memory; bhavataḥ—of You; prasaṅgāt—from the topics; sarva—all; aśubha—inauspiciousness; upaśamanāt—curbing down; vimukha—turned against; indriyāḥ—senses; ye—those; kurvanti—act; kāma—sense gratification; sukha—happiness; leśa—brief; lavāya—for a moment only; dīnāḥ—poor fellows; lobha-abhibhūta—overwhelmed by greed; manasaḥ—of one whose mind; akuśalāni—inauspicious activities; śaśvat—always.,"Those persons who refrain from the hearing and chanting of Your glories, which destroys all misfortune, and instead always engage in inauspicious activities, being obsessed with a desire for a particle of material sense enjoyment, are certainly wretched, for fate has stolen away their intelligence."
753, Nāma-tattva,13.53,Those who are materially engrossed cannot appreciate the holy name,"tac ca deha-draviṇa-janatā-lobha-pāṣaṇḍa-madhye
 nikṣiptaṁ syān na phala-janakaṁ śighram evātra vipra",Padma Purāṇa (Svarga-khaṇḍa 48.56),,"""O brāhmaṇa, if the Lord's holy name is cast among the atheists who are lustful towards the body, material possessions and family members, it will not quickly produce the fruit of love for Him."""
754, Nāma-tattva,13.54,One must first give up the false identification with this material body,"idaṁ śarīraṁ pariṇāma-peśalaṁ
 pataty avaśyaṁ śata-sandhi-jarjaram
 kim auṣadhaṁ pṛcchasi mūḍha durmate
 nirāmayaṁ kṛṣṇa-rasāyanaṁ piba",Mukunda-mālā 37,idam—this; śarīram—body; pariṇāma—as subject to transformation; peśalam—attractive; patati—falls down; avaśyam—inevitably; śata—hundreds; sandhi—joints; jarjaram—having become decrepit; kim—why; auṣadham—for medication; pṛcchasi—you are asking; mūḍha—deluded; durmate—O fool; nirāmayam—prophylactic; kṛṣṇa—of Kṛṣṇa; rasa-ayanam—the elixir; piba—just drink.,"This frail body, which is made of five elements and connected by hundreds of joints, is certain to decline and succumb to death. Consequently, the body will be burnt to ashes or will become food for worms and transformed into excrement. O foolish and wicked mind, you have decorated such a disgusting body with a senseless attachment. The elixir of śrī-kṛṣṇa-nāma is the only powerful medicine to cure this disease of material existence. You should constantly drink it by incessantly chanting Kṛṣṇa's holy name."
755, Nāma-tattva,13.55,,"śrutvāpi nāma-māhātmye / yaḥ prīti-rahito naraḥ
 ahaṁ-mamādi-paramo / nāmni so 'py aparādha-kṛt",Padma Purāṇa,śrute—who have heard; api—even; nāma—the holy name; māhātmye—theglories; yaḥ—are; prīti—love; rahitaḥ—devoid; naraḥ—a person; aham—false ego; mamādi—mine etc; paramaḥ—supreme; nāmni—the holy name of the Lord; saḥ—he; api—even; aparādha—offense; kṛt—doing.,"Those who, in spite of hearing the astonishing glories of the holy name, maintain the conception that 'I am this material body' (dehātma-buddhi) and that worldly objects are 'mine' [ahaṁ mameti] and who display no persistence in or love for the utterance of the holy name – the Hare Kṛṣṇa mahā-mantra – are also offenders to the holy name."
756, Nāma-tattva,13.56,,"bahu janma kare yadi śravaṇa, kīrtana
 tabu ta' nā pāya kṛṣṇa-pade prema-dhana",CC 8.24.16,bahu—many; janma—births; kare—does; yadi—if; śravaṇa—hearing; kīrtana—chanting; tabu—still; ta'—in spite of; nā—does not; pāya—get; kṛṣṇa-pade—unto the lotus feet of Kṛṣṇa; prema-dhana—love of Godhead.,"""If one is infested with the ten offenses in the chanting of the Hare Kṛṣṇa mahā-mantra, despite his endeavor to chant the holy name for many births, he will not get the love of Godhead that is the ultimate goal of this chanting."""
757, Nāma-tattva,13.57,The ten offenses to the Holy Name,"1. satāṁ nindā nāmnaḥ paramam aparādhaṁ vitanute
 yataḥ khyātiṁ yātaṁ katham u sahate tad-vigarhām
 

 2. śivasya śrī-viṣṇor ya iha guṇa-nāmādi-sakalaṁ
 dhiyā bhinnaṁ paśyet sa khalu hari-nāmāhita-karaḥ
 

 3. guror avajñā
 

 4. śruti-śāstra-nindanam
 

 5. artha-vādaḥ
 

 6. hari-nāmni kalpanam
 

 7. nāmno balād yasya hi pāpa-buddhir
 na vidyate tasya yamair hi śuddhiḥ
 

 8. dharma-vrata-tyāga-hutādi-sarva-
 śubha-kriyā-sāmyam api pramādaḥ
 

 9. aśraddadhāne vimukhe 'py aśṛṇvati
 yaś copadeśaḥ śiva-nāmāparādhaḥ
 

 10. śrute 'pi nāma-māhātmye yaḥ prīti-rahito naraḥ
 ahaṁ-mamādi-paramo nāmni so 'py aparādha-kṛt",Padma Purāṇa,1. satām—devotees of the Lord; nindā—blaspheme; nāmnaḥ—the holy name; paramam—the greatest; aparādham—offense; vitanute—is; yataḥ khyātiṁ yātam—who are engaged in preaching the glories of the Lord; katham u sahate—will never tolerate; tad-vigarhām—such blasphemous activities. 2. śivasya—the name of Lord Śiva; śrī-viṣṇoḥ—Lord Viṣṇu; yaḥ—who; iha—in this material world; guṇa—qualities; nāma—name; ādi-sakalam—everything; dhiyā—with the conception; bhinnam—difference; paśyet—may see; saḥ—he; khalu—indeed; hari-nāmā—the holy name of the Lord; ahita-karaḥ—offender. 3. guroḥ—the spiritual master; avajñā—a material conception of. 4. śruti-śāstra-nindanam—to blaspheme Vedic literature. 5. artha-vādaḥ—to give some interpretation. 6. hari-nāmni—the holy name; kalpanam—imaginary. 7. nāmnaḥ—the holy name; balād—on the strength; yasya—of who; hi—indeed; pāpa—sin; buddhiḥ—conception; na—not; vidyate—is; tasya—of him; yamaiḥ—by austerities; hi—indeed; śuddhiḥ—purification. 8. dharma—religious performances or pious deeds; vrata—vows of penance and austerity; tyāga—renunciation; huta—agnihotra yajñas or sacrificial offerings; ādi—etc.; sarva—all; śubha—auspicious; kriyā—activities; sāmyam—equality; api—also; pramādaḥ—inattentive. 9. aśraddadhāne—faithless; vimukhe—reluctant; api—even; aśṛṇvati—does not want to hear; yaḥ—one who; ca—and; upadeśaḥ—instruction; śiva—auspicious; nāmāparādhaḥ—offense to the holy name. 10. śrute—who have heard; api—even; nāma—the holy name; māhātmye—theglories; yaḥ—are; prīti—love; rahitaḥ—devoid; naraḥ—a person; aham—false ego; mamādi—false possessions; paramaḥ—supreme; nāmni—the holy name of the Lord; saḥ—he; api—even; aparādha—offense; kṛt—doing.,"1. To blaspheme devotees who have dedicated their lives to chanting the holy name of the Lord. The holy name, who is identical with Kṛṣṇa, will never tolerate such blasphemous activities. 2. To consider the names of Lord Śiva or Lord Brahmā to be on an equal level with the holy name of Lord Viṣṇu. 3. To disobey the orders of the spiritual master or to consider him an ordinary person. 4. To blaspheme the Vedic literatures or literatures in pursuance of the Vedic version. 5. To give some interpretation on the holy name of the Lord. 6. To consider the glories of the holy name of the Lord as imagination. 7. To think that the Hare Kṛṣṇa mantra can counteract all sinful reactions and one may therefore go on with his sinful activities and at the same time chant the Hare Kṛṣṇa mantra to neutralize them is the greatest offense at the lotus feet of Hari-nāma. 8. To consider the chanting of the Hare Kṛṣṇa mahā-mantra to be one of the auspicious ritualistic mantras mentioned in the Vedas as fruitive activity. 9. It is an offense to preach the glories of the holy name of the Lord to the faithless. 10. If one has heard the glories of the transcendental holy name of the Lord but nevertheless continues in a materialistic concept of life, thinking ""I am this body and everything belonging to this body is mine [ahaṁ mameti],"" and does not show respect and love for the chanting of the Hare Kṛṣṇa mahā-mantra, that is an offense."
758, Nāma-tattva,10b,,api pramādaḥ,,api—also; pramādaḥ—inattentive.,It is also an offense to be inattentive while chanting. Inattentive chanting [without absorption] is the root cause of all offences.
759, Nāma-tattva,13.58,There is no consideration of offence in chanting the names of Gaura-nitai,"caitanya-nityānande nāhi esaba vicāra
 nāma laite prema dena, vahe aśrudhāra",CC Ādi 8.31,caitanya-nityānande—when chanting the holy names of Lord Caitanya and Nityānanda; nāhi—there are not; esaba—all these; vicāra—considerations; nāma—the holy name; laite—simply by chanting; prema—ecstatic love of God; dena—they give; vahe—there is a flow; aśru-dhāra—tears in the eyes.,"If one only chants, with some slight faith, the holy names of Lord Caitanya and Nityānanda, very quickly he is cleansed of all offenses. Thus as soon as he chants the Hare Kṛṣṇa mahā-mantra, he feels the ecstasy of love for God and tears flow from his eyes."
760, Nāma-tattva,13.59,,"gaura-nāma na laiyā, jei kṛṣṇa bhaje giyā, / sei kṛṣṇa bahu kāle pāya
 gaura-nāma laya jei, sadya kṛṣṇa pāya sei, / aparādha nāhi rahe tāya",Śrī Navadvipa Dhāma Mahātmya,na laiyā—without uttering; gaura-nāma—Śrī Gaura's names; jei—who; kṛṣṇa—Kṛṣṇa's names; bhaje—adores; giyā—singing; sei—he; kṛṣṇa-kṛṣṇa; bahu kale—after a long time; pāya—attains; gaura-nāma—Gaura's names; laya—utters; jei—he; sadya—at once; kṛṣṇa—Śrī Kṛṣṇa; pāya—attains; sei—he; aparādha—offense; nāhi—not; rahe—remain; tāya—in him.,One who does not utter the names of Gaura yet worship Śrī Krṣna and sings His names attains Ḥis shelter only after a long time. However one who utters Gaura's names at once attains Śrī Kṛṣṇa. Offense does not remain in His heart.
761, Nāma-tattva,13.6,Definition of Saṅkīrtana,sarvato bhāvena kīrtana—saṅkīrtana,Anuvṛtti commentary on Śrī Śikṣāṣṭaka,"sarvataḥ—in every way, completely; bhavena—moods; kīrtana—chanting, glorifying; saṁ—sambandha [knowledge of one's relationship with Kṛṣṇa]; kīrtana— audible chanting and glorifying of Kṛṣṇa's names, form, qualities and pastimes.","Saṅkīrtana means complete kīrtana, or in other words, kīrtana that is performed in full knowledge of sambandha-jñāna and free from all anarthas and aparādhas."
762, Nāma-tattva,13.61,,bahubhir militvā tad-gāna-sukhaṁ śrī-kṛṣṇa-gānaṁ,Krama San.,,"When many people blissfully chant the name of the Lord in a loud voice with faith, for the pleasure of Śrī Kṛṣṇa, it is called saṅkīrtana."
763, Nāma-tattva,13.62,Definition of Kīrtana,nāma-līlā-guṇādīnām uccair bhāṣā tu kīrtana,BRS 1.2.145,,"Kīrtana is defined as loudly giving voice to the glories of the Lord, beginning with the names, pastimes, and qualities of Kṛṣṇa."
764, Nāma-tattva,13.63,The symptom of Japa,"mano madhye sthito mantro
 mantro madhye sthito manaḥ
 mano mantraṁ sama-yuktaṁ
 eta dhi japa-lakṣaṇam",source unknown,,"When the mantra is situated in the mind and the mind is situated in the mantra, then the mind and the mantra become one. This is the symptom of japa."
765, Nāma-tattva,13.64,Loud kīrtana is a hundred times better than silent japa,"japato hari-nāmāni / sthāne śata-gunādhika
 ātmānaṁ ca punāty uccair / japau śrotṛn punāti ca",Nāradīya Purāṇa,,"Someone who chants the Holy Names aloud is a hundred times better than one who performs silent japa in a solitary place, because he who chants japa silently simply benefits himself, while the person who chants japa aloud benefits all those who hear him as well."
766, Nāma-tattva,13.65,"Nāma saṅkīrtana is the best means for success, whether one is a karmī, jñāni, yogī or bhakta","etan nirvidyamānānām
 icchatām akuto-bhayam
 yogināṁ nṛpa nirṇītaṁ
 harer nāmānukīrtanam",SB 2.1.11,"etat—it is; nirvidyamānānām—of those who are completely free from all material desires; icchatām—of those who are desirous of all sorts of material enjoyment; akutaḥ-bhayam—free from all doubts and fear; yoginām—of all who are self-satisfied; nṛpa—O King; nirṇītam—decided truth; hareḥ—of the Lord, Śrī Kṛṣṇa; nāma—holy name; anu—in ānugatya (following after the guidance of Guru and sādhu); always; kīrtanam—chanting.","""O King, constant chanting of the holy name of the Lord after the ways of the great authorities is the doubtless and fearless way of success for all, including those who are free from all material desires, those who are desirous of all material enjoyment, and also those who are self-satisfied by dint of transcendental knowledge."""
767, Nāma-tattva,13.66,Chanting the holy name without offences easily bestows Kṛṣṇa-prema,"tāra madhye sarva-śreṣṭha nāma-saṅkīrtana
 niraparādhe nāma laile pāya prema-dhana",CC Antya 4.71,tāra madhye—of the nine different types of devotional service; sarva-śreṣṭha—the most important of all; nāma-saṅkīrtana—chanting of the holy name of the Lord; niraparādhe—without offenses; nāma laile—if one chants the holy name; pāya—he gets; prema-dhana—the most valuable ecstatic love of Kṛṣṇa.,"Of all the different types of spiritual practices, the nine forms of bhakti (śravaṇaṁ, kīrtanaṁ, etc.) are the best because they have tremendous power to deliver Kṛṣṇa and kṛṣṇa-prema. Of these nine practices, nāma-saṅkīrtana is the best. By chanting śrī-kṛṣṇa-nāma without offences, one obtains the priceless treasure of prema."
768, Nāma-tattva,13.67,The superiority of kīrtana over smaraṇa is described in Vaiṣṇava-cintāmaṇi,"agha-cchit-smaraṇaṁ viṣṇor
 bahv-āyāsena sādhyate
 oṣṭha-spandana-mātreṇa
 kīrtanaṁ tu tato varam",Hari-bhakti-vilāsa 11.236,,Through performing smaraṇa (contemplation) of Viṣṇu sins are destroyed only after great endeavor. However simply by vibrating His names upon one's lips the same result is achieved. Kīrtana is thus superior.
769, Nāma-tattva,13.68,Smaraṇa must be performed in conjunction with saṅkīrtana,"ataeva yady apy anyā bhaktiḥ kalau kartavyā
 tadā kīrtanākhyā bhakti-saṁyogenaiva",Bhakti San. 273,,"This means that although in Kali yuga it is necessary to perform the other eight limbs of devotional service, they must be performed in conjunction with the chanting of the holy name (kīrtana). By this method, bhakti is fully accomplished."
770, Nāma-tattva,13.69,Kīrtana is superior to smaraṇa,"manyāmahe kīrtanam eva sattamaṁ
 lolātmakaika-sva-hṛdi smarāt smṛteḥ
 vāci sva-yukte manasi śrutau tathā
 divyāt parān apy apakurvad ātmya-vat",Bṛhad Bhāgavatāmṛtam. 2.3.148,manyāmahe—we think; kīrtanam—glorification; eva—indeed; sattamam—the best; lola-ātmaka—fickle; eka-sva-hṛdi—in the heart; smarat—remembering; smṛteḥ—from the memeory; vaci—in the voice; sva-yukte—engaged; manasi—in the mind; śrutau—remembered; tathā—so; divyāt—shining; parān—others; api—also; apakurvat—drags; ātmya—the self; vat—like.,"We think that because it engages the voice, ears, and mind, and because it attracts others as it does oneself, glorifying the Lord is better than remembering the Lord with the fickle mind."
771, Nāma-tattva,13.7,Smaraṇa will come gradually as a result of performing kīrtana,"kīrtana-prabhāve, smaraṇa haibe,
 se kāle bhajana-nirjana sambhava.",Mahājana-racita-gīta,kīrtana-prabhāve—by the power of the chanting; smaraṇa—remembering the Lord's pastimes; smaraṇa—remembrance; haibe—will be possible; se kāle—at that time; bhajana-nirjana—worship in solitude; sambhava—possible.,"By the influence of kīrtana, one may gradually come to the exalted stage of smaraṇam, wherein one constantly remembers the pastimes of Kṛṣṇa within one's mind. Nirjana-bhajana is conceivable only after attaining this advanced level of Kṛṣṇa-bhakti."
772, Nāma-tattva,13.71,Saṅkīrtana is the best way to glorify Kṛṣṇa,"kṛṣṇasya nānā-vidha-kīrtaneṣu
 tan-nāma-saṅkīrtanam eva mukhyam
 tat-prema-sampaj-janane svayaṁ drāk
 śaktaṁ tataḥ śreṣṭhatamaṁ mataṁ tat",Brhad Bhag. 2.3.158,kṛṣṇasya—of Lord Kṛṣṇa; nānā—many; vidha—kinds; kīrtaneṣu—in glorification; tan-nāma-saṅkīrtanam—glorifying His holy name; eva—certainly; mukhyam—first; tat-prema-sampaj-janane—creating the opulence of love; svayam—personally; drāk—speedily; śaktam—able; tataḥ—then; śreṣṭhatamam—best; matam—considered; tat—that.,"Of the many ways to glorify Lord Kṛṣṇa, chanting His holy name is the first. Because it has the power to give the great wealth of pure love for Him, it is considered the best."
773, Nāma-tattva,13.72,,"aho bata śva-paco 'to garīyān
 yaj-jihvāgre vartate nāma tubhyam
 tepus tapas te juhuvuḥ sasnur āryā
 brahmānūcur nāma gṛṇanti ye te",SB 3.33.7,"aho bata—oh, how glorious; śva-pacaḥ—a dog-eater; ataḥ—hence; garīyān—worshipable; yat—of whom; jihvā-agre—on the tip of the tongue; vartate—is; nāma—the holy name; tubhyam—unto You; tepuḥ tapaḥ—practiced austerities; te—they; juhuvuḥ—executed fire sacrifices; sasnuḥ—took bath in the sacred rivers; āryāḥ—Āryans; brahma anūcuḥ—studied the Vedas; nāma—the holy name; gṛṇanti—accept; ye—they who; te—Your.","""'My dear Lord, anyone who always keeps Your holy name on his tongue is greater than an initiated brāhmaṇa. Although he may be born in a family of dog-eaters and therefore, by material calculations, is the lowest of men, he is glorious nevertheless. That is the wonderful power of chanting the holy name of the Lord. One who chants the holy name is understood to have performed all kinds of austerities. He has studied all the Vedas, he has performed all the great sacrifices mentioned in the Vedas, and he has already taken his bath in all the holy places of pilgrimage. It is he who is factually the Āryan.'"""
774, Nāma-tattva,13.73,,"tasmāt saṅkīrtanaṁ viṣṇor / jagan-maṅgalam aṁhasām
 mahatām api kauravya / viddhy aikāntika-niṣkṛtam",SB 6.3.31,tasmāt—therefore; saṅkīrtanam—the congregational chanting of the holy name; viṣṇoḥ—of Lord Viṣṇu; jagat-maṅgalam—the most auspicious performance within this material world; aṁhasām—for sinful activities; mahatām api—even though very great; kauravya—O descendant of the Kuru family; viddhi—understand; aikāntika—the ultimate; niṣkṛtam—atonement.,"Śukadeva Gosvāmī continued: My dear King, the chanting of the holy name of the Lord is able to uproot even the reactions of the greatest sins. Therefore the chanting of the saṅkīrtana movement is the most auspicious activity in the entire universe. Please try to understand this so that others will take it seriously."
775, Nāma-tattva,13.74,,"kaliṁ sabhājayanty āryā / guṇa jñāḥ sāra-bhāginaḥ
 yatra saṅkīrtanenaiva / sarva-svārtho 'bhilabhyate",SB 11.5.36,kalim—the age of Kali; sabhājayanti—they praise; āryāḥ—progressive souls; guṇa-jñaḥ—who know the true value (of the age); sāra-bhāginaḥ—who are able to pick out the essence; yatra—in which; saṅkīrtanena—by the congregational chanting of the holy names of the Supreme Lord; eva—merely; sarva—all; sva-arthaḥ—desired goals; abhilabhyate—are attained.,Those who are actually advanced in knowledge are able to appreciate the essential value of this age of Kali. Such enlightened persons worship Kali-yuga because in this fallen age all perfection of life can be easily achieved by the performance of saṅkīrtana.
776, Nāma-tattva,13.75,,"nāma-saṅkīrtanaṁ yasya / sarva-pāpa praṇāśanam
 praṇāmo duḥkha-śamanas / taṁ namāmi hariṁ param",SB 12.13.23,nāma-saṅkīrtanam—the congregational chanting of the holy name; yasya—of whom; sarva-pāpa—all sins; praṇāśanam—which destroys; praṇāmaḥ—the bowing down; duḥkha—misery; śamanaḥ—which subdues; tam—to Him; namāmi—I offer my obeisances; harim—to Lord Hari; param—the Supreme.,"I offer my respectful obeisances unto the Supreme Lord, Hari, the congregational chanting of whose holy names destroys all sinful reactions, and the offering of obeisances unto whom relieves all material suffering."
777, Nāma-tattva,13.77,Gaurasundara's Followers Preach the Holy Name to whoever the meet,"yāre dekha, tāre kaha 'kṛṣṇa'-upadeśa
 āmāra ājñāya guru hañā tāra' ei deśa",CC Mad 7.128,"yāre—whomever; dekha—you meet; tāre—him; kaha—tell; kṛṣṇa-upadeśa—the instruction of the Bhagavad-gītā as it is spoken by the Lord or of Śrīmad-Bhāgavatam, which advises one to worship Śrī Kṛṣṇa; āmāra ājñāya—under My order; guru hañā—becoming a spiritual master; tāra'—deliver; ei deśa—this country.","Instruct whoever you meet in the science of Kṛṣṇa. Teach them the instructions of Kṛṣṇa in Bhagavad-gītā, and the teachings about Kṛṣṇa in Śrīmad-Bhāgavatam. In this way, on my order, become a Guru and liberate everyone in the land."
778, Nāma-tattva,13.78,"In every town and village, the chanting of My name will be heard","pṛthivīte āche yata nagarādi grāma
 sarvatra pracāra haibe mora nāma",CB Antya 4.126,pṛthivīte—on the face of the earth; āche—are; yata—as many; nagara-ādi grāma—cities and villages; sarvatra—everywhere; pracāra haibe—will be preached; mora nāma—My holy name.,"In every town and village, the chanting of My name will be heard. In as many towns and villages as there are on the surface of the earth, My Holy Name will be chanted."
779, Nāma-tattva,13.79,He who has life can preach,"prāṇa āche yā'ra, se hetu pracāra",Duṣta mana! Śrīla Bhaktisiddhānta Sarasvatī Prabhupāda,,He who has life can preach. Those who have spiritual vitality can preach and instill spiritual life in their audience [preaching is the symptom of spiritual vitality].
780, Nāma-tattva,13.8,Kali-yuga is an ocean of faults but simply by chanting the holy name one can counteract all faults and attain perfection,"kaler doṣa-nidhe rājann
 asti hy eko mahān guṇaḥ
 kīrtanād eva kṛṣṇasya
 mukta-saṅgaḥ paraṁ vrajet",SB 12.3.51,kaleḥ—of the age of Kali; doṣa-nidheḥ—in the ocean of faults; rājan—O King; asti—there is; hi—certainly; ekaḥ—one; mahān—very great; guṇaḥ—good quality; kīrtanāt—by chanting; eva—certainly; kṛṣṇasya—of the holy name of Kṛṣṇa; mukta-saṅgaḥ—liberated from material bondage; param—to the transcendental spiritual kingdom; vrajet—one can go.,"My dear King, although Kali-yuga is an ocean of faults, there is still one good quality about this age: Simply by chanting the Hare Kṛṣṇa mahā-mantra, one can become free from material bondage and go to the transcendental abode."
781, Nāma-tattva,13.81,In Kali-yuga everyone is unfortunate and always disturbed,"prāyeṇālpāyuṣaḥ sabhya / kalāv asmin yuge janāḥ
 mandāḥ sumanda-matayo / manda-bhāgyā hy upadrutāḥ",SB 1.1.10,prāyeṇa—almost always; alpa—meager; āyuṣaḥ—duration of life; sabhya—member of a learned society; kalau—in this age of Kali (quarrel); asmin—herein; yuge—age; janāḥ—the public; mandāḥ—lazy; sumanda-matayaḥ—misguided; manda-bhāgyāḥ—unlucky; hi—and above all; upadrutāḥ—disturbed.,"O learned one, in this iron age of Kali men have but short lives. They are quarrelsome, lazy, misguided, unlucky and, above all, always disturbed."
782, Nāma-tattva,13.82,"However, everyone can be freed by simply chanting the holy name","āpannaḥ saṁsṛtiṁ ghorāṁ / yan-nāma vivaśo gṛṇan
 tataḥ sadyo vimucyeta / yad bibheti svayaṁ bhayam",SB 1.1.14,āpannaḥ—being entangled; saṁsṛtim—in the hurdle of birth and death; ghorām—too complicated; yat—what; nāma—the absolute name; vivaśaḥ—unconsciously; gṛṇan—chanting; tataḥ—from that; sadyaḥ—at once; vimucyeta—gets freedom; yat—that which; bibheti—fears; svayam—personally; bhayam—fear itself.,"Living beings who are entangled in the complicated meshes of birth and death can be freed immediately by even unconsciously chanting the holy name of Kṛṣṇa, which is feared by fear personified."
783, Nāma-tattva,13.83,Kṛṣṇa became Nāma-rūpa and Gaurāṅga,"baddha-jīve kṛpā kari kṛṣṇa haila nāma
 kali-jīve dayā kari kṛṣṇa haila gauradhāma",Śrī Caitanya Mahāprabhu's Bhagavtā Pramāṇa (Hindi),,"Being merciful on the jīvas who are bound within this age of quarrel, Śrī Kṛṣṇa has become nāma-rūpa; then feeling still more compassion, He also became Gaura and Śrī Gauradhāma (Navadvīpa)."
784, Nāma-tattva,13.84,I do not dwell in Vaikuṇṭha nor in the hearts of the yogīs. I reside only in the heart of My devotees who glorify Me,"nāhaṁ tiṣṭhāmi vaikuṇṭhe / yogināṁ hṛdayeṣu vā
 yatra gāyanti mad-bhaktāḥ / tatra tiṣṭhāmi nārada
 

 (or, another version:)
 nāhaṁ vasāmi vaikuṇṭhe / yogināṁ hṛdayena ca
 mad-bhaktā yatra gāyanti / tatra tiṣṭhāmi nārada",Padma Purāṇa,na—not; aham—I; tiṣṭhāmi [vasāmi]—reside; vaikuṇṭhe—in Vaikuṇṭha; yoginām—of the yogīs; hṛdayeṣu—in the hearts; vā—either; [ca—and;] yatra—where; gāyanti—they sing about Me; mat-bhaktāḥ—My devotees; tatra—at the respective places; tiṣṭhāmi—I remain; nārada—O Nārada.,"O Nārada, I do not dwell in Vaikuṇṭha nor am I in the hearts of the yogīs. I reside where My devotees glorify My name, form, qualities and transcendental pastimes."
785, Nāma-tattva,13.85,The experience of one's internal spiritual form (svarūpa) required for the culture of rāgānuga-bhakti proper is revealed by the grace of Kṛṣṇa-nāma,"īsāt vikaśi punaḥ dekhāya nija-rūpa-guṇa / citta hari laya kṛṣṇa pāśa
 pūrṇa-vikaśita haña vraje more jāya lañā / dekhāya nija-svarūpa-vilāsa",Kṛṣṇa-nāma dhare kata bala,,"""When the name is even slightly revealed, it shows me my own spiritual form and characteristics. It steals my mind and takes it to Kṛṣṇa's side. When the name is fully revealed, it takes me directly to Vraja, where it shows me my personal role in the eternal pastimes."""
786, Nāma-tattva,13.86,The Gāyatrī mantras are essential to help purify one's chanting of Harināma,"kāma-gāyatrī-mantra-rūpa, haya kṛṣṇera svarūpa,
 sārdha-cabbiśa akṣara tāra haya
 se akṣara 'candra' haya, kṛṣṇe kari' udaya,
 tri-jagat kailā kāmamaya",CC Mad 21.125,kāma-gāyatrī-mantra-rūpa—the hymn known as Kāma-gāyatrī; haya—is; kṛṣṇera svarūpa—identical with Kṛṣṇa; sārdha-cabbiśa—twenty-four and a half; akṣara—syllables; tāra—of that; haya—are; se akṣara—these syllables; candra haya—are like the moon; kṛṣṇe—Lord Kṛṣṇa; kari' udaya—awakening; tri-jagat—the three worlds; kailā—made; kāma-maya—full of desire.,"Kṛṣṇa, the Supreme Personality of Godhead, is identical with the Vedic hymn known as the Kāma-gāyatrī, which is composed of twenty-four and a half syllables. Those syllables are compared to moons that arise in Kṛṣṇa. Thus all three worlds are filled with desire."
787, Nāma-tattva,13.87,,"vṛndāvane 'aprākṛta navīna madana'
 kāma-gāyatrī kāma-bīje yāṅra upāsana",CC Mad 8.138,vṛndāvane—in Vṛndāvana; aprākṛta—spiritual; navīna—new; madana—Cupid; kāma-gāyatrī—hymns of desire; kāma-bīje—by the spiritual seed of desire called klīm; yāṅra—of whom; upāsana—the worship.,"In the spiritual realm of Vṛndāvana, Kṛṣṇa is the spiritual, ever-fresh Cupid. He is worshiped by the chanting of the Kāma-gāyatrī-mantra, with the spiritual seed klīm."
788, Nāma-tattva,13.88,"The Śrutis state that Oṁ and Kliṁ are synonymous, therefore kāma-bīja indicates Rādhā-Kṛṣṇa tattva","tasmād oṁkāra-sambhūto
 gopālo viśva-sambhavaḥ
 klīm oṁkārasya caikatvaṁ
 paṭhyate brahma-vādibhiḥ",Uttara-gopāla-tāpanī Upaniṣad 13,,"Oṁkāra, the sacred syllable oṁ, is the perfect and complete truth, the combination of potency and the possessor of potency. It is non-different from Gopāla, from whom the entire universe has arisen. Those who know the Absolute Truth, Brahman, regard oṁkāra and klīṁ as synonyms. Consequently, oṁkāra is Gopāla and klīṁ is also oṁkāra. Therefore kāma-bīja indicates Rādhā-Kṛṣṇa-tattva. (klīṁ is the kāmātmaka svarūpa of oṁ)"
789, Nāma-tattva,13.89,,"kṛṣṇa-nāmera phala—'premā', sarva-śāstre kaya
 bhāgye sei premā tomāya karila udaya",CC Ādi 7.86,kṛṣṇa-nāmera—of the holy name of the Lord; phala—result; premā—love of Godhead; sarva—in all; śāstre—revealed scriptures; kaya—describe; bhāgye—fortunately; sei—that; premā—love of Godhead; tomāya—Your; karila—has done; udaya—arisen.,The conclusion of all revealed scriptures is that one should awaken his dormant love of Godhead by chanting the holy name. You are greatly fortunate to have already done so.
790, Nāma-tattva,13.9,The history of Ajāmila,"mriyamāṇo harer nāma / gṛṇan putropacāritam
 ajāmilo 'py agād dhāma / kim uta śraddhayā gṛṇan",SB 6.2.19,mriyamāṇaḥ—at the time of death; hareḥ nāma—the holy name of Hari; gṛṇan—chanting; putra-upacāritam—indicating his son; ajāmilaḥ—Ajāmila; api—even; agāt—went; dhāma—to the spiritual world; kim uta—what to speak of; śraddhayā—with faith and love; gṛṇan—chanting.,"While suffering at the time of death, Ajāmila chanted the holy name of the Lord, and although the chanting was directed toward his son, he nevertheless returned home, back to Godhead. Therefore if one faithfully and inoffensively chants the holy name of the Lord, where is the doubt that he will return to Godhead?"
791, Nāma-tattva,13.91,Yamarāja takes only those who fail to chant the holy name,"jihvā na vakti bhagavad-guṇa-nāmadheyaṁ
 cetaś ca na smarati tac-caraṇāravindam
 kṛṣṇāya no namati yac-chira ekadāpi
 tān ānayadhvam asato 'kṛta-viṣṇu-kṛtyān",SB 6.3.29,jihvā—the tongue; na—not; vakti—chants; bhagavat—of the Supreme Personality of Godhead; guṇa—transcendental qualities; nāmadheyam—and the nomenclature; cetaḥ—the heart; ca—also; na—not; smarati—remembers; tat—His; caraṇa-aravindam—lotus feet; kṛṣṇāya—unto Lord Kṛṣṇa through His Deity in the temple; no—not; namati—bows; yat—whose; śiraḥ—head; ekadā api—even once; tān—them; ānayadhvam—bring before me; asataḥ—the nondevotees; akṛta—not performing; viṣṇu-kṛtyān—duties toward Lord Viṣṇu.,"My dear servants, please bring to me only those sinful persons who do not use their tongues to chant the holy name and qualities of Kṛṣṇa, whose hearts do not remember the lotus feet of Kṛṣṇa even once, and whose heads do not bow down even once before Lord Kṛṣṇa. Send me those who do not perform their duties toward Viṣṇu, which are the only duties in human life. Please bring me all such fools and rascals."
792, Nāma-tattva,13.92,Hearing the holy name only once frees one from material contamination,"na hi bhagavann aghaṭitam idaṁ
 tvad-darśanān nṛṇām akhila-pāpa-kṣayaḥ
 yan-nāma sakṛc chravaṇāt
 pukkaśo 'pi vimucyate saṁsāra",SB 6.16.44,"na—not; hi—indeed; bhagavan—O my Lord; aghaṭitam—not occurred; idam—this; tvat—of You; darśanāt—by seeing; nṛṇām—of all human beings; akhila—all; pāpa—of sins; kṣayaḥ—annihilation; yat-nāma—whose name; sakṛt—only once; śravaṇāt—by hearing; pukkaśaḥ—the lowest class, the caṇḍāla; api—also; vimucyate—is delivered; saṁsārāt—from the entanglement of material existence.","My Lord, it is not impossible for one to be immediately freed from all material contamination by seeing You. Not to speak of seeing You personally, merely by hearing the holy name of Your Lordship only once, even caṇḍālas, men of the lowest class, are freed from all material contamination. Under the circumstances, who will not be freed from material contamination simply by seeing You?"
793, Nāma-tattva,13.93,,"mat-kathā-vācakaṁ nityaṁ mat-kathā-śravaṇe ratam
 mat-kathā-prīti-manasaṁ nāhaṁ tyakṣyāmi taṁ naram",Bhakti Sandarbha 269,,"In the Viṣṇu-dharma Purāṇa and Skanda Purāṇa the Supreme Lord declares: ""I will never leave any person who always recounts My glories, or delights in hearing My glories, or whose heart enjoys descriptions of My glories."""
794, Nāma-tattva,13.94,,tārakāj jāyate muktiḥ samādhiketi bhavaḥ,Śrī Kṛṣṇa Sandarbha 256,tārakāt—from the liberator; jāyate—is generated; muktiḥ—liberation; samādhikā—greater; iti—thus; bhāvaḥ—the meaning.,"From chanting the holy name of Lord Kṛṣṇa, one attains pure love of God, which makes the happiness of liberation seem very insignificant."
795, Nāma-tattva,13.95,,"nāmnāṁ mukhyatamaṁ nāma
 kṛṣṇākhyaṁ me parantapeti",Sri Kṛṣṇa Sandarbha 257,nāmnām—of names; mukhyatamam—most important; nāma—name; kṛṣṇa-ākhyam—the name Kṛṣṇa; me—My; parantapa—O subduer of the enemies (Arjuna); iti—thus.,"O Arjuna, of all My holy names, the name Kṛṣṇa is the most important."
796, Nāma-tattva,13.96,Śrī Nāma Vandanā,"jayati jayati nāmānanda-rūpaṁ murārer
 viramita-nija-dharma-dhyāna-pūjādi-yatnam
 katham api sakṛd āttaṁ mukti-daṁ prāṇināṁ yat
 paramamṛtam ekaṁ jīvanaṁ bhūṣaṅaṁ me",Śrī Bṛhad-Bhāgvatāmṛta 1.9,"jayati jayati—all glories, all glories; nāma-ānanda—as the all-ecstatic name; rūpam—to the form; murāreḥ—of Lord Murāri (Kṛṣṇa); viramita—giving up; nija—of one's own; dharma—social duties; dhyāna—meditation; pūjā-ādi—ritual worship and so on; yatnam—the endeavors; katham api—somehow or other; sakṛt—just once; āttam—taken; mukti-dam—giving liberation; prāṇinām—to living entities; yat—which; paramam—the greatest; amṛtam—eternal nectar; ekam—the only; jīvanam—means of livelihood; bhūṣaṇam—ornament; me—my.","All glories, all glories to Kṛṣṇa-Murāri's name, the embodiment of divine bliss! It halts the cycle of birth and death and relieves one of all painful endeavors in practicing religion, meditation, charity, deity worship, and austerity. It awards liberation to one who utters it even once. Kṛṣṇa-nāma stands alone as the supreme nectar and sole treasure of my life."
797, Nāma-tattva,13.98,,"rādheti nāma nava-sundara-sīdhu mugdhaṁ
 kṛṣṇeti nāma maḍhurādbhuta-gāḍha-dugdham
 sarva-kṣaṇaṁ surabhi-rāga-himena ramyaṁ
 kṛtvā tadaiva piba me rasane kṣud-ārte",Śrī Stavāvalī,rādhā—Rādhā; iti—thus; nāma—name; nava—fresh; sundara—delicious; sīdhu—nectar; mugdham—charming; kṛṣṇa—Kṛṣṇa; iti—thus; nāma—name; maḍhura—sweet; adbhuta—wonderful; gāḍha—thick; dugdham—milk; sarva—at every; kṣaṇam—moment; surabhi—fragrant; rāga—of love; himena—with the ice; ramyam—pleasing; kṛtvā—doing; tadā—then; eva—certainly; piba—please drink; me—of me; rasane—O tongue; kṣud-ārte—tortured by thirst.,"""O tongue tortured by thirst, please mix the delicious nectar of the name Rādhā with the wonderfully sweet condensed milk of the name Kṛṣṇa, add the fragrant ice of pure love and drink this charming drink at every moment!"""
798, Bhāva-bhakti,14.1,Definition of Bhāva,"śuddha-sattva-viśeṣātmā / prema-sūryāṁśu-sāmya-bhāk
 rucibhiś citta-masṛṇya- / kṛd asau bhāva ucyate",BRS 1.3.1,śuddha-sattva—pure goodness; viśeṣa—distinguished; ātmā—whose nature; prema—of love of God; sūrya—like the sun; aṁśu—a ray; sāmya-bhāk—which is similar to; rucibhiḥ—by different tastes; citta—of the heart; masṛṇya—softness; kṛt—which causes; asau—that softness; bhāvaḥ—emotion; ucyate—is called.,"Bhāva-bhakti is (1) constituted entirely of viśuddha-sattva. (2) It is like a ray of the sun of prema, and (3) it softens the heart by various tastes (abhilāṣa). Bhāva – (1) spiritual emotions, love or sentiments; (2) the initial stage of perfection in devotion (bhāva-bhakti). A stage of bhakti in which śuddha-sattva, the essence of the Lord's internal potency consisting of spiritual knowledge and bliss, is transmitted into the heart of the practicing devotee from the heart of one of the Lord's eternal associates and softens the heart by different kinds of taste. It is the sprout of prema, and it is also known as rati. This is the seventh stage of the creeper of devotion."
799, Bhāva-bhakti,14.2,Daśa-Mūla on Bhāva,"svarūpāvasthāne madhura-rasa-bhāvodaya iha
 vraje rādhā-kṛṣṇa-svajana-jana-bhāvaṁ hṛdi vahan
 parānande prītiṁ jagad-atula-sampat-sukham aho
 vilāsākhye tattve parama-paricaryāṁ sa labhate",Daśa-mūla tattva,sva-rūpa—original spiritual form; avasthāne—in the state; madhura-rasa—of madhura rasa; bhāva—of the love; udayaḥ—the arisal; iha—here; vraje—in Vrajabhūmi; rādhā—of Śrīmatī Rādhārāṇī; kṛṣṇa—and Lord Kṛṣṇa; svajana-jana—of the associates; bhāvam—the pure love; hṛdi—in the heart; vahan—carrying; para—supreme; ānande—in bliss; prītim—pure love; jagat—of the universe; atula—not comparable; sampat—opulence; sukham—happiness; atho—then; vilāsa—as spiritual pastimes; ākhye—known; tattve—in the truth; parama—supreme; parīcaryām—devotional service; saḥ—he; labhate—attains.,"In the mature stage of sādhana-bhakti, when the jīva becomes situated in his svarūpa, then by the influence of the hlādinī potency, the state of bhāva in madhura-rasa arises within him. In other words, the mood to follow in the footsteps of the dearmost associates of Śrī Śrī Rādhā-Kṛṣṇa in Vraja arises in his heart. Gradually he obtains happiness and prosperity that is unsurpassed in this world, in the form of the supreme service of paramānanda-tattva, which is known as vilāsa. There is no greater gain than this for the jīva."
800, Bhāva-bhakti,14.3,The sixth verse of Śikṣāṣṭaka describes the external manifestations of perfection,"nayanaṁ galad-aśru-dhārayā
 vadanaṁ gadgada-ruddhayā girā
 pulakair nicitaṁ vapuḥ kadā
 tava nāma-grahaṇe bhaviṣyati",Śikṣāṣṭaka 6,nayanam—the eyes; galat-aśru-dhārayā—by streams of tears running down; vadanam—mouth; gadgada—faltering; ruddhayā—choked up; girā—with words; pulakaiḥ—with erection of the hairs due to transcendental happiness; nicitam—covered; vapuḥ—the body; kadā—when; tava—Your; nāma-grahaṇe—in chanting the name; bhaviṣyati—will be.,"""Oh Prabhu! When will tears flow from my eyes like torrents of rain, my voice falter and the hairs on my body stand erect as I chant Your holy names?"""
801, Bhāva-bhakti,14.4,Devotion on the platform of pure goodness (śuddha-sattva),"sattvaṁ viśuddhaṁ vasudeva-śabditaṁ
 yad īyate tatra pumān apāvṛtaḥ
 sattve ca tasmin bhagavān vāsudevo
 hy adhokṣajo me namasā vidhīyate",SB 4.3.23,sattvam viśuddham—pure consciousness (the stage of bhāva); vasudeva—Vasudeva; śabditam—known as; yat—because; īyate—is revealed; tatra—there; pumān—the Supreme Person; apāvṛtaḥ—without any covering; sattve—in pure goodness; ca—and; tasmin—in that; bhagavān—Śrī Rādhā-Kṛṣṇa; vāsudevaḥ—Vāsudeva; hi—because; adhokṣajaḥ—transcendental; me—by me; namasā—with obeisances; vidhīyate—worshiped.,"Let me be engaged in serving Vasudeva in pure Kṛṣṇa consciousness. Kṛṣṇa consciousness is always pure consciousness, in which adhokṣajaḥ Kṛṣṇa, known as Vāsudeva, is revealed without any covering. Just as Vasudeva gave birth to Vāsudeva Kṛṣṇa, practicing in pure goodness (śuddha-sattva - pure consciousness, the stage of bhāva), will reveal the transcendental svarūpa of Śrī Rādhā-Kṛṣṇa."
802, Bhāva-bhakti,14.5,,"prema dhana vinā vyartha daridra jīvana
 'dāsa' kari' vetana more deha prema-dhāma",Bhajana Rahasya 6.1,,"""Without the wealth of prema, my wretched life is useless. O Lord, please accept me as Your paid servant and grant me the wealth of prema as wages."""
803, Bhāva-bhakti,14.6,On the appearance of bhāva-bhakti the following nine symptoms are observed:,"kṣāntir avyartha-kālatvaṁ viraktir māna-śūnyatā
 āśā-bandhaḥ samutkaṇṭhā nāma-gāne sadā ruciḥ
 āsaktis tad-guṇākhyāne prītis tad-vasati-sthale
 ity ādayo 'nubhāvāḥ syur jāta-bhāvāṅkure jane",BRS–1.3.25-26,kṣāntiḥ—forgiveness; avyartha-kālatvam—being free from wasting time; viraktiḥ—detachment; māna-śūnyatā—absence of false prestige; āśā-bandhaḥ—hope; samutkaṇṭhā—eagerness; nāma-gāne—in chanting the holy names; sadā—always; ruciḥ—taste; āsaktiḥ—attachment; tat—of Lord Kṛṣṇa; guṇa-ākhyāne—in describing the transcendental qualities; prītiḥ—affection; tat—His; vasati-sthale—for places of residence (the temple or holy places); iti—thus; ādayaḥ—and so on; anubhāvāḥ—the signs; syuḥ—are; jāta—developed; bhāva-aṅkure—whose seed of ecstatic emotion; jane—in a person.,"(1) kṣānti (forbearance or tolerance), (2) avyartha-kālatva (not wasting time), (3) virakti (detachment from worldly enjoyment), (4) māna-śūnyatā (absence of pride), (5) āśā-bandha (steadfast hope that Kṛṣṇa will bestow His mercy), (6) samutkaṇṭhā (intense longing to obtain one's goal), (7) nāma-gāne sadā ruciḥ (spontaneous attraction for chanting the holy name), (8) tad-guṇākhyāne āsakti (attachment to Hari-kathā) and (9) tad-vasati-sthale prītiḥ (affection for the transcendental pastime places of the Lord) – these are the nine sprouts of love of God (prītiḥ), or in other words, the symptoms of the appearance of bhāva."
804, Bhāva-bhakti,14.7,,"āśā-bharair amṛta-sindhu-mayaiḥ kathañcit
 kālo mayātigamitaḥ kila sāmprataṁ hi
 tvaṁ cet kṛpāṁ mayi vidhāsyasi naiva kiṁ me
 prāṇair vrajena ca varoru bakāriṇāpi",Vilapa Kusumanjali 102,"āśā-bharaiḥ—with many hopes; amṛta—of nectar; sindhu—ocean; mayaiḥ—consisting; kathañcit—somehow; kālaḥ—the time; mayā—by me; atigamitaḥ—is passed; kila—indeed; sāmpratam—now; hi—indeed; tvam—You; cet—if; kṛpām—mercy; mayi—to me; vidhāsyasi—will give; na—not; eva—certainly; kim—what is the use?; me—to me; prāṇaiḥ—of my life; vrajena—of Vraja; ca—and; vara—beautiful; uru—thighs; bakāriṇāpi—of Lord Kṛṣṇa, the enemy of Baka.","""O Varoru Rādhā, I am passing my time with the sole hope of being able to serve You. If You withhold Your mercy, what value to me is this life, the land of Vraja, and Śrī Kṛṣṇa, the enemy of Baka?"""
805, Bhāva-bhakti,14.8,Vṛtrāsura has expressed his samutkaṇṭhā thus:,"ajāta-pakṣā iva mātaraṁ khagāḥ
 stanyaṁ yathā vatsatarāḥ kṣudhārtāḥ
 priyaṁ priyeva vyuṣitaṁ viṣaṇṇā
 mano 'ravindākṣa didṛkṣate tvām",SB 6.11.26,ajāta-pakṣāḥ—who have not yet grown wings; iva—like; mātaram—the mother; khagāḥ—small birds; stanyam—the milk from the udder; yathā—just as; vatsatarāḥ—the young calves; kṣudha-ārtāḥ—distressed by hunger; priyam—the beloved or husband; priyā—the wife or lover; iva—like; vyuṣitam—who is away from home; viṣaṇṇā—morose; manaḥ—my mind; aravinda-akṣa—O lotus-eyed one; didṛkṣate—wants to see; tvām—You.,"O lotus-eyed Lord, as baby birds that have not yet developed their wings always look for their mother to return and feed them, as small calves tied with ropes await anxiously the time of milking, when they will be allowed to drink the milk of their mothers, or as a morose wife whose husband is away from home always longs for him to return and satisfy her in all respects, I always yearn for the opportunity to render direct service unto You."
806, Bhāva-bhakti,14.9,Devotion in dāsya-rati is evident in Vṛtrāsura's prayer,"ahaṁ hare tava pādaika-mūla-
 dāsānudāso bhavitāsmi bhūyaḥ
 manaḥ smaretāsu-pater guṇāṁs te
 gṛṇīta vāk karma karotu kāyaḥ",SB 6.11.24,aham—I; hare—O my Lord; tava—of Your Lordship; pāda-eka-mūla—whose only shelter is the lotus feet; dāsa-anudāsaḥ—the servant of Your servant; bhavitāsmi—shall I become; bhūyaḥ—again; manaḥ—my mind; smareta—may remember; asu-pateḥ—of the Lord of my life; guṇān—the attributes; te—of Your Lordship; gṛṇīta—may chant; vāk—my words; karma—activities of service to You; karotu—may perform; kāyaḥ—my body.,"O Lord, please bestow such mercy upon me, that in my next birth I may obtain the opportunity to exclusively serve the servants who have taken shelter of Your lotus feet. May my mind always remember Your all-auspicious qualities, my speech always chant the glories of these qualities, and my body always remain engaged in Your service."
807, Bhāva-bhakti,14.1,"One has to give up one's dehātma-buddhi (thinking ""I am this material body"") and remember one's eternal svarūpa","nāhaṁ vipro na ca nara-patir nāpi vaiśyo na śūdro
 nāhaṁ varṇī na ca gṛha-patir no vanastho yatir vā
 kintu prodyan-nikhila-paramānanda-pūrṇāmṛtābdher
 gopī-bhartuḥ pada-kamalayor dāsa-dāsānudāsaḥ",Padyāvalī 74,"na—not; aham—I; vipraḥ—a brāhmaṇa; na—not; ca—also; nara-patiḥ—a king or kṣatriya; na—not; api—also; vaiśyaḥ—belonging to the merchantile class; na—not; śūdraḥ—belonging to the worker class; na—not; aham—I; varṇī—belonging to any caste, or brahmacārī; na—not; ca—also; gṛha-patiḥ—householder; no—not; vana-sthaḥ—vānaprastha; yatiḥ—mendicant or renunciant; vā—either; kintu—but; prodyan—brilliant; nikhila—universal; parama-ānanda—with transcendental bliss; pūrṇa—complete; amṛta-abdheḥ—who is the ocean of nectar; gopī-bhartuḥ—of the Supreme Person, who is the maintainer of the gopīs; pada-kamalayoḥ—of the two lotus feet; dāsa—of the servant; dāsa-anudāsaḥ—the servant of the servant.","I am not a brāhmaṇa, kṣatriya, vaiśya or śūdra, nor am I a brahmacārī, gṛhastha, vānaprastha or sannyāsī. My sole nature is that of a servant of the servants of the Vaiṣṇavas who are the servants of the lotus feet of Śrī Rādhā-vallabha, the maintainer of the gopīs. He is naturally effulgent and the complete ocean of bliss."
808, Bhāva-bhakti,14.11,Śrīman Mahāprabhu has described the external behaviour of rāga-mārga bhaktas with the following words:,"para-vyasaninī nārī / vyagrāpi gṛha-karmasu
 tad evāsvādayaty antar / nava-saṅga-rasāyana",CC Mad 1.211,para-vyasaninī—attached to another man; nārī—a woman; vyagrā api—although zealous; gṛha-karmasu—in household affairs; tat eva—that only; āsvādayati—tastes; antaḥ—within herself; nava-saṅga—of new association; rasa-ayanam—mellow.,"When a woman is attached to a man other than her husband, she continues to carry out her many household duties, but within her heart she relishes the new pleasure of her meeting with her paramour. [Similarly, a devotee may be engaged in activities within this world, but he always relishes the rasa of Kṛṣṇa that he has tasted in the association of devotees.]"
809, Bhāva-bhakti,14.12,,"pañcama puruṣārtha—premānandāmṛta-sindhu
 mokṣādi ānanda yāra nahe eka bindu",CC. Ādi 7.85,pañcama—fifth; puruṣa-artha—goal of life; prema-ānanda—the spiritual bliss of love of Godhead; amṛta—eternal; sindhu—ocean; mokṣa-ādi—liberation and other principles of religiosity; ānanda—pleasures derived from them; yāra—whose; nahe—never comparable; eka—one; bindu—drop.,"For a devotee who has actually developed bhāva, the pleasure derived from dharma, artha, kāma and mokṣa appears like a drop of water in the presence of the sea."
810, Bhāva-bhakti,14.13,"In this state of rāga-mārga-bhajana, the devotee has affection for places that are dear to Kṛṣṇa, and he longs to stay in such places","kadāhaṁ yamunā-tīre / nāmāni tava kīrtayan
 udvāṣpaḥ puṇḍarīkākṣa! / racayiṣyāmi taṇḍavam",BRS 1.2.156,,"O lotus-eyed Kṛṣṇa, when, upon the banks of the Yamunā, will I chant Your holy names and dance like a madman, my eyes brimming with tears of love?"
811, Bhāva-bhakti,14.14,"If one doesn't experience ecstacy while chanting, this is due to offences","tad aśma-sāraṁ hṛdayaṁ batedaṁ
 yad gṛhyamānair hari-nāma-dheyaiḥ
 na vikriyetātha yadā vikāro
 netre jalaṁ gātra-ruheṣu harṣaḥ",SB 2.3.24,tat—that; aśma-sāram—is steel-framed; hṛdayam—heart; bata idam—certainly that; yat—which; gṛhyamāṇaiḥ—in spite of chanting; hari-nāma—the holy name of the Lord; dheyaiḥ—by concentration of the mind; na—does not; vikriyeta—change; atha—thus; yadā—when; vikāraḥ—reaction; netre—in the eyes; jalam—tears; gātra-ruheṣu—at the pores; harṣaḥ—eruptions of ecstasy.,"When a sādhaka performs harināma-saṅkīrtana, the hairs of his body stand on end and tears of joy begin to flow from his eyes. But the heart of one in whom such sāttvika-bhāva transformations do not arise, is not actually a heart, but a hard thunderbolt."
812, Bhāva-bhakti,14.15,"When attachment (rati) for the holy name arises, the youthful form of Kṛṣṇa naturally and easily manifests","bhaktis tvayi sthiratarā bhagavan yadi syād
 daivena naḥ phalati divya-kiśora-mūrtiḥ
 muktiḥ svayaṁ mukulitāñjaliḥ sevate 'smān
 dharmārtha-kāma-gatayaḥ samaya-pratīkṣāḥ",Kṛṣṇa-karṇāmṛta 107,bhaktiḥ—devotional service; tvayi—unto You; sthiratarā—very steady; bhagavan—O Lord; yadi—if; syāt—it may be; daivena—as destiny; naḥ—unto us; phalati—bears the fruit; divya—transendental; kiśora—mūrtiḥ—the youthful form of Kṛṣṇa; muktiḥ—liberation; svayam—personally; mukulita-añjaliḥ—standing with folded hands; sevate—renders service; asman—unto us; dharma—religiosity; artha—economic development; kāma—sense gratification; gatayaḥ—the final goals; samaya—nearby; pratīkṣāḥ—expecting.,"O Bhagavān, if someone has steady devotion unto Your lotus feet, he easily perceives Your most charming divine youthful form. Thereafter, liberation stands before him with folded hands, and dharma, artha and kāma also wait for an opportunity to serve him."
813, Bhāva-bhakti,14.16,Śrīmad-Bhāgavatam describes the practice of chanting the holy name at the stage of rati in the association of pure devotees:,"parasparānukathanaṁ
 pāvanaṁ bhagavad-yaśaḥ
 mitho ratir mithas tuṣṭir
 nivṛttir mitha ātmanaḥ",SB 11.3.30-31,paraspara—mutual; anukathanam—discussion; pāvanam—purifying; bhagavat—of the Supreme Lord; yaśaḥ—glories; mithaḥ—mutual; ratiḥ—loving attraction; mithaḥ—mutual; tuṣṭiḥ—satisfaction; nivṛttiḥ—cessation of material miseries; mithaḥ—mutual; ātmanaḥ—of the soul; smarantaḥ—remembering; smārayantaḥ ca—and reminding; mithaḥ—one another; agha-ogha-haram—the killer of Aghasura or He who takes away everything inauspicious from the devotee; harim—Śrī Hari; bhaktyā— devotion; sañjātayā—awakened; bhaktyā—by devotion; bibhrati—possess; utpulakām—agitated by ecstasy; tanum—body.,"The devotees of the Lord constantly discuss the glories of Śrī Kṛṣṇa among themselves. They remember the Lord and remind one another of His qualities and pastimes. In this way, by their devotion to the principles of bhakti-yoga, the devotees please the Personality of Godhead, who takes away from them everything inauspicious. Being purified of all impediments, the devotees awaken to pure love of God, which can only be obtained from those who have it, for bhakti comes from bhakti. Thus, even within this world, their spiritualized bodies exhibit symptoms of transcendental ecstasy, such as standing of the bodily hairs on end."
814, Bhāva-bhakti,14.17,,"smarantaḥ smārayantaś ca
 mitho 'ghaugha-haraṁ harim
 bhaktyā sañjātayā bhaktyā
 bibhraty utpulakāṁ tanum",SB 11.3.30-31,smarantaḥ—remembering; smārayantaḥ ca—and reminding; mithaḥ—one another; agha-ogha-haram—the killer of Aghasura or He who takes away everything inauspicious from the devotee; harim—Śrī Hari; bhaktyā—devotion; sañjātayā—awakened; bhaktyā—by devotion; bibhrati—possess; utpulakām—agitated by ecstasy; tanum—body.,"The devotees of the Lord constantly discuss the glories of Śrī Kṛṣṇa among themselves. They remember the Lord and remind one another of His qualities and pastimes. In this way, by their devotion to the principles of bhakti-yoga, the devotees please the Personality of Godhead, who takes away from them everything inauspicious. Being purified of all impediments, the devotees awaken to pure love of God, which can only be obtained from those who have it, for bhakti comes from bhakti. Thus, even within this world, their spiritualized bodies exhibit symptoms of transcendental ecstasy, such as standing of the bodily hairs on end."
815, Bhāva-bhakti,14.18,,bhaktyā sañjātayā bhaktyā,,,Bhakti arises from bhakti (not from any other cause). From the heart of a perfected soul it is inspired into the heart of a sādhaka. The fruit of sādhana-bhakti is prema-bhakti.
816, Bhāva-bhakti,14.2,Sometimes the prideless pure devotee preaches nāma-prema throughout the world by the medium of kīrtana,"nāmāny anantasya hata-trapaḥ paṭhan
 guhyāni bhadrāṇi kṛtāni ca smaran
 gāṁ paryaṭaṁs tuṣṭa-manā gata-spṛhaḥ
 kālaṁ pratīkṣan vimado vimatsaraḥ",SB 1.6.26,"nāmāni—the holy name, fame, etc.; anantasya—of the unlimited; hata-trapaḥ—being freed from all formalities of the material world; paṭhan—by recitation, repeated reading, etc.; guhyāni—mysterious; bhadrāṇi—all benedictory; kṛtāni—activities; ca—and; smaran—constantly remembering; gām—on the earth; paryaṭan—traveling all through; tuṣṭa-manāḥ—fully satisfied; gata-spṛhaḥ—completely freed from all material desires; kālam—time; pratīkṣan—awaiting; vimadaḥ—without being proud; vimatsaraḥ—without being envious.","[While telling his life story, Śrī Nārada said:] Not feeling shy or embarrassed, I began to chant and remember the mysterious and auspicious sweet names and pastimes of Bhagavān. My heart was already free from longing, pride and envy. Now I roamed the Earth joyfully, waiting for the right time."
817, Bhāva-bhakti,14.21,"The perfected devotee serves Kṛṣṇa in Vṛndāvana day and night within his mind, in his original, pure, self-realised spiritual body (nija-siddha-deha)","mane' nija-siddha-deha kariyā bhāvana
 rātri-dine kare vraje kṛṣṇera sevana
 nijābhīṣṭa kṛṣṇa-preṣṭha pāche ta' lāgiyā
 nirantara sevā kare antarmanā hañā",CC Mad 22.157,mane—the mind; nija—own; siddha-deha—eternal body or self-realized position; kariyā bhāvana—thinking of; rātri-dine—night and day; kare—executes; vraje—in Vṛndāvana; kṛṣṇera—of Lord Kṛṣṇa; sevana—service; nija-abhīṣṭa—one's own choice; kṛṣṇa-preṣṭha—the servitor of Kṛṣṇa; pācheta' lāgiyā—following; nirantara—twenty-four hours a day; sevā—service; kare—executes; antarmanā—within the mind; hañā—being.,"The perfected devotee serves Kṛṣṇa in Vṛndāvana day and night within his mind, in his original, pure, self-realised position (nija-siddha-deha). Actually, the inhabitants of Vṛndāvana are very dear to Kṛṣṇa. If a person wants to engage in spontaneous loving service, he must follow the inhabitants of Vṛndāvana and constantly engage in devotional service within his mind."
818, Bhāva-bhakti,14.22,The transcendental bhāvas of the mahā-bhāgavata,"kvacid rudanty acyuta-cintayā kvacid
 dhasanti nandanti vadanty alaukikāḥ
 nṛtyanti gāyanty anuśīlayanty ajaṁ
 bhavanti tūṣṇīṁ param etya nirvṛtāḥ",SB 11.3.32,kvacit—sometimes; rudanti—they cry; acyuta—of the infallible Supreme Lord; cintayā—by the thought; kvacit—sometimes; hasanti—they laugh; nandanti—take great pleasure; vadanti—speak; alaukikāḥ—acting amazingly; nṛtyanti—they dance; gāyanti—sing; anuśīlayanti—and imitate; ajam—the unborn; bhavanti—they become; tūṣṇīm—silent; param—the Supreme; etya—obtaining; nirvṛtāḥ—freed from distress.,"The transcendental mahā-bhāgavata's condition is astonishing. Sometimes he starts to worry, thinking , ""So far I have not had direct audience of Bhagavān. What shall I do? Where shall I go? Whom shall I ask? Who will be able to find Him for me?"" Thinking like this he begins to weep. Sometimes he receives an internal revelation (sphūrti) of Bhagavān's sweet pastimes, and he laughs loudly as he beholds Bhagavān, who is endowed with all opulences, hiding in fear of the gopīs. Sometimes he is submerged in bliss upon receiving Bhagavān's darśana and directly experiencing His prema. Sometimes, when situated in his siddha-deha, he speaks with Bhagavān, saying, ""O Prabhu, after so long, I have attained You,"" and he proceeds to sing the glories of his Lord. Sometimes, when he receives Bhagavān's affection, he starts to dance, and sometimes he experiences great peace and remains silent."
819, Bhāva-bhakti,14.23,Kṛṣṇa's beauty attracts the hearts of all,"yasyānanaṁ makara-kuṇḍala-cāru-karṇa-
 bhrājat-kapola-subhagaṁ-savilāsa-hāsam
 nityotsavaṁ na tatṛpur dṛśibhiḥ pibantyo
 nāryo narāś ca muditāḥ kupitā nimeś ca",SB 9.24.65,"yasya—whose; ānanam—face; makara-kuṇḍala-cāru-karṇa—decorated by earrings resembling sharks and by beautiful ears; bhrājat—brilliantly decorated; kapola—forehead; subhagam—declaring all opulences; sa-vilāsa-hāsam—with smiles of enjoyment; nitya-utsavam—whenever one sees Him, one feels festive; na tatṛpuḥ—they could not be satisfied; dṛśibhiḥ—by seeing the form of the Lord; pibantyaḥ—as if drinking through the eyes; nāryaḥ—all the women of Vṛndāvana; narāḥ—all the male devotees; ca—also; muditāḥ—fully satisfied; kupitāḥ—angry; nimeḥ—the moment they are disturbed by the blinking of the eyes; ca—also.","The makara-shaped earrings that swing on Śrī Kṛṣṇa's ears play in the lake of His cheeks, and this splendour increases even further the beauty of His cheeks. When He smiles with enjoyment, the bliss that is always present on His face is augmented. With the cups of their eyes, all men and women drink the nectarean beauty of His lotus face. They are never satisfied, however, so they become angry with Brahmā for creating eyes that blink and thus obstruct their relish of this sweetness."
820, Bhāva-bhakti,14.24,"The result of having darśana of the deity with deep, loving attachment (anurāga)","yasyānurāga-pluta-hāsa-rāsa
 līlāvaloka-pratilabdha-mānāḥ
 vraja-striyo dṛgbhir anupravṛtta
 dhiyo 'vatasthuḥ kila kṛtya-śeṣāḥ",SB 3.2.14,yasya—whose; anurāga—attachment; pluta—enhanced by; hāsa—laughter; rāsa—humors; līlā—pastimes; avaloka—glancing; pratilabdha—obtained thereof; mānāḥ—anguished; vraja-striyaḥ—damsels of Vraja; dṛgbhiḥ—with the eyes; anupravṛtta—following; dhiyaḥ—by intelligence; avatasthuḥ—sat silently; kila—indeed; kṛtya-śeṣāḥ—without finishing household duties.,"When the young women of Vraja were honoured by Kṛṣṇa's affectionate laughter, joking words and playful glances, their eyes would become fixed on Him. Their minds would become so absorbed in Him that they would become unaware of their bodies and homes, and they would remain standing as if lifeless dolls."
821, Bhāva-bhakti,14.25,The mood of absolute opulence assuming the form of sweetness (mādhurya),"svayaṁ tv asāmyātiśayas tryadhīśaḥ
 svārājya-lakṣmy-āpta-samasta-kāmaḥ
 baliṁ haradbhiś cira-loka-pālaiḥ
 kirīṭa-koṭīḍita-pāda-pīṭhaḥ",SB 3.2.21,svayam—Himself; tu—but; asāmya—unique; atiśayaḥ—greater; tri-adhīśaḥ—Lord of the three; svārājya—independent supremacy; lakṣmī—fortune; āpta—achieved; samasta-kāmaḥ—all desires; balim—worshiping paraphernalia; haradbhiḥ—offered by; cira-loka-pālaiḥ—by the eternal maintainers of the order of creation; kirīṭa-koṭi—millions of helmets; eḍita-pāda-pīṭhaḥ—feet honored by prayers.,"Śrī Kṛṣṇa is Himself the Supreme Lord of the three potencies (sandhinī, saṁvit and hlādinī). No one is equal to Him, so who can be greater than Him? All of His desires are fulfilled by His own transcendental goddess of fortune (Śrīmatī Rādhikā). Indra and innumerable other loka-pālas, deities presiding over different regions of the universe, bring Him varieties of offerings and pay their obeisances, touching the tops of their crowns to His lotus feet."
822, Bhāva-bhakti,14.26,It is stated in Śrīmad-Bhāgavatam that Śrī Kṛṣṇa's mercy is inconceivable (acintya) and causeless (ahaitukī),"kasyānubhāvo 'sya na deva vidmahe
 tavāṅghri-reṇu-sparśādhikāraḥ
 yad-vāñchayā śrīr lalanācarat tapo
 vihāya kāmān su-ciraṁ dhṛta-vratā",SB 10.16.36,kasya—of what; anubhāvaḥ—a result; asya—of the serpent (Kāliya); na—not; deva—my Lord; vidmahe—we know; tava—Your; aṅghri—of the lotus feet; reṇu—of the dust; sparaśa—for touching; adhikāraḥ—qualification; yat—for which; vāñchayā—with the desire; śrīḥ—the goddess of fortune; lalanā—(the topmost) woman; ācarat—performed; tapaḥ—austerity; vihāya—giving up; kāmān—all desires; su-ciram—for a long time; dhṛta—upheld; vratā—her vow.,"[The Nāgapatnīs prayed to Śrī Kṛṣṇa:] ""Oh Deva! Śrī Lakṣmī-devī gave up all her desires, took a vrata and performed austerities for a long, long time just to attain the dust of Your lotus feet. However, she nonetheless failed to achieve her heart's desire. Who knows what pious deed Kālīya Nāga performed to become qualified to receive that same rare footdust."""
823, Bhāva-bhakti,14.27,Śrīmad-Bhāgavatam states that the vraja-gopīs' devotion is topmost,"nāyaṁ śriyo 'ṅga u nitānta-rateḥ prasādaḥ
 svar-yoṣitāṁ nalina-gandha-rucāṁ kuto 'nyāḥ
 rāsotsave 'sya bhuja-daṇḍa-gṛhīta-kaṇṭha-
 labdhāśiṣāṁ ya udagād vraja-sundarīnām",SB 10.47.60,"na—not; ayam—this; śriyaḥ—of the goddess of fortune; aṅge—on the chest; u—alas; nitānta-rateḥ—who is very intimately related; prasādaḥ—the favor; svaḥ—of the heavenly planets; yoṣitām—of women; nalina—of the lotus flower; gandha—having the aroma; rucām—and bodily luster; kutaḥ—much less; anyāḥ—others; rasa-utsave—in the festival of the rāsa dance; asya—of Lord Śrī Kṛṣṇa; bhuja-daṇḍa—by the arms; gṛhīta—embraced; kaṇṭha—their necks; labdha-āśiṣām—who achieved such a blessing; yaḥ—which; udagāt—became manifest; vraja-sundarīnām—of the beautiful gopīs, the transcendental girls of Vrajabhūmi.","In the rāsa festival, Śrī Kṛṣṇa embraced the vraja-sundarīs around their necks with His vine-like arms, thus fulfilling their hearts' desires. Even Lakṣmī, who eternally resides on His chest, does not attain this mercy. It is also not attained by the most beautiful girls of the heavenly planets, whose bodily lustre and fragrance resemble the lotus flower, what to speak of other beautiful women."
824, Bhāva-bhakti,14.28,The superiority of paramour love,"yat tv ahaṁ bhavatīnāṁ vai / dūre varte priyo dṛśām
 manasaḥ sannikarṣārthaḥ / mad-anudhyāna-kāmyayā
 yathā dūra-care preṣṭhe / mana āviśya vartate
 strīṇāṁ ca na tathā cetaḥ / sannikṛṣṭe 'kṣi-gocaraḥ",SB 10.47.34-35,yat—the fact that; tu—however; aham—I; bhavatīnām—from your; vai—indeed; dūre—far away; varte—am situated; priyaḥ—who am dear; dṛśām—to the eyes; manasaḥ—of the mind; sannikarṣa—of the attraction; artham—for the sake; mat—upon Me; anudhyāna—for your meditation; kāmyayā—out of My desire; yathā—as; dūra-care—being situated far away; preṣṭhe—a lover; manaḥ—the minds; āviśya—becoming absorbed; vartate—remain; strīṇām—of women; ca—and; na—not; tathā—so; cetaḥ—their minds; sannikṛṣṭe—when he is near; akṣi-gocare—present before their eyes.,"But the actual reason why I, the beloved object of your sight, have stayed far away from you is that I wanted to intensify your meditation upon Me and thus draw your minds closer to Me. When her lover is far away, a woman thinks of him more than when he is present before her. beloved when she is far from him than when she is living near him. Due to this, although Lakṣmī perpetually sports upon Nārāyaṇa's chest, the glories of her good fortune are less than those of the gopīs'."""
825, Bhāva-bhakti,14.29,All types of devotees long for gopī-bhāva,"āsām aho caraṇa-reṇu-juṣām ahaṁ syāṁ
 vṛndāvane kim api gulma-latauṣadhīnām
 yā dustyajaṁ sva-janam ārya-pathaṁ ca hitvā
 bhejur mukunda-padavīṁ śrutibhir vimṛgyām",SB 10.47.61,"āsam—of the gopīs; aho—oh; caraṇa-reṇu—the dust of the lotus feet; juṣām—devoted to; aham syām—let me become; vṛndāvane—in Vṛndāvana; kim api—any one; gulma-latā-oṣadhīnām—among bushes, creepers and herbs; yā—they who; dustyajam—very difficult to give up; sva-janam—family members; ārya-patham—the path of chastity; ca—and; hitvā—giving up; bhejuḥ—worshiped; mukunda-padavīm—the lotus feet of Mukunda, Kṛṣṇa; śrutibhiḥ—by the Vedas; vimṛgyām—to be searched for.","[Śrī Uddhavajī prayed:] Aho! The vraja-devīs have given up everything that is difficult to renounce, such as children, family and the path of chastity, and they have taken shelter of the path of prema-bhakti to Śrī Kṛṣṇa that is searched for but rarely attained by the Śrutis. My prayer is that in a future birth I may appear as a bush, a creeper or a herb in Śrī Vṛndāvana and thus receive the footdust of these gopīs' lotus feet."
826, Bhāva-bhakti,14.3,Brahma is praying for the dust of the Vrajavāsīs,"tad bhūri-bhāgyam iha janma kim apy aṭavyāṁ
 yad gokule 'pi katamāṅghri-rajo-'bhiṣekam
 yaj-jīvitaṁ tu nikhilaṁ bhagavān mukundas
 tv adyāpi yat-pada-rajaḥ śruti-mṛgyam eva",SB 10.14.34,tat—that; bhūri-bhāgyam—the greatest good fortune; iha—here; janma—the birth; kim api—any whatsoever; aṭavyām—in the forest (of Vṛndāvana); yat—which; gokule—in Gokula; api—even; katama—of any (of the devotees); aṅghri—of the feet; rajaḥ—by the dust; abhiṣekam—bathing; yat—whose; jīvitam—life; tu—indeed; nikhilam—whole; bhagavān—the Supreme Personality of Godhead; mukundaḥ—Lord Mukunda; tu—but; adya api—even until now; yat—whose; pāda-rajaḥ—dust of the feet; śruti—by the Vedas; mṛgyam—sought after; eva—certainly.,"Aho! It would be my great fortune to take birth as a blade of grass, a shrub or any other species which may be anointed with the dust falling from the lotus feet of any of the Brajabāsīs of Vṛndāvana. Even the śrutis, who have been searching for so long, have not yet received the dust of the lotus feet of Bhagavān Mukunda, who is the life and soul of these Brajabāsīs. If it is impossible for me to take birth in any species in Vṛndāvana, then let me take birth even as a rock on the border of Nanda-Gokula. The ladies who sweep the streets will then rub their feet on this rock to clean them, and by this I will receive the good fortune of touching the dust of their feet."
827, Bhāva-bhakti,14.31,"The grass, bushes, insects, and other creatures in Vraja all assist Kṛṣṇa in His pastimes","yat kiñcit tṛṇa-gulma-kīkaṭamukhaṁ goṣṭhe samastaṁ hi tat
 sarvānandamayaṁ mukunda-dayitaṁ līlānukūlaṁ param",Vraja-vilāsa-stava 102,,"The grass, bushes, insects, and other creatures in Vraja are all very dear to Lord Kṛṣṇa. They assist the Lord in His pastimes. They are full of transcendental bliss. Again and again the scriptures recount the earnest request of Brahmā and others to reside in Vraja. For these reasons I vow to offer my respects to all the creatures who reside in Vraja."
828, Bhāva-bhakti,14.33,Queen Kunti devī expresses her rati for Kṛṣṇa,"tvayi me 'nanya-viṣayā / matir madhu-pate 'sakṛt
 ratim udvahatād addhā / gaṅgevaugham udanvati",SB 1.8.42,tvayi—unto You; me—my; ananya-viṣayā—unalloyed; matiḥ—attention; madhu-pate—O Lord of Madhu; asakṛt—continuously; ratim—attraction; udvahatāt—may overflow; addhā—directly; gaṅgā—the Ganges; iva—like; ogham—flows; udanvati—down to the sea.,"""O Lord of Madhu! As the Gaṅgā forever flows to the sea without hindrance, let my attraction be constantly drawn unto you without being diverted to anyone else."""
829, Bhāva-bhakti,14.35,Uddhava tells that even Brahmā is distracted upon seeing the mood of the gopīs,"etāḥ paraṁ tanu-bhṛto bhuvi gopa-vadhvo
 govinda eva nikhilātmani rūḍha-bhāvāḥ
 vāñchanti yad bhava-bhiyo munayo vayaṁ ca
 kiṁ brahma-janmabhir ananta-kathā-rahasya",SB 10.47.58,etāḥ—these women; param—alone; tanu—their bodies; bhṛtaḥ—maintain successfully; bhuvi—on the earth; gopa-vadhvaḥ—the young cowherd women; govinde—for Lord Kṛṣṇa; eva—exclusively; nikhila—of all; ātmani—the Soul; rūḍha—perfected; bhāvāḥ—ecstatic loving attraction; vāñchanti—they desire; yat—which; bhava—material existence; bhiyaḥ—those who are afraid of; munayaḥ—sages; vayam—we; ca—also; kim—what use; brahma—as a brāhmaṇa or as Lord Brahmā; janmabhiḥ—with births; ananta—of the unlimited Lord; kathā—for the topics; rasasya—for one who has a taste.,"The gopīs have one-pointed rūḍha-bhāva towards Śrī Kṛṣṇa, who is the soul of all living entities. This is the topmost level of kṛṣṇa-prema, and by this, their lives are successful. This bhāva is hankered for, not only by fearful persons desiring liberation from this material existence, but also by great mahāpuruṣas, as well as devotees like ourselves; but none of us are able to attain it. For one whose mind is attached to kṛṣṇa-kathā, the three kinds of birth – seminal, brahminical and sacrificial – are not necessary; but for one who has no taste for hearing kṛṣṇa-kathā, what is the benefit of taking birth, even as Brahmā, again and again for many mahā-kalpas?"
830, Bhāva-bhakti,14.36,"Even devotees inclined to aiśvarya, Bhagavān's opulence, long for gopī-bhāva","gopyas tapaḥ kim acaran yad amuṣya rūpaṁ
 lāvaṇya-sāram asamordhvam ananya-siddham
 dṛgbhiḥ pibanty anusavābhinavaṁ durāpam
 ekānta-dhāma yaśasaḥ śriya aiśvarasya",SB 10.44.14,gopyaḥ—the gopīs; tapaḥ—austerities; kim—what; acaran—performed; yat—from which; amuṣya—of such a one (Lord Kṛṣṇa); rūpam—the form; lāvaṇya-sāram—the essence of loveliness; asama-ūrdhvam—not paralleled or surpassed; ananya-siddham—not perfected by any other ornament (self-perfect); dṛgbhiḥ—by the eyes; pibanti—they drink; anusava-abhinavam—constantly new; durāpam—difficult to obtain; ekānta-dhāma—the only abode; yaśasaḥ—of fame; śriyaḥ—of beauty; aiśvarasya—of opulence.,"[The Mathurā ramaṇīs prayed:] ""Aho! What kind of austerities did the gopīs perform to be able to constantly drink the unequaled and unsurpassed sweetness of His bodily beauty, which is newer and newer at every moment? The gopīs directly see with their own eyes the very rare and ever-fresh loveliness of Śrī Kṛṣṇa's form, which is the essence of all lustre, and is the unrivaled, exclusive reservoir of independently perfect fame, beauty and opulence."""
831, Bhāva-bhakti,14.37,The desire to serve Śrī Kṛṣṇa becomes the obsession of the devotee's heart on the stage of bhāva,"ānamrām asita-bhruvor upacitām akṣīṇa pakṣmāṅkure-ṣv
 ālolām anurāgiṇor nayanayor ārdrāṁ mṛdau jalpite
 ātāmrām adharāmṛte mada-kalām amlāna vaṁśī-svaneṣv
 āśāste mama locanaṁ vraja-śiśor-mūrttiṁ jagan mohinīm",Kṛṣṇa-karṇāmṛta 54,"ānamrām—curved; asita—dark; bhruvoḥ—eyebrows; upacitām—furnished abundantly with; akṣīna—thick; pakṣmā—eyelashes; aṅkureṣu—like sprouts; ālolām—rolling; anurāginoḥ—passionate; nayanayoḥ—eyes; ārdrām—full of feeling; mṛdau—gentle; jalpite—speech; ātāmrām—very red; adhara—of the lips; amṛte—nectar; madakalām—soft, slurred; amlāna—clear; vaṁśī—of the flute; svaneṣu—deep notes; āśāste—desires; mama—my; locanam—eye; vraja-śiśoḥ—of Vraja's child (Kṛṣṇa); mūrtim—the form; jagat—the universe; mohinīm—enchanter.","My eyes are ever restless to see that vraja-kiśora who enchants the entire world, whose eyebrows are dark and slightly curved, whose eyelashes are thick and dense, whose eyes are always restless to see those who are possessed of anurāga (or whose"
832, Bhāva-bhakti,14.38,The śruti-phāla of Daśa-mūla (i.e. bhāva) is attained through sādhu sanga,"saṁsevya daśa-mūlaṁ vai hitvā 'vidyām ayaṁ janaḥ
 bhāva-puṣṭiṁ tathā tuṣṭiṁ labhate sādhu-saṅgataḥ",Daśa mūla tattva,saṁsevya—accepting; daśa—ten; mūlam—axioms; vai—certainly; hitvā—abandoning; avidyām—ignorance; ayam—this; janaḥ—person; bhāva—of pure love of God; puṣṭim—nourishment; tathā—in the same way; tuṣṭim—satisfaction; labhate—attains; sādhu—of the saintly devotees; saṅgataḥ—because of the association.,"When the jiva studies and carefully follows this Daśa mūla, he throws far away material disease in the form of ignorance. Thereafter, through the association of sādhus, he obtains the nourishment of bhāva, and becomes fully satisfied."
833, Bhāva-bhakti,14.39,Bhāva bhakti arises by association with a pure devotee,"dṛg-amobhobhir dhautaḥ pulaka-patalī maṇḍita-tanuḥ
 skhalann antaḥ-phullo dadhad atipṛthuṁ vepathum api
 dṛśoḥ kakṣaṁ yāvan mama sa puruṣaḥ ko 'py upayayau
 na jāte kiṁ tāvan matir iha gṛhe nābhiramate",BRS 1.2.241,,"""I don't know why my mind no longer remains attached to household affairs since the time when that extraordinary person appeared on the pathway of my eyes. His body was drenched in showers of tears, his bodily hairs stood on end in ecstasy, he faltered at every step and was submerged in transcendental bliss within his heart. He trembled feverishly, being overcome by spiritual emotion."""
834, Prayojana-tattva – Prema,15.1,Definition of Prema,"samyaṅ-masṛṇita-svānto
 mamatvātiśayāṅkitaḥ
 bhāvaḥ sa eva sāndrātmā
 budhaiḥ premā nigadyate",BRS–1.4.1,samyak—completely; masṛṇita-sva-antaḥ—which makes the heart soft; mamatva—of a sense of ownership; atiśaya-aṅkitaḥ—marked with an abundance; bhāvaḥ—emotion; saḥ—that; eva—certainly; sāndra-ātmā—whose nature is very condensed; budhaiḥ—by learned persons; premā—love of Godhead; nigadyate—is described.,"""When bhāva-bhakti or rati deepens and matures, the sādhaka's heart becomes completely soft and melted. At that time the devotee experiences the supreme exultation of transcendental bliss and awakens an overwhelming sense of mamatā or possessiveness toward Śrī Kṛṣṇa. Learned authorities describe this condition as prema."""
835, Prayojana-tattva – Prema,15.2,What is love?,"sarvathā dhvaṁsa-rahitaṁ
 yadyapi dhvaṁsa-kāraṇe
 yad bhāva-bandhanaṁ yūnoḥ
 sa premā parikīrtitaḥ",SB 10.60.51 pt,saḥ—that; bhāva-bandhanam—bondage of ecstatic love; yūnoḥ—between a youthful couple; yad—which; yady api—although; dhvaṁsa-kāraṇe—there is cause for dissolution; sarvathā—(is) in everyway; dhvaṁsa-rahitam—free from dissolution; parikīrtitaḥ—declared; premā—to be love.,"""When the affectionate bond between a young man and a young woman can never be destroyed, even when there is every cause for the destruction of that relationship, the attachment between them is said to be pure love."""
836, Prayojana-tattva – Prema,15.3,The difference between lust and love,"ātmendriya-prīti-vāñchā—tāre bali 'kāma'
 kṛṣṇendriya-prīti-icchā dhare 'prema' nāma",CC Adi 4.165,ātma-indriya-prīti—for the pleasure of one's own senses; vāñchā—desires; tāre—to that; bali—I say; kāma—lust; kṛṣṇa-indriya-prīti—for the pleasure of Lord Kṛṣṇa's senses; icchā—desire; dhare—holds; prema—love; nāma—the name.,"The desire to gratify one's own senses is kāma (lust), but the desire to please Lord Kṛṣṇa is prema (pure love of God). [Briefly – lust is ""for me"", love is ""for Śrī Kṛṣṇa""]."
837, Prayojana-tattva – Prema,15.4,"The love between Kṛṣṇa and the gopīs is pure prema, not lust","gviśuddha nirmala prema, kabhu nahe kāma",CC Ādi 4.162,gopī-gaṇera—of the gopīs; premera—of the love; rūḍha-bhāva—the ecstatic mood of having ascended or being fully blown; nāma—named; viśuddha—pure; nirmala—spotless; prema—love; kabhu—at anytime; nahe—is not; kāma—lust.,The love of the gopīs is called rūḍha-bhāva. It is pure and spotless. It is not at any time lust.
838, Prayojana-tattva – Prema,15.5,Lust and love are as different as iron and gold,"kāma, prema,—doṅhākāra vibhinna lakṣaṇa
 lauha āra hema yaiche svarūpe vilaksana",CC Ādi 4.164,kāma—lust; prema—love; doṅhākāra—of the two; vibhinna—separate; lakṣaṇa—symptoms; lauha—iron; āra—and; hema—gold; yaiche—just as; svarūpe—in nature; vilakṣaṇa—different.,"Lust and love are completely different, just as iron and gold have different natures."
839, Prayojana-tattva – Prema,15.6,"Lust is like dense darkness, but love is like the bright sun","ataeva kāma-preme bahuta antara
 kāma—andha-tamaḥ, prema—nirmala bhāskara",CC Ādī 4.171,ataeva—therefore; kāma-preme—in lust and love; bahuta—much; antara—space between; kāma—lust; andha-tamaḥ—blind darkness; prema—love; nirmala—pure; bhāskara—sun.,"Therefore lust and love are quite different. Lust is like dense darkness, but love is like the bright sun."
840, Prayojana-tattva – Prema,15.7,,"premaiva gopa-rāmānāṁ / kāma ity agamat prathām
 ity uddhavādayo 'py etaṁ / vāñchanti bhagavat-priyāḥ",CC Ādi 4.163,prema—love; eva—only; gopa-rāmānām—of the women of Vraja; kāmaḥ—lust; iti—as; agamat—went to; prathām—fame; iti—thus; uddhava-ādayaḥ—headed by Śrī Uddhava; api—even; etam—this; vāñchanti—desire; bhagavat-priyāḥ—dear devotees of the Supreme Personality of Godhead.,"The pure love of the gopīs has become celebrated by the name 'lust.' The dear devotees of the Lord, headed by Śrī Uddhava, desire to taste that love. (Although the gopīs' prema is sometimes referred to as kāma, it is completely devoid of lust, or mundane kāma)."
841, Prayojana-tattva – Prema,15.8,,"ataeva gopī-gaṇera nāhi kāma-gandha
 kṛṣṇa-sukha lāgi mātra, kṛṣṇa se sambandha",CC Ādi 4.172,ataeva—therefore; gopī-gaṇera—of the gopīs; nāhi—not; kāma-gandha—the slightest bit of lust; kṛṣṇa-sukha—the happiness of Lord Kṛṣṇa; lāgi—for; mātra—only; kṛṣṇa—Lord Kṛṣṇa; se—that; sambandha—the relationship.,Thus there is not the slightest taint of lust in the gopīs' love. Their relationship with Kṛṣṇa is only for the sake of His enjoyment.
842, Prayojana-tattva – Prema,15.9,,"āmāra darśane kṛṣṇa pāila eta sukha
 ei sukhe gopīra praphulla aṅga-mukha",CC Ādi 4.191,āmāra darśane—in seeing me; kṛṣṇa—Lord Kṛṣṇa; pāila—obtained; eta—so much; sukha—happiness; ei—this; sukhe—in happiness; gopīra—of the gopīs; praphulla—full-blown; aṅga-mukha—bodies and faces.,"[The gopīs think:] ""Kṛṣṇa has obtained so much pleasure by seeing me."" That thought increases the fullness and beauty of their faces and bodies."
843, Prayojana-tattva – Prema,15.1,,"gopī-śobhā dekhi' kṛṣṇera śobhā bāḍhe yata
 kṛṣṇa-śobhā dekhi' gopīra śobhā bāḍhe tata",Ādi 4.192,gopī-śobhā—the beauty of the gopīs; dekhi'—seeing; kṛṣṇera—of Lord Kṛṣṇa; śobhā—the beauty; bāḍhe—increases; yata—as much as; kṛṣṇa-śobhā—the beauty of Lord Kṛṣṇa; dekhi'—seeing; gopīra—of the gopīs; śobhā—the beauty; bāḍhe—increases; tata—that much.,"The beauty of Lord Kṛṣṇa increases at the sight of the beauty of the gopīs. And the more the gopīs see Lord Kṛṣṇa's beauty, the more their beauty increases."
844, Prayojana-tattva – Prema,15.11,,"ataeva sei sukha kṛṣṇa-sukha poṣe
 ei hetu gopī-preme nāhi kāma-doṣe",CC Ādi 4.195,ataeva—therefore; sei—that; sukha—happiness; kṛṣṇa-sukha—the happiness of Lord Kṛṣṇa; poṣe—nourishes; ei—this; hetu—reason; gopī-preme—in the love of the gopīs; nāhi—there is not; kāma-doṣe—the fault of lust.,Therefore we find that the joy of the gopīs nourishes the joy of Lord Kṛṣṇa. For that reason the fault of lust is not present in their love.
845, Prayojana-tattva – Prema,15.12,,"smāyāvaloka-lava-darśita-bhāva-hāri
 bhrū-maṇḍala-prahita-saurata-mantra-śauṇḍaiḥ
 patnyas tu śoḍaśa-sahasram anaṅga-bāṇair
 yasyendriyaṁ vimathitum karaṇair na śekuḥ",SB 10.61.5,smāya—with concealed laughter; avaloka—of glances; lava—by the traces; darśita—displayed; bhāva—by the intentions; hāri—enchanting; bhrū—of the eyebrows; maṇḍala—by the arch; prahita—sent forth; saurata—romantic; mantra—of messages; śauṇḍaiḥ—with the manifestations of boldness; patnyaḥ—wives; tu—but; ṣoḍaśa—sixteen; sahasram—thousand; anaṅga—of Cupid; bāṇaiḥ—with the arrows; yasya—whose; indriyam—senses; vimathitum—to agitate; karaṇaiḥ—and by (other) means; na śekuḥ—were unable.,"The arched eyebrows of these sixteen thousand queens enchantingly expressed those ladies' secret intentions through coyly smiling sidelong glances. Thus their eyebrows boldly sent forth conjugal messages. Yet even with these arrows of Cupid, and with other means as well, they could not agitate Lord Kṛṣṇa's senses."
846, Prayojana-tattva – Prema,15.13,,"sādhāraṇī dhūmayitā samañjasā sadā dīpta
 rūḍhe tathoddīpta samarthāya
 śuddīpta śrī-rādhā-prema jena ujjvalita hema
 modanādi bhābe sadā tāya",Gīta māla,sādhāraṇī—sādhāraṇī; dhūmayitā—smokey; samañjasā—samanjasa; sadā—always; dīpta—blazing; rūḍhe—in rudha; tathā—so; uddīpta—shining; samarthāya—of the samartha; śuddīpta—brilliantly shining; śrī-rādhā—Rādhā;-prema—love; jena—like; ujjwalita—shining; hema—gold; modanādi—beginning with modana; bhābe—bhāva; sadā—always; tāya—of Her.,"The sādhāraṇī lovers (like Kubjā) manifest ecstatic love that is dhūmāyita (smokey). The samañjasa lovers (like the Dvārakā queens) manifest ecstatic love that is dīpta (shining). The samartha lovers (the gopīs) in rūḍha-mahā-bhāva manifest ecstastic love that is uddīpta (brilliantly shining). Śrī Rādhā manifests ecstatic love that is sūddīpta (very brilliantly shining), love that glistens like gold. In that love modana and the other bhāvas are always manifest. (samartha means competent, capable, highly expert (at controlling Kṛṣṇa)."
847, Prayojana-tattva – Prema,15.14,The devotees keep Me bound in their hearts with the ropes of prema,"bhakta āmā preme bāndhiyāche hṛdaya-bhitare
 yāhāṅ netra paḍe tāhāṅ dekhaye āmāre",CC Mad 25.127,bhakta—a devotee; āmā—Me; preme—by love; bāndiyāche—has bound; hṛdaya-bhitare—within his heart; yāhāṅ—wherever; netra—the eyes; paḍe—fall; tāhāṅ—there; dekhaye—he sees; āmāre—Me.,"""The devotees keep Me bound in their hearts with the ropes of prema. And outside their hearts, they see only Me wherever they look."""
848, Prayojana-tattva – Prema,15.15,,"nitya-siddha kṛṣṇa-prema 'sādhya' kabhu naya
 śravaṇādi-śuddha-citte karaye udaya",CC Mad 22.107,"nitya-siddha—eternally established; kṛṣṇa-prema—love of Kṛṣṇa; sādhya—to be gained; kabhu—at any time; naya—not; śravaṇa-ādi—by hearing, etc.; śuddha—purified; citte—in the heart; karaye udaya—awakens.","""Kṛṣṇa-prema is a potentiality which eternally exists in the hearts of the living entities. It is not something to be gained from another source. When the heart is purified by hearing and chanting (under the guidance of sad-guru) this love naturally awakens."""
849, Prayojana-tattva – Prema,15.16,Prema-bhakti is the aim and object of life,"yasyāḥ śreyas-karaṁ nāsti
 yayā nirvṛtim āpnuyāt
 yā sādhayati mām eva
 bhaktiṁ tām eva sādhayet",BS 60,na asti—there is nothing else; śreyaḥ-karam—which is more potent in promoting auspiciousness; yasyāḥ—than that (śuddha-bhakti); yayā—by that; āpnuyāt—one can attain; nirvṛtim—supreme bliss; eva—certainly; yā sādhayati—it captivates; mām—Me; eva—indeed; sādhayet—one should practice sādhana; tām bhaktim—for that śuddha-bhakti.,"Prema-bhakti is the aim and object of life, and there is nothing more auspicious than this. The platform of supreme bliss is attained only through prema-bhakti. This prema-bhakti, which leads to Me, is only achieved through sādhana-bhakti."
850, Prayojana-tattva – Prema,15.17,,"sādhana-bhakti haite haya 'rati'ra udaya
 rati gāḍha haile tāra 'prema' nāma kaya",CC Mad 19.177,sādhana-bhakti—the process of engaging the mind and senses in rendering devotional service with the aim of attaining bhāva-bhakti; haite—from; haya—there is; ratira—of attachment; udaya—the awakening; rati—such attachment; gāḍha haile—becoming thick; tāra—of this; prema—love of Godhead; nāma—the name; kaya—is said.,"By regularly rendering devotional service, one gradually becomes attached to Śrī Kṛṣṇa. When that attachment is intensified, it becomes prema-bhakti."
851, Prayojana-tattva – Prema,15.18,laukika-sad-bandhuvat,"tat tu laukika-sad-bandhu- / buddhyā prema bhayādi-jam
 vighnaṁ nirasya tad gopa- / gopī-dāsyepsayārjayet",Śrī Bṛhad-Bhāgatāmṛtam 2.5.217,tat—that; tu—indeed; laukika—in this world; sad-bandhu—friend; buddhyā—with the idea; prema—love; bhaya—fear; ādi—beginning; jam—born; vighnam—impediment; nirasya—rejecting; tat—that; gopa—of the gopas; gopī—of the gopis; dāsya—service; ipsayā—with the desire; arjayet—is.,"Thinking of the Lord as one's own friend or relative (just as one has a natural, spontaneous affection for a friend or a relative in this material world), and yearning to serve the gopas and gopīs, one should reject awe and reverence (aiśvarya mood) as well as all other impediments and strive to attain that pure love."
852, Prayojana-tattva – Prema,15.19,Definition of Bhakti endowed with mamatā (i.e. prema),"ananya-mamatā viṣṇau mamatā prema-saṅgatā
 bhaktir ity ucyate bhīṣma- prahlādoddhava-nāradaiḥ",Śrī Bhakti-Rasāmṛta-Sindhu 1.4.2,,"""When one develops an unflinching sense of ownership or possessiveness (mamāta) in relation to Śrī Kṛṣṇa, or in other words, when one thinks Kṛṣṇa and no one else to be the only object of love, such an awakening is called prema-bhakti by exalted persons like Bhīṣma, Prahlāda, Uddhava, and Nārada."""
853, Prayojana-tattva – Prema,15.2,Love for Śrī Kṛṣṇa is the ultimate aim and objective of the jīva,"brahmāṇḍa bhramite kona bhāgyavān jīva
 guru-kṛṣṇa-prasāde pāya bhakti-latā-bīja
 mālī hañā kare sei bīja āropaṇa
 śravaṇa-kīrtana-jale karaye secana
 'prema-phala' pāki' paḍe, mālī āsvādaya
 latā avalambi' mālī 'kalpa-vṛkṣa' pāya
 tāhāṅ sei kalpa-vṛkṣera karaye sevana
 sukhe prema-phala-rasa kare āsvādana
 ei ta parama-phala 'parama-puruṣārtha'
 yāṅra āge tṛṇa-tulya cāri puruṣārtha",CC Mad 19. 151-152,"brahmāṇḍa bhramite—wandering in this universe; kona—some; bhāgyavān—most fortunate; jīva—living being; Guru—of the spiritual master; kṛṣṇa—of Kṛṣṇa; prasāde—by the mercy; pāya—gets; bhakti-latā—of the creeper of devotional service; bīja—the seed; mālī hañā—becoming a gardener; kare—does; sei—that; bīja—seed of devotional service; āropaṇa—sowing; śravaṇa—of hearing; kīrtana—of chanting; jale—with the water; karaye—does; secana—sprinkling;prema-phala—the fruit of love of God; pāki'—becoming mature; paḍe—falls down; mālī—the gardener; āsvādaya—tastes; latā avalambi'—taking advantage of the growing bhakti-latā; mālī—the gardener; kalpa-vṛkṣa pāya—reaches the desire tree in Goloka Vṛndāvana; tāhāṅ—there (in Goloka Vṛndāvana); sei kalpa-vṛkṣera—of the lotus feet of Kṛṣṇa, which are compared to a desire tree; karaye sevana—engages in the service; sukhe—in transcendental bliss; prema-phala-rasa—the juice of the fruit of devotional service; kare—does; āsvādana—tasting; eita—this; parama-phala—the supreme goal of life; parama—supreme; puruṣa-artha—interest of the living being; yāṅra āge—in the presence of which; tṛṇa-tulya—very insignificant; cāri—four; puruṣa-artha—the different types of human interests.","""While wandering on and on in this material existence, some fortunate jīva, by the mercy of Guru and Kṛṣṇa, attains the bhakti-latā-bīja, the seed of the creeper of devotion, in the form of Kṛṣṇa sevā-vāsanā (the desire to serve Kṛṣṇa). He becomes a gardener and waters that seed with the water of śravaṇa and kīrtana. At first it begins to sprout, and then it becomes a creeper. It pierces the coverings of the universe, and one after another traverses the Virajā, Brahmaloka and the Paravyoma. Finally, it climbs up to the desire-tree of Vrajendra-nandana Śrī Kṛṣṇa's lotus feet in Goloka Vṛndāvana. There it bears fruits in the form of prema. When the fruit of prema becomes ripe, it falls here in this world, and the gardener tastes it. Taking support from that bhakti-latā he takes shelter of the desire tree of Śrī Kṛṣṇa's lotus feet and always tastes the rasa of the prema fruit. This very prema is the crest jewel of all achievements for the jīva."""
854, Prayojana-tattva – Prema,15.21,"Love for Krishna is the supreme goal of human life, parama-puruṣārtha","kṛṣṇa-viṣayaka premā—parama puruṣārtha
 yāra āge tṛṇa-tulya cāri puruṣārtha",CC Ādi 7.84,kṛṣṇa-viṣayaka—in the subject of Kṛṣṇa; premā—love; parama—the highest; puruṣa-artha—achievement of the goal of life; yāra—whose; āge—before; tṛṇa-tulya—like the grass in the street; cāri—four; puruṣa-artha—achievements.,"Love for Krishna is the supreme goal of human life, or parama-puruṣārtha. The other four goals of life are insignificant in comparison to it. This fifth goal of life, prema, is like an ocean of ecstatic nectar. In comparison, the joys derived from dharma, artha, kāma, and mokṣa are nothing more than a drop of water."
855, Prayojana-tattva – Prema,15.22,Prema bhakti is extremely rare – who could desire anything else?,"taṁ durārādhyam ārādhyo / satām api durāpayā
 ekānta-bhaktyā ko vāñchet / pāda-mūlaṁ vinā bahiḥ",SB 4.25.55,tam—unto You; durārādhyam—very difficult to worship; ārādhya—having worshiped; satām api—even for the most exalted persons; durāpayā—very difficult to attain; ekānta—pure; bhaktyā—by devotional service; kaḥ—who is that man; vāñchet—should desire; pāda-mūlam—lotus feet; vinā—without; bahiḥ—outsiders.,"O Bhagavān, Your unalloyed devotional service is extremely difficult to attain, even for sādhus. After worshiping Your lotus feet, which are rarely attained, what kind of unfortunate person in this world could give up loving service to them and desire anything else born of ignorance, such as the happiness derived from the gross physical body, from elevation to heaven, or from liberation?"
856, Prayojana-tattva – Prema,15.23,"All glories, all glories to Śrī Kṛṣṇa-prema-bhakti!","jayati jayati kṛṣṇa-prema-bhaktir yad-aṅghriṁ
 nikhila-nigama-tattvaṁ gūḍham ājñāya muktiḥ
 bhajati śaraṇa-kāmā vaiṣṇavais tyajyamānā
 japa-yajana-tapasyā-nyāsa-niṣṭhāṁ vihāya",Śrī Bṛhad-Bhāgavatāmṛta 1.1.8,jayati jayati—all glories; kṛṣṇa—to Kṛṣṇa; prema-bhaktiḥ—to pure devotional service in mature love; yat—whose; aṅghrim—feet; nikhila—all; nigama—of the Vedas; tattvam—the truth; gūḍham—confidential; ājñāya—knowing which; muktiḥ—liberation personified; bhajati—worships her; śaraṇa—shelter; kāmā—being eager to have; vaiṣṇavaiḥ—by the devotees of the Lord; tyajyamānā—having been abandoned; japa—on mantra chanting; yajana—Vedic sacrifices; tapasyā—penances; nyāsa—and renunciation; niṣṭhām—her dependence; vihāya—giving up.,"All glories, all glories to Śrī Kṛṣṇa-prema-bhakti! Knowing that the feet of prema-bhakti secretly comprise all the truths of the Vedas, Liberation herself has come to worship her. Indeed, Liberation, abandoned by the Vaiṣṇavas, has now given up her dependence on mantras, penance, sacrifice, and renunciation and is eager to have the shelter of Prema-bhakti."
857, Prayojana-tattva – Prema,15.24,May my heart be captivated only by that cluster of bluish brilliance whose colour resembles a young tamāla tree and who graces the kuñjas on the banks of the Yamunā,"alaṁ tri-diva-vārtayā kim iti sārvabhauma-śrīyā
 vidūratara-vārtinī bhavatu mokṣa-lakṣmīr api
 kalinda-giri-nandinī-taṭa-nikuñja-puñjodare
 mano harati kevalaṁ nava-tamāla-nīlaṁ mahaḥ",Padyāvalī 102 (Śrī Haridās),"alam—enough!; tri-diva—of the heavenly planets; vārtayā—with talk; kim—what is the use?; iti—thus; sārva-bhauma—of emperorship; śrīyā—with the opulence; vidūratara—far away; vārtinī—being; bhavatu—may become; mokṣa—of liberation; lakṣmīḥ—the opulence; api—also; kalinda-giri-nandinī—of the Yamunā River, the daughter of Mount Kalinda; taṭa—on the shore; nikuñja—the groves; puñja—of the multitude; udare—within; manaḥ—my heart; harati—steals; kevalam—exclusively; nava—a new; tamāla—tamāla tree; nīlam—blue; mahaḥ—splendor.","Enough with this talk of celestial planets! And what is the use of becoming emperor of the earth? Still further, may any thought of the opulence of liberation go far away from me for none of these afford me any pleasure. My heart is captivated only by that cluster of bluish brilliance whose colour resembles a young tamāla tree and who graces the kuñjas on the banks of the Yamunā."
858, Prayojana-tattva – Prema,15.25,May that cowherd boy who is a festival of ecstatic bliss eternally enjoy transcendental pastimes in our hearts,"dhanyānāṁ hṛdi bhāsatāṁ girivara-pratyagra-kuñjaukasāṁ
 satyānanda-rasaṁ vikāra-vibhava-vyāvṛttam antar-mahaḥ
 asmākaṁ kila ballavī-rati-raso vṛndāṭavī-lālaso
 gopaḥ ko 'pi mahendrānīla-ruciraś citte muhuḥ krīḍatu",Padyāvalī 75 (Śrī Iśvara Purī),dhanyānām—of those who are fortunate; hṛdi—in the heart; bhāsatām—manifest; girivara—of Govardhana Hill; prati—in each; agra-kuñja—grove; aukasām—residing; satya—transcendental; ānanda—of bliss; rasam—nectar; vikāra-vibhava-vyāvṛtam—transcendental ecstasy; antaḥ—in the heart; mahaḥ—festival; asmākam—of us; kila—indeed; ballavī—with the gopīs; rati-rasaḥ—with the nectar of love; vṛndā-aṭavi—in Vṛndāvana forest; lalasaḥ—eagerly enjoying pastimes; gopaḥ—cowherd boy; kaḥ api—a certain; mahā—great; indranīla—of a sapphire; ruciraḥ—with the splendor; citte—in the heart; muhuḥ—repeatedly; krīḍatu—may enjoy pastimes.,"May that cowherd boy who is a festival of ecstatic bliss for the hearts of the fortunate creatures residing in the groves of Govardhana Hill, who is the lover of the gopīs, who eagerly enjoy pastimes in Vṛndāvana forest, and whose complexion is as splendid as a great sapphire, eternally enjoy transcendental pastimes in our hearts."
859, Prayojana-tattva – Prema,15.26,We will simply take shelter of a flutist who wears a guñjā-necklace,"rasaṁ praśaṁsantu kavitva-niṣṭhā
 brahmāmṛtaṁ veda-śiro-niviṣṭāḥ
 vayaṁ tu guñjā-kalitāvataṁsaṁ
 gṛhīta-vaṁśaṁ kam api śrayāmaḥ",Padyāvalī 76 (Śrī Mādhavendra Purī),"rasam—the mellows of poetry; praśaṁsantu—may glorify; kavitva—to poetry; niṣṭhāḥ—those devoted; brahma—of Brahman; amṛtam—the nectar; veda-śiraḥ-niviṣṭāḥ—those devoted to studying the Vedas; vayam—we; tu—but; guñja—of small red, white and black berries worn by Kṛṣṇa and said to be a form of Śrī Rādhā kalita—fashioned; avataṁsam-with a garland; gṛhīta—taken; vaṁśam—a flute; kam api—of a certain person; śrayāmaḥ—we have taken shelter.",Those devoted to poetry may praise the nectar of poetry and those devoted to Vedic study may praise the nectar of impersonal Brahman. We will praise neither. We will simply take shelter of that flutist who wears a guñjā necklace
860, Prayojana-tattva – Prema,15.27,My mind runs only after that blue boy in Vraja on the banks of the Yamunā,"jātu prārthayate na pārthiva-padaṁ naindre pade modate
 sandhate na ca yoga-siddhiṣu dhiyaṁ mokṣaṁ ca nākāṅkṣate
 kālindī-vana-sīmāni sthira-taḍin-megha-dyutau kevalam
 śuddhe brahmaṇi ballavī-bhuja-latā-baddhe mano dhāvati",Padyāvalī 78 (Śrī Kaviratna),"jātu—ever; prārthayate—prays; na—not; pārthiva—of an earthly king; padam—the post; na—not; aindre—of Indra, the king of Svargaloka; pade—the post; modate—pleases; sandhatte—fixes; na—not; ca—and; yoga—of the yoga system; siddhiṣu—on the mystic perfections; dhiyam—the mind; mokṣam—liberation; ca—also; na—not; ākāṇkṣate—desires; kālindī—of the Yamunā River; vana—in the forest; sīmāni—on the shore; sthira—stationary; taḍit—lightning flash; megha—a cloud; dyutau—the splendor; kevalam—only; śuddhe—pure; brahmaṇi—the Brahman; ballavī—of a gopī; bhuja—of the arm; latā—by the vine; baddhe—bound; manaḥ—the mind; dhāvati—runs.","My mind never prays for the post of an earthly king. The post of King Indra does not appeal to it. It does not like the yogic perfections. It does not yearn after liberation. It only runs after the pure supreme Brahman, who, being embraced by the creeper-like arms of the gopīs, appears like a lustrous fresh raincloud interlaced with steady streaks of lightning in the Vṛndāvana forest on the banks of the Yamunā."
861, Prayojana-tattva – Prema,15.28,I pray that the cowherd boy who expertly casts amorous glances may at once appear within the temple of my heart,"anaṅga-rasa-cāturī-capala-cāru-netrāñcalaś
 calan-makara-kuṇḍala-sphurita-kānti-gaṇḍa-sthalaḥ
 vrajollasita-nāgarī-nikara-rāsa-lāsyotsukaḥ
 sa me sapadi mānase sphuratu ko 'pi gopālakaḥ",Padyāvalī 97 (Śrī Mādhavendra Purī),anaṅga—of amorous love; rasa—in the mellows; cāturī—expertness; capala—restless; cāru—beautiful; netra—of the eyes; añcalaḥ—the corners; calat—moving; makara—shark; kuṇḍala—earrings; sphurita—glistening; kānti—splendor; gaṇḍa-sthalaḥ—on the cheekṣ; vraja—of Vraja; ullasita—splendid; nāgarī—of girls; nikara—with a multitude; lāsya—dance; rāsa—inspiring the essence of all rasa; lāsya—dance; utsukaḥ—eager; saḥ—He; me—of me; sapadi—at once; mānase—in the heart; sphuratu—may appear; kaḥ api—a certain; gopālakaḥ—cowherd boy.,"I pray that the cowherd boy who expertly casts amorous glances from the corners of His restless eyes, whose cheeks are decorated with glistening, beautiful, swinging shark-shaped earrings, and who is very eager to enjoy the rāsa dance with the blissful gopīs of Vraja, may at once appear within the temple of my heart."
862, Prayojana-tattva – Prema,15.29,Vraja is this jewel of rati (bhāva) awakened within one's heart.,"puṇyā bata vraja-bhuvo yad ayaṁ nṛ-liṅga-
 gūḍhaḥ purāṇa-puruṣo vana-citra-mālyaḥ
 gāḥ pālayan saha-balaḥ kvaṇayaṁś ca veṇuṁ
 vikrīdayāñcati giritra-ramārcitāṅghriḥ",SB 10.44.13,puṇyāḥ—pious; bata—indeed; vraja-bhuvaḥ—the various regions of the land of Vraja; yat—in which; ayam—this; nṛ—human; liṅga—by characteristics; gūḍhaḥ—disguised; purāṇa-puruṣaḥ—the primeval Personality of Godhead; vana—composed of flowers and other items of the forest; citra—of wonderful variety; mālyaḥ—whose garlands; gāḥ—the cows; pālayan—herding; saha—together with; balaḥ—Lord Balarāma; kvaṇayan—vibrating; ca—and; veṇum—His flute; vikrīḍayā—with various pastimes; añcati—He moves about; giritra—by Lord Śiva; ramā—and the goddess of fortune; arcita—worshiped; aṅghriḥ—His feet.,"""Aho! how pious are the tracts of land in Vraja for there the parama-purāṇa-puruṣa Śrī Kṛṣṇa, who is worshipped by Śiva and Lakṣmī, wanders disguised as a human being, Adorned with an astonishing multi-colored garland of flowers, He tends the cows accompanied by Baladeva and His sakhās, vibrating His sweet flute and absorbed in various kinds of krīḍā-vilāsa."""
863, Prayojana-tattva – Prema,15.3,Govinda Dāmodara Mādhaveti,"yā dohane 'vahanane mathanopalepa
 preṅkheṅkhanārbha-ruditokṣaṇa-mārjanādau
 gāyanti cainam anurakta-dhiyo 'śru-kaṇṭhyo
 dhanyā vraja-striya urukrama-citta-yānāḥ",SB 10.44.15,yaḥ—who (the gopīs); dohane—while milking; avahanane—threshing; mathana—churning; upalepa—smearing; preṅkha—on swings; iṅkhana—swinging; arbha-rudita—(taking care of) crying babies; ukṣaṇa—sprinkling; mārjana—cleaning; ādau—and so on; gāyanti—they sing; ca—and; enam—about Him; anurakta—very much attached; dhiyaḥ—whose minds; aśru—with tears; kaṇṭhyaḥ—whose throats; dhanyāḥ—fortunate; vraja-striyaḥ—the ladies of Vraja; urukrama—of Lord Kṛṣṇa; citta-yānāḥ—in the chariots of their hearts.,"[The Mathurā-ramaṇīs said:] The gopīs of Vraja are the most fortunate of women because, their minds are fully attached to Kṛṣṇa. They keep Him always travelling on the chariots of their hearts and with their throats choked up by tears, they constantly sing about Him while milking the cows, winnowing grain, churning butter, gathering cow dung for fuel, riding on swings, taking care of crying babies, sprinkling the ground with water, cleaning their houses, and so forth."
864, Prayojana-tattva – Prema,15.31,"The gopīs see Him as He walks down the road, His smiling face mercifully glancing upon them","prātar vrajād vrajata āviśataś ca sāyaṁ
 gobhiḥ samaṁ kvaṇayato 'sya niśamya veṇum
 nirgamya tūrṇam abalāḥ pathi bhūri-puṇyāḥ
 paśyanti sa-smita-mukhaṁ sa-dayāvalokam",SB 10.44.16,prātaḥ—in the early morning; vrajāt—from Vraja; vrajataḥ—of Him who is going; āviśataḥ—entering; ca—and; sāyam—in the evening; gobhiḥ samam—together with the cows; kvaṇayataḥ—who is playing; asya—His; niśamya—hearing; veṇum—the flute; nirgamya—coming out; tūrṇam—quickly; abalāḥ—the women; pathi—on the road; bhūri—extremely; puṇyāḥ—pious; paśyanti—they see; sa—with; smita—smiling; mukham—face; sa-daya—merciful; avalokam—with glances.,"When the gopīs hear Kṛṣṇa playing His flute as He leaves Vraja in the morning with His cows or returns with them at sunset, the young girls quickly come out of their houses to see Him. They must have performed many pious activities to be able to see Him as He walks on the road, His smiling face mercifully glancing upon them."
865, Prayojana-tattva – Prema,15.32,"Oh sakhī, this Vṛndāvana is spreading the fame of the Earth","vṛndāvanaṁ sakhi bhuvo vitanoti kīṛtiṁ
 yad devakī-suta-padāmbuja-labdha-lakṣmi
 govinda-veṇum anu matta-mayūra-nṛtyaṁ
 prekṣyādri-sānv-avaratānya-samasta-sattvam",SB 10.21.10,vṛndāvanam—Vṛndāvana; sakhi—O friend; bhuvaḥ—of the earth; vitanoti—spreads; kīrtim—the glories; yat—because; devakī-suta—of the son of Devakī; pada-ambuja—from the lotus feet; labdha—received; lakṣmi—the treasure; govinda-veṇum—the flute of Govinda; anu—upon hearing; matta—maddened; mayūra—of the peacocks; nṛtyam—in which there is the dancing; prekṣya—seeing; adri-sānu—upon the peaks of the hills; avarata—stunned; anya—other; samasta—all; sattvam—creatures.,"""O sakhī, this Vṛndāvana is spreading the fame of the Earth planet even above that of Vaikuṇṭha because it is splendidly decorated by the marks of the lotus feet of Yaśodānandana Śrī Kṛṣṇa. Sakhī, when rasikendra Śrī Kṛṣṇa plays on His muralī, which enchants the whole world, the peacocks become intoxicated and, thinking the sound of the flute to be the roaring thunder of the clouds, spread their tail feathers and begin to dance. Seeing this, the birds and animals roaming on the mountain summits become completely stunned and relish the sound of the flute with their ears and the dance of the peacocks with their eyes."""
866, Prayojana-tattva – Prema,15.33,"The gopīs attribute their own confidential, inner moods to the rivers","nadyas tadā tad upadhārya mukunda-gītam
 āvarta-lakṣita-manobhava-bhagna-vegāḥ
 āliṅgana-sthagitam ūrmi-bhujair murārer
 gṛhṇanti pāda-yugalaṁ kamalopahārāḥ",SB 10.21.15,nadyaḥ—the rivers; tadā—then; tat—that; upadhārya—perceiving; mukunda—of Lord Kṛṣṇa; gītam—the song of His flute; āvarta—by their whirlpools; lakṣita—manifest; manaḥ-bhava—by their conjugal desire; bhagna—broken; vegāḥ—their currents; āliṅgana—by their embrace; sthagitam—held stationary; ūrmi-bhujaiḥ—by the arms of their waves; murāreḥ—of Lord Murāri; gṛhṇanti—they seize; pāda-yugalam—the two lotus feet; kamala-upahārāḥ—carrying offerings of lotus flowers.,"When the rivers hear the flute-song of Kṛṣṇa, their minds begin to desire Him, and thus the flow of their currents is broken and their waters are agitated, moving around in whirlpools. Then with the arms of their waves the rivers embrace Murāri's lotus feet and, holding on to them, present offerings of lotus flowers."
867, Prayojana-tattva – Prema,15.34,Śrīmatī Rādhikā attributes Prema to the aborigine girls (Pulindis),"pūrṇāḥ pulindya urugāya-padābja-rāga
 śrī-kuṅkumena dayitā-stana-maṇḍitena
 tad-darśana-smara-rujas tṛṇa-rūṣitena
 limpantya ānana-kuceṣu jahus tad-adhim",SB 10.21.17,pūrṇāḥ—fully satisfied; pulindyaḥ—the wives of the Śabara tribe; urugāya—of Lord Kṛṣṇa; pada-abja—from the lotus feet; rāga—of reddish color; śrī-kuṅkumena—by the transcendental kuṅkuma powder; dayitā—of His girlfriends; stana—the breasts; maṇḍitena—which had decorated; tat—of that; darśana—by the sight; smara—of Cupid; rujaḥ—feeling the torment; tṛṇa—upon the blades of grass; rūṣitena—attached; limpantyaḥ—smearing; ānana—upon their faces; kuceṣu—and breasts; jahuḥ—they gave up; tat—that; ādhim—mental pain.,"[Śrīmatī Rādhikā said:] ""O sakhi! These Pulindīs, the young women who live in the forest, are fully satisfied because they possess anurāga, extraordinary attachment for Śrī Śyāmasundara within their hearts. When they see our dearmost beloved Śrī Kṛṣṇa, the anguish of divine lust arises within them, and their hearts are struck with the disease of love. One of His beloveds had adorned her breast with reddish kuṅkuma which came off on Kṛṣṇa's lotus feet. When Śyāma roams through Vṛndāvana, the grass gets covered with this kuṅkuma. The supremely fortunate Pulindi girls see it and are immediately overwhelmed by the burning torment of smara (Cupid). They take this kuṅkuma and smear it on their faces and breasts. In this way they alleviate the anguish of their kāma."
868, Prayojana-tattva – Prema,15.35,"O sakhīs, this mountain, Govardhana, is the crown jewel of Hari's servants","hantāyam adrir abalā hari-dāsa-varyo
 yad rāma-kṛṣṇa-caraṇa-sparaśa-pramodaḥ
 mānaṁ tanoti saha-go-gaṇayos tayor yat
 pānīya-sūyavasa-kandara-kandamūlaiḥ",SB 10.21.18,"hanta—oh; ayam—this; adriḥ—hill; abalāḥ—O friends; hari-dāsa-varyaḥ—the best among the servants of the Lord; yat—because; rāma-kṛṣṇa-caraṇa—of the lotus feet of Lord Kṛṣṇa and Balarāma; sparaśa—by the touch; pramodaḥ—jubilant; mānam—respect; tanoti—offers; saha—with; go-gaṇayoḥ—the cows, calves and cowherd boys; tayoḥ—to Them (Śrī Kṛṣṇa and Balarāma); yat—because; pānīya—with drinking water; sūyavasa—very soft grass; kandara—caves; kanda-mūlaiḥ—and edible roots.","O sakhīs, this mountain, Govardhana, is the crown jewel of Hari's servants. Blessed is his fortune! By the touch of the lotus feet of our prāṇa-vallabha Śrī Kṛṣṇa and Baladeva Prabhu, who is most pleasing to the eyes, Govardhana is blossoming with delight and supplying crystal-clear water, soft grass, wonderful caves and varieties of roots. By thus serving Śrī Kṛṣṇa and Balarāma, who are surrounded by the cowherd boys and cows, he highly honours them."
869, Prayojana-tattva – Prema,15.36,This hill is Haridāsa-varya,"giri-nṛpa! haridāsa-śreṇī-varyeti-nāmā
 mṛtam idam uditaṁ śrī-rādhikā-vaktra-candrāt
 vraja-nava-tilakatve klṛpta! vedaiḥ sphuṭaṁ me
 nija-nikaṭa-nivāsaṁ dehi govardhana! tvam",Śrī Govardhana-vāsa-prārthanā 8,giri—of hills; nṛpa—the king; hari—of Lord Kṛṣṇa; dāsa—of servants; śreṇi—of the multitudes; varya—the best; iti—thus; nāma—name; amṛtam—nectar; idam—this; uditam—spoken; śrī-rādhikā—of Śrī Rādhā; vaktra—of the mouth; candrāt—from the moon; vraja—of Vraja; nava—new; tilakatve—as the tilaka marking; klpta—conceived; vedaiḥ—by the Vedas; sphuṭam—manifested; me—of me.,"O Girirāja Mahārāja, from the moon-like face of Śrīmatī Rādhikā the following words have issued: ""This hill is the best of those who are known as haridāsa."" These words from the Śrīmad-Bhāgavatam (10.21.18) have revealed the nectar of your name, and all the Vedas have established you as the fresh tilaka of Vraja-maṇḍala. You are such"
870, Prayojana-tattva – Prema,15.37,,"manasaḥ prakṛte jāto giri govardhano mahān
 divyaṁ vṛndāvanaṁ dṛṣtvā paramānanda māpa saḥ",Bhaviṣya-Purāna,,"The topmost rasika Girirāja Govardhana manifested directly from the heart of Śrīmatī Rādhikā, Śrī Kṛṣṇa's svarūpa-śakti. He achieved the topmost transcendental bliss upon seeing Vṛndāvana."
871, Prayojana-tattva – Prema,15.38,The pure devotees bring Kṛṣṇa under their control,"mayi nirbaddha-hṛdayāḥ / sādhavaḥ sama-darśanāḥ
 vaśe kurvanti māṁ bhaktyā / sat-striyaḥ sat-patiṁ yathā",SB 9.4.66,mayi—unto Me; nirbaddha-hṛdayāḥ—firmly attached in the core of the heart; sādhavaḥ—the pure devotees; sama-darśanāḥ—who are equal to everyone; vaśe—under control; kurvanti—they make; mām—unto Me; bhaktyā—by devotional service; sat-striyaḥ—chaste women; sat-patim—unto the gentle husband; yathā—as.,"As chaste women bring their gentle husbands under control by service, the pure devotees, who are equal to everyone and completely attached to Me in the core of the heart, bring Me under their full control."
872, Prayojana-tattva – Prema,15.39,Internal symptoms of Prema,"tās tāḥ kṣapāḥ preṣṭhatamena nītā
 mayaiva vṛndāvana-gocareṇa
 kṣaṇārdha-vat tāḥ punar aṅga tāsāṁ
 hīnā mayā kalpa-samā babhūvuḥ",SB 11.12.11,tāḥ tāḥ—all those; kṣapāḥ—nights; preṣṭha-tamena—with the most dearly beloved; nītāḥ—spent; mayā—with Me; eva—indeed; vṛndāvana—in Vṛndāvana; go-careṇa—who can be known; kṣaṇa—a moment; ardha-vat—like half; tāḥ—those very nights; punaḥ—again; aṅga—dear Uddhava; tāsām—for the gopīs; hīnāḥ—bereft; mayā—of Me; kalpa—a day of Brahmā (432 billion years); samāḥ—equal to; babhūvuḥ—became.,"Dear Uddhava, all of those nights that the gopīs spent with Me, their most dearly beloved, in the land of Vṛndāvana seemed to them to pass in less than a moment. Bereft of My association, however, the gopīs felt that those same nights dragged on forever, as if each night were equal to a day of Brahmā."
873, Prayojana-tattva – Prema,15.4,The Gopīs run towards Kṛṣṇa upon hearing his flute song,"niśamya gītāṁ tad-anaṅga-vardhanaṁ
 vraja-striyaḥ kṛṣṇa-gṛhīta-mānasāḥ
 ājagmur anyonyam alakṣitodyamāḥ
 sa yatra kānto java-lola-kuṇḍalāḥ",SB 10.29.4,niśamya—hearing; gītam—the music; tat—that; anaṅga—Cupid; vardhanam—which fortifies; vraja-striyaḥ—the young women of Vraja; kṛṣṇa—by Kṛṣṇa; gṛhīta—seized; mānasāḥ—whose minds; ājagmuḥ—they went; anyonyam—to one another; alakṣita—unnoticed; udyamāḥ—their going forward; saḥ—He; yatra—where; kāntaḥ—their boyfriend; java—because of their haste; lola—swinging; kuṇḍalāḥ—whose earrings.,"When the young women of Vṛndāvana heard Kṛṣṇa's flute song, which arouses Cupid within the heart, their minds were absorbed in thoughts of the Lord. They went to where their lover waited, each unknown to the others, moving so quickly that their earrings swung back and forth."
874, Prayojana-tattva – Prema,15.41,Kṛṣṇa's form bewilders the whole world,"kā stry aṅga te kala-padāyata-veṇu-gīta-
 sammohitārya-caritān na calet tri-lokyām
 trailokya-saubhagam idaṁ ca nirīkṣya rūpaṁ
 yad go-dvija-druma-mṛgāḥ pulakāny abibhran",SB 10.29.40,kā—which; strī—woman; aṅga—dear Kṛṣṇa; te—Your; kala—sweet-sounding; pada—having stanzas; āyata—drawn-out; veṇu—of Your flute; gīta—by the song; sammohitā—completely bewildered; ārya—of civilized people; caritāt—from the proper behavior; na calet—does not deviate; tri-lokyām—within the three worlds; trai-lokya—of all the three worlds; saubhagam—the cause of auspiciousness; idam—this; ca—and; nirīkṣya—seeing; rūpam—the personal beauty; yat—because of which; go—the cows; dvija—birds; druma—trees; mṛgāḥ—and deer; pulakāni—bodily hair standing on end; abibhran—they bore.,"Dear Kṛṣṇa, what woman in all the three worlds wouldn't deviate from religious behavior when enchanted by the melodious, drawn-out melody of Your flute? Your beauty makes all three worlds auspicious. Indeed, even the cows, birds, trees and deer manifest the ecstatic symptom of bodily hair standing on end when they see Your beautiful form."
875, Prayojana-tattva – Prema,15.42,Prema kathā of the Gopīs,"mṛgayur iva kapīndraṁ vivyadhe lubdha-dharmā
 striyam akṛta-virūpāṁ strī-jitaḥ kāma-yānām
 balim api balim attvāveṣṭayad dhvāṅkṣavad yas
 tad alam asita-sakhyair dustyajas tat-kathārthaḥ",SB 10.47.17,"mṛgayuḥ—a hunter; iva—like; kapi—of the monkeys; indram—the king; vivyadhe—shot; lubdha-dharmā—behaving like a cruel hunter; striyam—a woman (namely, Śūrpaṇakhā); akṛta—made; virūpām—disfigured; strī—by a woman (Sītā-devī); jitaḥ—conquered; kāma-yānām—who was impelled by lusty desire; balim—King Bali; api—also; balim—his tribute; attvā—consuming; aveṣṭayat—bound up; dhvāṅkṣavat—just like a crow; yaḥ—who; tat—therefore; alam—enough; asita—with black Kṛṣṇa; sakhyaiḥ—of all kinds of friendship; dustyajaḥ—impossible to give up; tat—about Him; kathā—of the topics; arthaḥ—the elaboration.","Like a hunter, He cruelly shot the king of the monkeys with arrows. Because He was conquered for a woman, He disfigured another woman who came to Him with lusty desires. And even after consuming the gifts of Bali Mahārāja, He bound him up with ropes as if he were a crow. So let us give up all friendship with this dark-complexioned boy, even if we can't give up talking about Him."
876, Prayojana-tattva – Prema,15.43,Benefits of hearing such prema-filled kathā,"yad-anucarita-līlā-karṇa-pīyūṣa-vipruṭ-
 sakṛd-adana-vidhūta-dvandva-dharmā vinaṣṭāḥ
 sapadi gṛha-kuṭumbaṁ dīnam utsṛjya dīnā
 bahava iha vihaṅgā bhikṣu-caryāṁ caranti",SB 10.47.18,yat—whose; anucarita—constantly performed activities; līlā—of such pastimes; karṇa—for the ears; pīyūṣa—of the nectar; vipruṭ—of a drop; sakṛt—just once; adana—by the partaking; vidhūta—removed entirely; dvandva—of duality; dharmāḥ—their propensities; vinaṣṭāḥ—ruined; sapadi—immediately; gṛha—their homes; kuṭumbam—and families; dīnam—wretched; utsṛjya—rejecting; dīnāḥ—becoming themselves wretched; bahavaḥ—many persons; iha—here (in Vṛndāvana); vihaṅgāḥ—(like) birds; bhikṣu—of begging; caryām—the livelihood; caranti—they pursue.,"For those who relish just a single drop of the nectar of the pastimes that Kṛṣṇa regularly performs, their dedication to material life and their conception of duality is ruined. Many such persons have suddenly given up their wretched homes and families and, themselves becoming wretched, traveled here to Vṛndāvana to wander about like birds, begging for their living."
877, Prayojana-tattva – Prema,15.44,The method to attain residence in Vraja on the platform of Rāgātmikā bhakti,"yadīccher āvāsaṁ vraja-bhuvi sa-rāgaṁ prati-janur
 yuva-dvandvaṁ tac cet paricaritum ārād abhilaṣeḥ
 svarūpaṁ śrī-rūpaṁ sa-gaṇam iha tasyāgrajam api
 sphuṭaṁ premṇā nityaṁ smara nama tadā tvaṁ śṛṇu manaḥ",Manah siksha,yadi—if; iccheḥ—[you] desire; āvāsam—residence; vraja-bhuvi—in Vraja; sa-rāgam—with rāgātmikā-bhakti; prati-januḥ—in every birth; yuva-dvandvam—the youthful divine couple; tat—that; cet—[and] if; paricaritum—to serve; ārāt—directly; abhilaṣeḥ—desire; svarūpam— to Svarupa Damodara; śrī-rūpam—Śrila Rūpa Gosvāmī; sa-gaṇam—with their associates; iha—here; tasya—of him; agrajam—to his elder brother; api—also; sphuṭam—distinctly; premṇā—with love; nityam—always; smara—remember; nama—bow down; tadā—then; tvam—you; śṛṇu—listen; manaḥ—O mind.,"""My dear mind! Please hear me. If you are eager to gain residence in Vraja on the platform of rāgātmikā-bhakti, and if you desire to obtain the direct service of nava-yugala-kiśora, Śrī Rādhā-Kṛṣṇa, then birth after birth always distinctly remember and bow down with great love to Śrī Svarūpa Dāmodara Gosvāmī, Śrī Rūpa Gosvāmī, his elder brother Śrī Sanātana Gosvāmī, and all other associates of Śrī Caitanya Mahāprabhu, who are recipients of His mercy."""
878, Bhagavat-rasa-tattva,16.1,Śrī Kṛsṇa is the reservoir of pleasure for devotees in all transcendental mellows,"akhila-rasāmṛta-mūrtiḥ
 prasṛmara-ruci-ruddha-tārakā-pāliḥ
 kalita-śyāmā-lalito
 rādhā-preyān vidhur jayati",BRS 1.1.1,"akhila-rasa-amṛta-mūrtiḥ—the reservoir of all pleasure, in which exist all the mellows of devotional service, namely śānta, dāsya, sakhya, vātsalya and mādhurya; prasṛmara—spreading forth; ruci—by His bodily luster; ruddha—who has subjugated; tārakā—the gopī named Tārakā; pāliḥ—the gopī named Pāli; kalita—who has absorbed the minds of; śyāmā—the gopī named Śyāmā; lalitaḥ—and the gopī named Lalitā; rādhā-preyān—dearmost to Śrīmatī Rādhārāṇī; vidhuḥ—Kṛṣṇa, the Supreme Personality of Godhead; jayati—all glories to.","""Let Śrī Kṛṣṇa, be glorified! By virtue of His expanding attractive features, He subjugated the gopīs named Tārakā and Pāli and absorbed the minds of Śyāmā and Lalitā. He is the most attractive lover of Śrīmatī Rādhārāṇī and is the reservoir of pleasure for devotees in all transcendental mellows."""
879, Bhagavat-rasa-tattva,16.2,Daśa-Mūla on Rasa-tattva,"sa vai hlādinyāś ca praṇaya-vikṛter hlādana-ratas
 tathā samvic-chakti-prakaṭita-raho-bhāva-rasitaḥ
 tathā śrī-sāndhinyā kṛta-viśada-tad-dhāma-nicaye
 rasāmbhodhau magno vraja-rasa-vilāsī vijayate",Daśa-mūla-tattva 4,"sah vai—that same Śrī Hari; hlādinyāḥ—for His hlādinī potency, Śrī Rādhā; ca—and; praṇaya-vikṛteḥ—on account of a transformation caused by love; hlādana-rataḥ—is attached to the activities of pleasure; tathā—in the same way; samvit-śakti—of the samvit, cognitive potency; prakaṭita—is manifested; rahaḥ—confidential; bhāva—transcendental love; rasitaḥ—tasted; tathā—and; śrī-sandhinyāḥ—through His existence-sustaining potency; kṛta—created; viśada-tat-dhāma—of His splendid abodes; nicaye—multitude; rasāmbhodhau—in an ocean of rasa (transcendental mellows); magnaḥ—is immersed;vraja—in Vraja; rasa-vilāsī—that enjoyer of pleasure pastimes; vijayate—may He be gloriously victorious.","There are three functions of svarūpa-śakti: hlādinī, sandhinī and saṁvit. Kṛṣṇa remains perpetually immersed in the praṇaya-vikāra of the hlādinī-śakti. Because of the confidential bhāvas evoked by saṁvit-śakti, He is ever-situated as rasika-śekhara in relishing newer and newer rasa. That supremely independent pastime prince, Śrī Kṛṣṇa, is ever-drowned within the ocean of vraja-rasa in His transcendental bliss-filled abodes, headed by Vṛndāvana, which are manifest through sandhinī-śakti. All glories to Him!"
880, Bhagavat-rasa-tattva,16.3,,raso vai saḥ,Chāndogya-Upaniṣad 8.13.1,,Rasika-śekhara Śrī Nanda-nandana Kṛṣṇa is the embodiment of rasa; That Supreme Absolute Truth is the personification of all rasa; Kṛṣṇa is an ocean of rasa.
881, Bhagavat-rasa-tattva,16.4,Kṛṣṇa is perfect,"aṣṭādaśa-mahādoṣaiḥ / rahitā bhagavat-tanuḥ
 sarvaiśvaryamayī satya- / vijñānānanda-rūpiṇī",Vaiṣṇava-tantra,,"Bhagavān is endowed with all kinds of superhuman powers, perfect knowledge and joy, and His body is free from the eighteen types of general faults."
882, Bhagavat-rasa-tattva,16.5,These eighteen general faults,"mohas tandrā bhramo rukṣa-rasatā kāma ulbaṇaḥ
 lolatā mada-mātsaryau hiṁsā kheda-pariśramau
 asatyaṁ krodha ākāṅkṣā āśaṅkā viśva-vibhramaḥ
 viṣamatva parāpekṣā doṣā aṣṭādaśoditā",Viṣṇu-Yāmala,,"1) illusion, 2) lethargy, 3) bewilderment, 4) dullness, 5) intense lust, 6) fickleness, 7) pride, 8) envy, 9) violence, 10) remorse, 11) desire for excessive peace and comfort, 12) untruthfulness, 13) anger, 14) hankering, 15) fear, 16) hallucination, 17) contradiction, and 18) the tendency to depend on others."
883, Bhagavat-rasa-tattva,16.6,,"puruṣa, yoṣit, kibā sthāvara-jaṅgama
 sarva-cittākarṣaka, sākṣāt manmatha-madana",CC Mad 8.139,puruṣa—a male; yoṣit—a female; kibā—all; sthāvara-jaṅgama—immobile and mobile living entities; sarva—of everyone; citta-ākarṣaka—the attractor of the minds; sākṣāt—directly; manmatha-madana—the Cupid of Cupid himself.,"The very name Kṛṣṇa means that He attracts even Cupid. He is therefore attractive to everyone—male and female, moving and inert living entities. Indeed, Kṛṣṇa is known as the all-attractive one."
884, Bhagavat-rasa-tattva,16.7,,"kāmād dveṣād bhayāt snehāt / yathā bhaktyeśvare manaḥ
 āveśya tad-aghaṁ hitvā / bahavas tad-gatiṁ gatāḥ",SB 7.1.30,kāmāt—from lust; dveṣāt—from hatred; bhayāt—from fear; snehāt—from affection; yathā—as well as; bhaktyā—by devotion; īśvare—in the Supreme; manaḥ—the mind; āveśya—absorbing; tat—of that; agham—sin; hitvā—giving up; bahavaḥ—many; tat—of that; gatim—path of liberation; gatāḥ—attained.,"Many, many persons have attained liberation simply by thinking of Kṛṣṇa with great absorbtion and giving up sinful activities. This great absorbtion may be due to lusty desires, inimical feelings, fear, affection or devotional service. I shall now explain how one receives Kṛṣṇa's mercy simply by concentrating one's mind upon Him."
885, Bhagavat-rasa-tattva,16.8,,"gopyaḥ kāmād bhayāt kaṁso / dveṣāc caidyādayo nṛpāḥ
 sambandhād vṛṣṇayaḥ snehāt / yūyaṁ bhaktyā vayaṁ vibho",SB 7.1.31,gopyaḥ—the gopīs; kāmāt—out of lusty desires; bhayāt—out of fear; kaṁsaḥ—King Kaṁsa; dveṣāt—out of envy; caidya-ādayaḥ—Śiśupāla and others; nṛpāḥ—kings; sambandhāt—out of kinship; vṛṣṇayaḥ—the Vṛṣṇis or the Yādavas; snehāt—out of affection; yūyam—you (the Pāṇḍavas); bhaktyā—by devotional service; vayam—we; vibho—O great King.,"My dear King Yudhiṣṭhira, the gopīs by their amorous desires, Kaṁsa by fear, Śiśupāla and other kings by envy, the Yādus by their familial relationship with Kṛṣṇa, you Pāṇḍavas by your great affection for Kṛṣṇa, and we, the general devotees, by our devotional service, have obtained the mercy of Kṛṣṇa."
886, Bhagavat-rasa-tattva,16.9,,"kāmaṁ krodhaṁ bhayaṁ snehaṁ / aikyaṁ sauhṛdam eva ca
 nityaṁ harau vidadhato / yānti tan-mayatāṁ hi te",SB 10.29.15,kāmam—lust; krodham—anger; bhayam—fear; sneham—loving affection; aikyam—unity; sauhṛdam—friendship; eva ca—also; nityam—always; harau—for Lord Hari; vidadhataḥ—exhibiting; yānti—they achieve; tat-mayatām—absorption in Him; hi—indeed; te—such persons.,"Persons who constantly direct their lust, anger, fear, protective affection, feeling of impersonal oneness or friendship toward Lord Hari are sure to become absorbed in thought of Him."
887, Bhagavat-rasa-tattva,16.1,,"śānta, dāsya, sakhya, vātsalya, madhura-rasa nāma
 kṛṣṇa-bhakti-rasa-madhye e pañca pradhāna",CC Mad 19.185,śānta—neutrality; dāsya—servitude; sakhya—friendship; vātsalya—parental affection; madhura-rasa—conjugal love; nāma—different names; kṛṣṇa-bhakti—of devotional service to the Supreme Personality of Godhead; rasa—the mellows; madhye—among; e—these; pañca—five; pradhāna—chief.,"The chief transcendental mellows experienced with the Supreme Personality of Godhead are five—śānta, dāsya, sakhya, vātsalya and mādhurya."
888, Bhagavat-rasa-tattva,16.11,,"hāsya, adbhuta, vīra, karuṇa, raudra, bībhatsa, bhaya
 pañca-vidha-bhakte gauṇa sapta-rasa haya",CC Mad 19.187,hāsya—laughter; adbhuta—wonder; vīra—chivalry; karuṇa—pathetic feeling; raudra—anger; bībhatsa—disaster; bhaya—fearfulness; pañca-vidha-bhakte—in five kinds of devotees; gauṇa—indirect; sapta-rasa—seven kinds of mellows; haya—there are.,"In addition to the five direct mellows, there are seven indirect mellows, known as laughter, wonder, chivalry, compassion, anger, disgust and fear."
889, Bhagavat-rasa-tattva,16.12,,"dvi-vidha 'vibhāva'—ālambana, uddīpana
 vaṁśī-svarādi—'uddīpana', kṛṣṇādi—'ālambana'",CC Mad 23.50,dvi-vidha—two kinds; vibhāva—particular ecstasy; ālambana—the support; uddīpana—awakening; vaṁśī-svara-ādi—such as the vibration of the flute; uddīpana—exciting; kṛṣṇa-ādi—Kṛṣṇa and others; ālambana—the support.,"There are two kinds of vibhāva, causes for tasting bhakti-rasa. One is called ālambana—the support for bhakti-rasa, and the other is called uddīpana—the stimuli for bhakti-rasa. The vibration of Kṛṣṇa's flute is an example of uddīpana, and Śrī Kṛṣṇa Himself is an example of ālambana."
890, Bhagavat-rasa-tattva,16.13,Sthāyī-bhāva,"ei pañca sthāyī bhāva haya pañca 'rasa'
 ye-rase bhakta 'sukhī', kṛṣṇa haya 'vaśa'",CC Mad 23.46,ei pañca—these five kinds of transcendental mellows; sthāyī bhāva—permanent ecstatic moods; haya—become; pañca rasa—five kinds of transcendental mellows; ye-rase—in these mellows; bhakta sukhī—a devotee becomes happy; kṛṣṇa—Lord Kṛṣṇa; haya—becomes; vaśa—under the control.,"These five transcendental mellows śānta, dāsya, sakhya, vātsalya and mādhurya exist permanently. The devotee may be attracted to one of these mellows, and thus he becomes happy. Kṛṣṇa also becomes inclined toward such a devotee and comes under his control."
891, Bhagavat-rasa-tattva,16.14,"Sthāyī bhāva, permanent ecstasy","aviruddhān viruddhāṁś ca / bhāvān yo vaśatāṁ nayan
 su-rājeva virājeta sa / sthāyī bhāva ucyate
 sthāyī bhāvo 'tra sa proktaḥ / śrī-kṛṣṇa-viṣayā ratiḥ",BRS 2.5.1,,"Sthāyī bhāva is the predominant emotion within the bhakta's heart, which is so strong that it controls and rules over all other emotions, both favorable (i.e. laughter) and unfavourable (i.e. anger) just as a king rules over his citizens. This sthāyī bhāva is kṛṣṇa-rati, attachment for Śrī Kṛṣṇa; the devotee's permanent relationship with Śrī Kṛṣṇa."
892, Bhagavat-rasa-tattva,16.15,Kṛṣṇa is not satisfied with prema enfeebled by awe and reverence,"aiśvarya-jñānete saba jagat miśrita
 aiśvarya-śithila-preme nāhi mora prīta",CC Ādi 3.16,aiśvarya-jñānete—with knowledge of the opulences; saba—all; jagat—the world; miśrita—mixed; aiśvarya-śithila-preme—to love enfeebled by opulence; nāhi—there is not; mora—My; prīta—attraction.,"""Knowing My opulences, the whole world looks upon Me with awe and reverence. But devotion made feeble by such aiśvarya does not attract Me."""
893, Bhagavat-rasa-tattva,16.16,,"āmāre īśvara māne, āpanāke hīna
 tāra preme vaśa āmi nā ha-i adhīna",CC Ādi 4.18,āmāre—Me; īśvara—the Lord; māne—regards; āpanāke—himself; hīna—low; tāra—of him; preme—by the love; vaśa—controlled; āmi—I; nā ha-i—am not; adhīna—subservient.,"""If one regards Me as the Supreme Lord and himself as a subordinate, I do not become subservient to his love, nor can it control Me."""
894, Bhagavat-rasa-tattva,16.17,,"āmāke ta' ye ye bhakta bhaje yei bhāve
 tāre se se bhāve bhaji—e mora svabhāve",CC Ādi 4.19,āmāke—Me; ta'—certainly; ye ye—whatever; bhakta—devotee; bhaje—worships; yei—which; bhāve—in the mood; tāre—him; se se—that; bhāve—in the mood; bhaji—I reciprocate; e—this; mora—My; svabhāve—in the nature.,"""In whatever transcendental mellow My devotee worships Me, I reciprocate with him. That is My nature."""
895, Bhagavat-rasa-tattva,16.18,Kṛṣṇa reciprocates with everyone according to their mood,"ye yathā māṁ prapadyante / tāṁs tathaiva bhajāmy aham
 mama vartmānuvartante / manuṣyāḥ pārtha sarvaśaḥ",BG 4.11,ye—all who; yathā—as; mām—unto Me; prapadyante—surrender; tān—them; tathā—so; eva—certainly; bhajāmi—reward; aham—I; mama—My; vartma—path; anuvartante—follow; manuṣyāḥ—all men; pārtha—O son of Pṛthā; sarvaśaḥ—in all respects.,"""In whatever way My devotees surrender unto Me, I reward them accordingly. Everyone follows My path in all respects, O son of Pṛthā."""
896, Bhagavat-rasa-tattva,16.19,"However, the prema of the gopīs is so exalted that Kṛṣṇa is unable to keep His promise","na pāraye 'haṁ niravadya-saṁyujāṁ
 sva-sādhu-kṛtyaṁ vibudhāyuṣāpi vaḥ
 yā mābhajan durjaya-geha-śṛṅkhalāḥ
 saṁvṛścya tad vaḥ pratiyātu sādhunā",Śrīmad-Bhāgavatam 10.32.22,na—not; pāraye—am able to make; aham—I; niravadya-saṁyujām—to those who are completely free from deceit; sva-sādhu-kṛtyam—proper compensation; vibudha-āyuṣā—with a lifetime as long as that of the demigods; api—although; vaḥ—to you; yāḥ—who; mā—Me; abhajan—have worshiped; durjara—difficult to overcome; geha-śṛṅkhalāḥ—the chains of household life; saṁvṛścya—cutting; tat—that; vaḥ—of you; pratiyātu—let it be returned; sādhunā—by the good activity itself.,"[When the gopīs were overwhelmed with dissatisfaction due to Lord Kṛṣṇa's absence from the rāsa-līlā, Kṛṣṇa returned to them and told them:] My dear gopīs, our meeting is certainly free of all material contamination. I must admit that in many lives it would be impossible for Me to repay My debt to you because you have cut off the bondage of family life which is so difficult to overcome just to search for Me. Consequently I am unable to repay you. Therefore please be satisfied with your honest activities in this regard."
897, Bhagavat-rasa-tattva,16.2,,"mora putra, mora sakhā, mora prāṇa-pati
 ei-bhāve yei more kare śuddha-bhakti
 āpanāke baḍa māne, āmāre sama-hīna
 sei bhāve ha-i āmi tāhāra adhīna",CC Ādi 4.21-22,mora—my; putra—son; mora—my; sakhā—friend; mora—my; prāṇa-pati—lord of life; ei bhāve—in this way; yei—those who; more—unto Me; kare—do; śuddha-bhakti—pure devotion; āpanāke—himself; baḍa—great; māne—he regards; āmāre—Me; sama—equal; hīna—or lower; sei bhāve—in that way; ha-i—am; āmi—I; tāhāra—to him; adhīna—subordinate.,"""If one performs pure loving devotion to Me, considering Me his son, his friend or his beloved, regarding himself as great and considering Me his equal or inferior, I become subordinate to him."""
898, Bhagavat-rasa-tattva,16.21,parakīyā-bhāva increases the rasa and is found exclusively in Vraja,"parakīyā-bhāve ati rasera ullāsa
 vraja vinā ihāra anyatra nāhi vāsa",CC Ādi 4.47,"parakīyā-bhāve—in the mood of parakīyā, or conjugal relations outside of marriage; ati—very great; rasera—of mellow; ullāsa—increase; vraja vinā—except for Vraja; ihāra—of this; anyatra—anywhere else; nāhi—there is not; vāsa—residence.",There is a great increase of rasa (mellows of love) in the unwedded paramour mood. Such love is found only in Vraja.
899, Bhagavat-rasa-tattva,16.22,,"vraja-vadhū-gaṇera ei bhāva niravadhi
 tāra madhye śrī-rādhāya bhāvera avadhi",CC Ādi 4.48,"vraja-vadhū-gaṇera—of the young wives of Vraja, the Gopīs; ei—this; bhāva—mood; niravadhi—unbounded; tāra madhye—among them; śrī-rādhāya—in Śrīmatī Rādhārāṇī; bhāvera—of the mood; avadhi—the highest limit.","This mood is unbounded in the damsels of Vraja (gopīs), but among them it finds its perfection in Śrī Rādhā."
900, Bhagavat-rasa-tattva,16.23,Śānta-rasa,"tvaṁ pratyag-ātmani tadā bhagavaty ananta
 ānanda-mātra upapanna-samasta-śaktau
 bhaktiṁ vidhāya paramāṁ śanakair avidyā-
 granthiṁ vibhetsyasi mamāham iti prarūḍham",SB 4.11.30,tvam—you; pratyak-ātmani—unto the Supersoul; tadā—at that time; bhagavati—unto the Supreme Personality of Godhead; anante—who is unlimited; ānanda-mātre—the reservoir of all pleasure; upapanna—possessed of; samasta—all; śaktau—potencies; bhaktim—devotional service; vidhāya—by rendering; paramām—supreme; śanakaiḥ—very soon; avidyā—of illusion; granthim—the knot; vibhetsyasi—you will undo; mama—my; aham—I; iti—thus; prarūḍham—firmly fixed.,"Thus regaining your natural position and rendering service unto the Supreme Lord, who is the all-powerful reservoir of all pleasure and who lives in all living entities as the Supersoul, you will very soon forget the illusory understanding of ""I"" and ""my."""
901, Bhagavat-rasa-tattva,16.24,Dāsya-rasa,"itthaṁ satāṁ brahma-sukhānubhūtyā
 dāsyaṁ gatānāṁ para-daivatena
 māyāśritānāṁ nara-dārakeṇa
 sākaṁ vijahruḥ kṛta-puṇya-puñjāḥ",SB 10.12.11,"ittham—in this way; satām—of the transcendentalists; brahma-sukha-anubhūtyā—with Kṛṣṇa, the source of the happiness of brahma; dāsyam—servitorship; gatānām—of the devotees who have accepted; para-daivatena—with the Supreme Lord; māyā-āśritānām—for those in the clutches of material energy; nara-dārakeṇa—with Him who is like an ordinary child; sākam—along with; vijahruḥ—enjoyed; kṛta-puṇya-puñjāḥ—all these boys, who had accumulated the results of life after life of pious activities.","In this way, all the cowherd boys used to play with Kṛṣṇa, who is the source of the Brahman effulgence for jñānīs desiring to merge into that effulgence, who is the Supreme Personality of Godhead for devotees who have accepted eternal servitorship, and who for ordinary persons is but another ordinary child. The cowherd boys, having accumulated the results of pious activities for many lives, were able to associate in this way with the Supreme Personality of Godhead."
902, Bhagavat-rasa-tattva,16.25,Sakhya-rasa,"sakhā śuddha-sakhye kare, skandhe ārohaṇa
 tumi kon baḍa loka,—tumi āmi sama",CC Ādi 4.25,sakhā—the friend; śuddha-sakhye—in pure friendship; kare—does; skandhe—on the shoulders; ārohaṇa—mounting; tumi—You; kon—what; baḍa—big; loka—person; tumi—You; āmi—I; sama—the same.,"""My friends climb on My shoulders in pure friendship, saying, 'What kind of big man are You? You and I are equal.'"""
903, Bhagavat-rasa-tattva,16.26,Vātsalya rasa,"aho 'ti-dhanyā vraja-go-ramaṇyaḥ
 stanyāmṛtaṁ pītam atīva te mudā
 yāsāṁ vibho vatsatarātmajātmanā
 yat-tṛptaye 'dyāpi na cālam adhvarāḥ",SB 10.14.31,aho—oh; ati-dhanyāḥ—most fortunate; vraja—of Vṛndāvana; go—the cows; ramaṇyaḥ—and the gopīs; stanya—the breast-milk; amṛtam—which is like nectar; pītam—has been drunk; atīva—fully; te—by You; mudā—with satisfaction; yāsām—of whom; vibho—O almighty Lord; vatsatara-ātmaja-ātmanā—in the form of the calves and the sons of the cowherd women; yat—whose; tṛptaye—for the satisfaction; adya api—even until now; na—not; ca—and; alam—sufficient; adhvarāḥ—the Vedic sacrifices.,"O almighty Lord, how greatly fortunate are the cows and ladies of Vṛndāvana, the nectar of whose breast-milk You have happily drunk to Your full satisfaction, taking the form of their calves and children! All the Vedic sacrifices performed from time immemorial up to the present day have not given You as much satisfaction."
904, Bhagavat-rasa-tattva,16.27,,"mātā more putra-bhāve karena bandhana
 atihīna-jñāne kare lālana pālana",CC Ādi 4.24,mātā—mother; more—Me; putra-bhāve—in the position of a son; karena—does; bandhana—binding; ati-hīna-jñāne—in thinking very helpless; kare—does; lālana—nourishing; pālana—protecting.,"""Mother sometimes binds Me as her son. She nourishes and protects Me, thinking Me utterly helpless."""
905, Bhagavat-rasa-tattva,16.28,,"trayyā copaniṣadbhiś ca / sāṅkhya-yogaiś ca sātvataiḥ
 upagīyamāna-māhātmyaṁ / hariṁ sāmanyatātmajam",SB 10.8.45,"trayyā—by studying the three Vedas (Sāma, Yajur and Atharva); ca—also; upaniṣadbhiḥ ca—and by studying the Vedic knowledge of the Upaniṣads; sāṅkhya-yogaiḥ—by reading the literature of sāṅkhya-yoga; ca—and; sātvataiḥ—by the great sages and devotees, or by reading Vaiṣṇava-tantra, Pañcarātras; upagīyamāna-māhātmyam—whose glories are worshiped (by all these Vedic literatures); harim—unto the Supreme Personality of Godhead; sā—she; amanyata—considered (ordinary); ātmajam—as her own son.","The glories of the Supreme Personality of Godhead are studied through the three Vedas, the Upaniṣads, the literature of Sāṅkhya-yoga, and other Vaiṣṇava literature, yet mother Yaśodā considered that Supreme Person her ordinary child. (Śrīla Viśvanātha Cakravartī says this śloka is the sutra of vatsalya līlā)"
906, Bhagavat-rasa-tattva,16.29,Mādhurya rasa,"kānta-bhāve nijāṅga diyā karena sevana
 ataeva madhura-rasera haya 'pañca' guṇa",CC Mad 19.232,kānta-bhāve—on the platform of conjugal love; nija-aṅga—own body; diyā—offering; karena—executes; sevana—service; ataeva—therefore; madhura-rasera—of the mellow of conjugal love; haya—there are; pañca guṇa—five kinds of transcendental qualities.,"On the platform of conjugal love, the devotee offers his body in the service of the Lord. Thus on this platform the transcendental qualities of all five rasas are present."
907, Bhagavat-rasa-tattva,16.3,To see You is the perfection of the eyes,"akṣaṇvatāṁ phalam idaṁ na paraṁ vidāmaḥ
 sakhyaḥ paśūn anaviveśayator vayasyaiḥ
 vaktraṁ vrajeśa-sutayor anuveṇu-juṣṭaṁ
 yair vā nipītam anurakta-kaṭākṣa-mokṣam",SB 10.21.7 (Venu Gīta 7),"śrī-gopyaḥ ūcuḥ—the gopīs said; akṣaṇvatām—of those who have eyes; phalam—the success; idam—this sight; na—not; param—other (success of the eyes); vidāmaḥ—we know; sakhyaḥ—O friends; paśūn—the cows; anuviveśayatoḥ—entering one forest after another; vayasyaiḥ—with Their friends of the same age; vaktram—the sweetness of Their faces; vraja-īśa—of Mahārāja Nanda; sutayoḥ—of the two sons Kṛṣṇa and Balarāma [or Kṛṣṇa the son of Nanda and Rādhikā the daughter of King Vṛṣabhānu]; anu-veṇu-juṣṭam—following behind and touching the flute to His lips; yaiḥ—by which; vā—and; nipītam—drinking (the nectar of Kṛṣṇa's sidelong glances; anurakta—filled with love; kaṭa-akṣa—sidelong glances; mokṣam—pouring on (smiles, laughter and sidelong glances).","The gopīs began to speak among themselves: ""O sakhīs! We think that for those who have eyes, there is no greater object of vision. Success of the eyes lies in beholding this object alone; we know of no other. It is the vision of the two sons of Mahārāja Nanda, Śrī Kṛṣṇa and Baladeva, accompanied by the gopas, as They enter the forest taking the cows, or as They bring them back to Vṛndāvana. They hold Their flutes to Their lips and look upon us with mild smiles and amorous sidelong glances filled with love. At that time, we drink the sweetness of Their faces."""
908, Bhagavat-rasa-tattva,16.31,,"kvemāḥ striyo vana-carīr vyabhicāra-duṣṭāḥ
 kṛṣṇe kva caiṣa paramātmani rūḍha-bhāvaḥ
 nanv īśvaro 'nubhajato 'viduṣo 'pi sākṣāc
 chreyas tanoty agada-rāja ivopayuktaḥ",SB 10.47.59,"kva—where, in comparison; imāḥ—these; striyaḥ—women; vana—in the forests; carīḥ—who wander; vyabhicāra—by improper behavior; duṣṭāḥ—contaminated; kṛṣṇe—for Kṛṣṇa; kva ca—and where; eṣaḥ—this; parama-ātmani—for the Supreme Soul; rūḍha-bhāvaḥ—stage of perfect love (known technically as mahā-bhāva); nanu—certainly; īśvaraḥ—the Personality of Godhead; anubhajataḥ—to one who constantly worships Him; aviduṣaḥ—not learned; api—even though; sākṣāt—directly; śreyaḥ—the highest good; tanoti—bestows; agada-rājaḥ—the king of medicines (namely, the nectar which the demigods drink for long life); iva—as if; upayuktaḥ—taken.","How amazing it is that these simple women who wander about the forest, seemingly spoiled by improper behavior, have achieved the perfection of unalloyed love for Kṛṣṇa, the Supreme Soul! Still, it is true that the Supreme Lord Himself awards His blessings even to an ignorant worshiper, just as the best medicine works even when taken by a person ignorant of its ingredients."
909, Bhagavat-rasa-tattva,16.32,Kṛṣṇa as the viṣaya (object) of all twelve rasas at the same time,"daityācāryās tadāsye vikṛtim aruṇatāṁ malla-varyāḥ sakhāyo
 gaṇḍaunnatyaṁ khaleśāḥ pralayam ṛṣi-gaṇā dhyanam uṣṇaśrum ambā
 romañcaṁ sāṁyugīnāḥ kam api nava-camatkāram antaḥ surendrā
 lāsyaṁ dāsāḥ kaṭākṣaṁ yayur asita-dṛśaḥ prekṣya raṅge mukundam",BRS 4.8.84,daitya—of the demons; ācāryāḥ—the teachers; tadā—then on the face; vikṛtim—transformation; aruṇatām—redness; malla—of wrestlers; varyāḥ—the best; sakhāyaḥ—the friends; ganda—unnatyam—smiling; khala—of the demon; īśāḥ—the kings; pralayam—devastation; ṛṣi—of sages; gaṇaḥ—the multitude; dhanyam—meditation; uṣṇa—warm; aśrum—tears; amba—mother; roma-añcam—hairs standing up; samyuginaḥ—the chivalrous fighters; kam api—something; nava—new; camatkāram—wonder; antaḥ—within; sura—of demigods; indraḥ—the leaders; lāsyam—dancing; dāsāḥ—the menial servants; kaṭa-akṣam—amorous sidelong glances; yayuḥ—attained; asita—black; dṛśaḥ—whose eyes; prekṣya—seeing; raṅge—in the arena; mukundam—Kṛṣṇa.,"When the priests of Kaṁsa saw Śrī Kṛṣṇa enter the wrestling arena anointed with blood after killing the elephant Kuvalayāpīḍa their faces became contorted with disgust (bībhatsa). The faces of the wrestlers turned red with anger (rudra). The cheeks of Kṛṣṇa's friends blossomed with joy (hāsya and sakhya). The wicked lost all consciousness as if on the verge of death (bhayānaka—fear). The sages became absorbed in deep meditation (śānta). Devakī and the other mothers began to cry warm tears in parental compassion (vātsalya and karuṇa). The bodily hairs of the of the warriors stood on end in chivalry (vīra). Indra and the other demigods experienced unprecedented astonishment within their hearts (adbhuta). The dāsya-bhaktas danced (dāsya), and the young girls cast sidelong amorous glances (mādhurya)."
910, Bhagavat-rasa-tattva,16.33,Śrī Kṛṣṇa as the āśraya of all twelve rasas at the same time,"svasmin dhurye 'py amānī śiśuṣu giridhṛtāv udyateṣu smitāsyas
 thūtkārī dadhni visre praṇayiṣu vivṛta-prauḍhir indre 'ruṇākṣaḥ
 goṣṭhe sāśrur vidūne guruṣu harimakhaṁ prāsya kampaḥ sa pāyād
 āsāre sphāra-dṛṣṭir yuvatiṣu pulakī bibhrad adriṁ vibhur vaḥ",BRS 4.8.85,,"""Although Śrī Kṛṣṇa supported the great weight of Govardhana, He was devoid of pride (śānta). He smiled when He saw that the small boys were prepared to hold up the hill (hāsya and vātsalya). He spat at the smell of musty yogurt (bībhatsa). He displayed tremendous prowess to lift Govardhana in the presence of His beloved friends (sakhya and vīra). He looked at Indra with eyes red with anger (raudra). Tears came to His eyes when He saw the residents of Vraja tormented by the powerful wind and rain (karuṇa). He trembled before His respectful elders on account of having spoiled the Indra yajña (dāsya and bhayānaka). His eyes widened at the torrential downpour of water (adbhuta), and His hairs stood on end when He saw the young gopīs (mādhurya). May that Lord Giridhārī protect you."""
911, Bhagavat-rasa-tattva,16.34,The Lords pastimes are wonderful and rasika for everyone,"yan martya-līlaupayikaṁ sva-yoga-
 māyā-balaṁ darśayatā gṛhītam
 vismāpanaṁ svasya ca saubhagarddheḥ
 paraṁ padaṁ bhūṣaṇa-bhūṣaṇāṅgam",SB 3.2.12,yat—His eternal form which; martya—mortal world; līlā-upayikam—just suitable for the pastimes; sva-yoga-māyā-balam—potency of the internal energy; darśayatā—for manifestation; gṛhītam—discovered; vismāpanam—wonderful; svasya—of His own; ca—and; saubhaga-ṛddheḥ—of the opulent; param—supreme; padam—ultimate stand; bhūṣaṇa—ornament; bhūṣaṇa-aṅgam—of the ornaments.,"The Lord appeared in the mortal world by His internal potency, Yoga-māyā. He came in His eternal form, which is just suitable for His pastimes. These pastimes are wonderful and full of rasa for everyone, even for those proud of their own opulence, including the Lord Himself in His form as the Lord of Vaikuṇṭha. Thus His [Śrī Kṛṣṇa's] transcendental body is the ornament of all ornaments."
912, Vipralambha Rasa,17.1,The internal symptom of devotion at the stage of perfection (sādhya-bhakti) is worship of Śrī Kṛṣṇa in a mood of separation,"yugāyitaṁ nimeṣeṇa
 cakṣuṣā prāvṛṣāyitam
 śūnyāyitaṁ jagat sarvaṁ
 govinda-viraheṇa me",Śrī Śikṣāṣṭaka 7,govinda-viraheṇa—in separation from Vrajendra-nandana Śrī Krṣṇa; nimeṣeṇa—even a moment; yugāyitam—seems like a millenium; cakṣuṣā—from my eyes; prāvṛṣāyitam—tears flow like rain from the monsoon clouds; sarvaṁ jagat—this entire world; śūnyāyitam—seems void; me—to me.,"""O sakhī! In separation from Govinda, even a moment seems like a millennium to me. Tears begin to shower from my eyes like rain from the clouds, and this entire world seems void to me."""
913, Vipralambha Rasa,17.2,The gopīs describe the good fortune of the female deer and their husbands when they hear the sound of the flute,"dhanyāḥ sma mūḍha-gatayo 'pi hariṇya etā
 yā nanda-nandanam upātta-vicitra-veśam
 ākarṇya veṇu-raṇitaṁ saha-kṛṣṇa-sārāḥ
 pūjāṁ dadhur viracitāṁ praṇayāvalokaiḥ",SB 10.21.11,"dhanyāḥ—fortunate, blessed; sma—certainly; mūḍha-gatayaḥ—having taken birth in an ignorant animal species; api—although; hariṇyaḥ—she-deer; etāḥ—these; yāḥ—who; nanda-nandanam—the son of Mahārāja Nanda; upātta-vicitra-veśam—dressed very attractively; ākarṇya—hearing; veṇu-raṇitam—the sound of His flute; saha-kṛṣṇa-sārāḥ—accompanied by the black deer (their husbands); pūjām dadhuḥ—they worshiped; viracitām—performed; praṇaya-avalokaiḥ—by their affectionate glances.","O sakhī, when Nanda-nandana Śyāmasundara, wearing beautiful, multi-coloured attire, vibrates a sweet melody on His flute, even the does, who are foolish due to having taken birth from the wombs of ignorant animals, run towards Him along with their husbands and gaze upon Him with love-laden eyes. They are not merely gazing, sakhī, but they are worshipping Him with crooked sidelong glances from their large lotus-like eyes, and He is accepting their worship with His own loving sidelong glance. The lives of these deer are truly blessed. Sakhī, although we are gopīs of Vṛndāvana, we are unable to offer ourselves like this because our family members harass us. How ironic!"
914, Vipralambha Rasa,17.3,"Whatever mood and relationship an uttama-adhikārī devotee has with his worshipful deity Śrī Kṛṣṇa, is seen by him to exist in all living entities","mahā-bhāgavata dekhe sthāvara-jaṅgama
 tāhāṅ tāhāṅ haya tāṅra śrī-kṛṣṇa-sphuraṇa
 sthāvara-jaṅgama dekhe, nā dekhe tāra mūrti
 sarvatra haya nija iṣṭa-deva-sphūrti",CC Mad 8.273-4,mahā-bhāgavata—a first-class advanced devotee; dekhe—sees; sthāvara-jaṅgama—the movable and inert; tāhāṅ tāhāṅ—here and there; haya—is; tāṅra—his; śrī-kṛṣṇa-sphuraṇa—manifestation of Lord Kṛṣṇa; sthāvara-jaṅgama—movable and inert; dekhe—he sees; nā—not; dekhe—sees; tāra—its; mūrti—form; sarvatra—everywhere; haya—there is; nija—his own; iṣṭa-deva—worshipable Lord; sphūrti—manifestation.,"A devotee advanced on the spiritual platform sees everything movable and inert as the Supreme Lord. He doesn't really see their form. For him, everything he sees here and there is but a manifestation of Lord Kṛṣṇa."
915, Vipralambha Rasa,17.4,Gopī Gīta – song of separation,"jayati te 'dhikaṁ janmanā vrajaḥ
 śrayata indirā śaśvad atra hi
 dayita dṛśyatāṁ dikṣu tāvakās
 tvayi dhṛtāsavas tvāṁ vicinvate",SB 10.31.1,"gopyaḥ ūcuḥ—the gopīs said; jayati—is glorious; te—Your; adhikam—exceedingly; janmanā—by the birth; vrajaḥ—the land of Vraja; śrayate—is residing; indirā—Lakṣmī, the goddess of fortune; śaśvat—perpetually; atra—here; hi—indeed; dayita—O beloved; dṛśyatām—may (You) be seen; dikṣu—in all directions; tāvakāḥ—Your (devotees); tvayi—for Your sake; dhṛta—sustained; asavaḥ—their life airs; tvām—for You; vicinvate—they are searching.","The gopīs said: O beloved, Your birth in the land of Vraja has made it exceedingly glorious, and thus Indirā, the goddess of fortune, always resides here. It is only for Your sake that we, Your devoted servants, maintain our lives. We have been searching everywhere for You, so please show Yourself to us."
916, Vipralambha Rasa,17.5,"For the Gopīs, a moment of separation seems like a millennium","aṭati yad bhavān ahni kānanaṁ
 truṭi-yugāyate tvām apaśyatām
 kuṭila-kuntalaṁ śrī-mukhaṁ ca te
 jaḍa udīkṣatāṁ pakṣma-kṛd dṛśām",SB 10.31.15,aṭati—travel; yat—when; bhavān—You; ahni—during the daytime; kānanam—to the forest; truṭi—a fraction of a second; yugāyate—becomes like an entire millennium; tvām—You; apaśyatām—for those who do not see; kuṭila—curling; kuntalam—with locks of hair; śrī—beautiful; mukham—face; ca—and; te—Your; jaḍaḥ—foolish; udīkṣatām—for those who are eagerly looking; pakṣma—of lids; kṛt—the creator; dṛśām—of the eyes.,"When You go off to the forest during the day, a tiny fraction of a second becomes like a millennium for us because we cannot see You. And even when we can eagerly look upon Your beautiful face, so lovely with its adornment of curly locks, our pleasure is hindered by our eyelids, which were fashioned by the foolish creator."
917, Vipralambha Rasa,17.6,Everything changes its nature upon hearing Kṛṣṇa's flute,"gā gopakair anu-vanaṁ nayator udāra-veṇu-
 svanaiḥ kala-padais tanu-bhṛtsu sakhyaḥ
 aspandanaṁ gati-matāṁ pulakas tarūṇāṁ
 niryoga-pāśa-kṛta-lakṣaṇayor vicitram",SB 10.21.19 (Veṇu Gīta 19),"gāḥ—the cows; gopakaiḥ—with the cowherd boys; anu-vanam—to each forest; nayatoḥ—leading; udāra—very liberal; veṇu-svanaiḥ—by the vibrations of the Lord's flute; kala-padaiḥ—having sweet tones; tanubhṛtsu—among the living entities; sakhyaḥ—O friends; aspandanam—the lack of movement; gati-matām—of those living entities that can move; pulakaḥ—the ecstatic jubilation; taruṇam—of the otherwise nonmoving trees; niryoga-pāśa—the ropes for binding the rear legs of the cows; kṛta-lakṣaṇayoḥ—of those two (Kṛṣṇa and Balarāma), who are characterized by; vicitram—wonderful.","O sakhīs, the elegance and charm of the two brothers, our Śyāmasundara and Gaurasundara Balarāma, are quite unique and wonderful. When Śyāmasundara, together with His cowherd friends, leads the cows from one forest to another by sweetly playing a melody on His veṇu, He binds the top of His turban with the niryoga rope, which is used for binding the legs of calves, and from His shoulders (like His pītāmbara) hangs a rope known as pāśa. Upon seeing that sweet, unparalleled beauty and hearing the sound of the veṇu, moving living entities, such as animals and birds, as well as rivers – and what to speak of human beings – become inert like stone. And ecstatic symptoms like horripilation are displayed in non-moving entities, such as trees. Sakhī, how can I describe the magical sound of that flute?"
918, Vipralambha Rasa,17.7,The sentiments of Śrī Rādhā in 'pravāsa' (separation by being out of sight),"ayi dīna-dayārdra nātha he
 mathurā-nātha kadāvalokyase
 hṛdayaṁ tvad-aloka-kātaraṁ
 dayita bhrāmyati kiṁ karomy aham",Padyāvalī 334,ayi—O My Lord; dīna—on the poor; dayā-ārdra—compassionate; nātha—O master; he—O; mathurā-nātha—the master of Mathurā; kadā—when; avalokyase—I shall see You; hṛdayam—My heart; tvat—of You; aloka—without seeing; kātaram—very much aggrieved; dayita—O most beloved; bhrāmyati—becomes overwhelmed; kim—what; karomi—shall do; aham—I.,"""O You whose heart is most merciful to the wretched! O Master! O Lord of Mathurā! When will I have Your darśana? O Lord of My life, because I cannot see You, My heart has become agitated. What shall I do now?"""
919, Vipralambha Rasa,17.8,"Agitated by separation from Śrī Kṛṣṇa, the gopīs blame Providence","aho vidhātas tava na kvacid dayā
 saṁyojya maitryā praṇayena dehinaḥ
 tāṁś cākṛtārthān viyunaṅkṣy apārthakaṁ
 vikrīḍitaṁ te 'rbhaka-ceṣṭitaṁ yathā",SB 10.39.19,aho—alas; vidhātaḥ—O Providence; tava—your; na—not; kvacit—at any time; dayā—mercy; saṁyojya— bringing together ; maitryā—by friendship; praṇayena—and by affection; dehinaḥ—of the embodied souls; tān—them; ca—and; akṛta-unfulfilled; arthān—their desires; viyunaṅkṣi—you cause to separate; apārthakam—uselessly; vikrīḍitaṁ—playful; te—your; arbhaka—of a child; ceṣṭitam—activities; yathā—like.,"O Vidhātā, you are the arranger of everything, but there is not even a trace of mercy in your heart. First you unite living entities in this world in friendship and love, but before they can fulfill their desires and hopes, you pointlessly separate them while they are still unsatisfied. The truth is that, like the play of a child, this whimsical behaviour of yours is useless"
920, Vipralambha Rasa,17.9,"For the gopīs, even a moment of separation from Kṛṣṇa is intolerable","yasyānurāga-lalita-smita-valgu-mantra-
 līlāvaloka-parirambhaṇa-rāsa-goṣṭhyām
 nītāḥ sma naḥ kṣaṇam iva kṣaṇadā vinā taṁ
 gopyaḥ kathaṁ nv atitarema tamo durantam",SB 10.39.29,yasya—whose; anurāga—with loving affection; lalita—charming; smita—(where there were) smiles; valgu—attractive; mantra—intimate discussions; līlā—playful; avaloka—glances; parirambhaṇa—and embraces; rāsa—of the rāsa dance; goṣṭhyām—to the assembly; nītāḥ sma—who were brought; naḥ—for us; kṣaṇam—a moment; iva—like; kṣaṇadāḥ—the nights; vinā—without; tam—Him; gopyaḥ—O gopīs; katham—how; nu—indeed; atitarema—will we cross over; tamaḥ—the darkness; durantam—insurmountable.,"Sakhīs, by His captivating, affectionate smile, sweet, intimate conversations, playful glances and loving embraces, the long, long nights of the rāsa-līlā passed in a moment. Indeed, how can we now overcome the boundless anguish of separation from Him?"
921, Vipralambha Rasa,17.1,Śrī Rādhā's strong expressions of separation from Śrī Kṛṣṇa,"yadā yāto gopī-hṛdaya-madano nanda-sadanān
 mukundo gāndhinyās tanayam anurundhan madhu-purīm
 tadāmāṅkṣīc cintā-sariti ghana-ghūrṇāparicayair
 agādhāyāṁ-bādhāmaya-payasi-rādhā-virahiṇī",Haṁsadūta 2,yadā—when; yātaḥ—went; gopī—of the gopīs; hrḍaya—in the heart; madanaḥ—cupid; nanda—of Nanda Mahārāja; sadanāt—from the house; mukundaḥ—Lord Mukunda; gāndinyāḥ—of Gāndinī-devī; tanayam—the son (Akrūra); anuvindan—meeting; madhu-purīm—the city of Mathura; tadā—then; amānkṣīt—longed; cintā—of anxiety; sariti—in the river; ghana—intense; ghūrṇa—movements; paricayaiḥ—with an abundance; agādhāyām—very deep; bādhāmaya—painful; payasi—in the water; rādhā—Śrīmatī Rādhārāṇī; virahiṇī—separated from Kṛṣṇa.,"Upon the request of Akrūra, Śrī Kṛṣṇacandra, who gladdens the gopīs' hearts, departed from Nanda-bhavana for Mathurā. Now separated from Her lover, Śrī Rādhikā became greatly agitated and was completely submerged in a river of anxiety, which was full of deep whirlpools of unlimited suffering."
922, Vipralambha Rasa,17.11,"While Śrī Rādhā suffers from the scorching poison of viraha, She expresses Her transcendental emotions thus:","prema-ccheda-rujo 'vagacchati harir nāyaṁ na ca prema vā
 sthānāsthānam avaiti nāpi madano jānāti no durbalāḥ
 anyo veda na cānya-duḥkham akhilaṁ no jīvanaṁ vāśravaṁ
 dvi-trīṇy eva dināni yauvanam idaṁ hā hā vidhe kā gatiḥ",Jagannātha-vallabha-nāṭaka 3.9,prema-cheda-rujaḥ—the sufferings of a broken loving relationship; avagacchati—knows; hariḥ—the Supreme Lord; na—not; ayam—this; na ca—nor; prema—love; vā—nor; sthāna—the proper place; asthānam—an unsuitable place; avaiti—knows; na—not; api—also; madanaḥ—Cupid; jānāti—knows; naḥ—us; durbalāḥ—very weak; anyaḥ—another; veda—knows; na—not; ca—also; anya-duḥkham—the difficulties of others; akhilam—all; naḥ—our; jīvanam—life; vā—or; āśravam—pain; dvi—two; trīni—three; eva—certainly; dināni—days; yauvanam—youth; idam—this; hā-hā—alas; vidhe—O creator; kā—what; gatiḥ—our destination.,"Śrī Hari does not understand the pain of separation in prema. In fact, prema does not know anything about who is deserving of itself and who is not. Kāmadeva also torments us, knowing us to be weak. It is impossible for anyone to understand another's misery. Life is so fleeting – it has no certainty – and youth remains only two or three days. Alas! Alas! What kind of arrangement of Vidhātā (Providence) is this?"
923, Vipralambha Rasa,17.12,,"sakhī he, nā bujhiye vidhira vidhāna
 sukha lāgi' kailuṅ prīta, haila duḥkha viparīta,
 ebe yāya, nā rahe parāṇa",CC Mad 2.20,sakhī he—(My dear) friend; nā bujhiye—I do not understand; vidhira—of the Creator; vidhāna—the regulation; sukha lāgi'—for happiness; kailuṅ—I did; prīta—love; haila—it became; duḥkha—unhappiness; viparīta—the opposite; ebe—now; yāya—going; nā—does not; rahe—remain; parāṇa—life.,"O sakhī, I do not understand the regulative principles given by the Creator. I loved Kṛṣṇa for happiness, but the result was just the opposite. I am now in an ocean of distress. It must be that I am now going to die, for My vital force no longer remains. This is My state of mind."
924, Vipralambha Rasa,17.13,Śrī Rādhā's condition of anxiety in separation from Śrī Kṛṣṇa,"kim iha kṛṇumaḥ kasya brūmaḥ kṛtaṁ kṛtam āśayā
 kathayata kathām anyāṁ dhanyām aho hṛdaye śayaḥ
 madhura-madhura-smerākāre mano-nayanotsave
 kṛpaṇa kṛpaṇā kṛṣṇe tṛṣṇā ciraṁ bata lambate",Kṛṣṇa-karṇāmṛta 42,kim—what; iha—here; kṛṇumaḥ—shall I do; kasya—to whom; brūmaḥ—shall I speak; kṛtam—what is done; kṛtam—done; āśayā—in the hope; kathayata—please speak; kathām—words; anyām—other; dhanyām—auspicious; aho—alas; hṛdaye—within My heart; śayaḥ—lying; madhura-madhura—sweeter than sweetness; smera—smiling; ākāre—whose form; manaḥ-nayana—to the mind and eyes; utsave—who gives pleasure; kṛpaṇa-kṛpaṇā—the best of misers; kṛṣṇe—for Kṛṣṇa; tṛṣṇā—thirst; ciram—at every moment; bata—alas; lambate—is increasing.,"What shall I do now? To whom shall I speak? What is the purpose of holding on to the futile hope of receiving His darśana? Please speak about something better. Aho! But how can I possibly stop talking about He who is contained within My heart? His gentle, sweet smile is a festival for the mind and eyes. My longing to see this form of Śrī Kṛṣṇa increases moment by moment."
925, Vipralambha Rasa,17.14,"The divyonmāda (transcendental madness) of Śrī Rādhā, who is restless in the intense fire of separation from Śrī Kṛṣṇa","amūny adhanyāni dināntarāṇi
 hare! tvad-ālokanam antareṇa
 anātha-bandho! karuṇaika-sindho!
 hā hanta! hā hanta! kathaṁ nayāmi",Kṛṣṇa-karṇāmṛta 41,amūni—all those; adhanyāni—inauspicious; dina-antarāṇi—other days; hare—O My Lord; tvat—of You; ālokanam—seeing; antareṇa—without; anātha-bandho—O friend of the helpless; karuṇā-eka-sindho—O only ocean of mercy; hā hanta—alas; hā hanta—alas; katham—how; nayāmi—shall I pass.,Alas! Alas! O Hari! O friend of the helpless! O You who are the only ocean of mercy! How can I pass these miserable days without Your darśana?
926, Vipralambha Rasa,17.15,,"he deva he dayita he bhuvanaika-bandho
 he kṛṣṇa he capala he karuṇaika-sindho
 he nātha he ramaṇa he nayanābhirāma
 hā hā kadā nu bhavitāsi padaṁ dṛśor me",Kṛṣṇa Karnāmṛta 40,"he deva—O lord; he dayita—O most dear one; he bhuvana-eka-bandho—O only friend of the universe; he kṛṣṇa—O Lord Kṛṣṇa; he capala—O restless one; he karuṇa-eka-sindho—O only ocean of mercy; he nātha—O my Lord; he ramaṇa—O my enjoyer; he nayana-abhirāma—O most beautiful to my eyes; hā hā—alas, alas; kadā—when; nu—certainly; bhavitāsi—will You be; padam—the dwelling place; dṛśoḥ me—of my vision.",O Lord! O dearest one! O only friend of the three worlds! O Kṛṣṇa! O restless one! O only ocean of compassion! O Deva! O lover (ramaṇa)! O You who delight the eyes! When will You again be visible to My eyes? When will I receive Your darśana?
927, Vipralambha Rasa,17.16,Kṛṣṇa-karṇāmṛta describes an internal vision (sphūrti-darśana) of Kṛṣṇa,"māraḥ svayaṁ nu madhura-dyuti-maṇḍalaṁ nu
 mādhuryam eva nu mano-nayanāmṛtaṁ nu
 veṇī-mṛjo nu mama jīvita-vallabho nu
 kṛṣṇo 'yam abhyudayate mama locanāya",Kṛṣṇa-karṇāmṛta 68,māraḥ—Cupid; svayam—personally; nu—whether?; madhura—sweet; dyuti—of effulgence; maṇḍalam—encirclement; nu—whether?; mādhuryam—sweetness; eva—even; nu—certainly; manaḥ-nayana-amṛtam—nectar for the mind and eyes; nu—whether?; veṇī-mṛjaḥ—loosening of the hair; nu—whether?; mama—My; jīvita-vallabhaḥ—the pleasure of the life and soul; nu—whether?; kṛṣṇaḥ—Lord Kṛṣṇa; ayam—this; abhyudayate—manifests; mama—My; locanāya—for the eyes.,"Is this Cupid himself, or is it a halo of sweet effulgence? Is this the personification of sweetness, or the life-giving nectar of the mind and eyes? Is this the lover who loosens My braid, the beloved of My life, the youthful Kṛṣṇa, who has manifest before My eyes?"
928, Vipralambha Rasa,17.17,"A description of the direct darśana of Śrī Kṛṣṇa, the Cupid of all Cupids","tāsām āvirabhūc chauriḥ
 smayamāna-mukhāmbujaḥ
 pītāmbara-dharaḥ sragvī
 sākṣān manmatha-manmathaḥ",SB 10.32.2,tāsām—before them; āvirabhūt—He appeared; śauriḥ—Lord Kṛṣṇa; smayamāna—smiling; mukha—His face; ambujaḥ—lotuslike; pīta—yellow; ambara—a garment; dharaḥ—wearing; srak-vī—wearing a flower garland; sākṣāt—directly; man-matha—of Cupid (who bewilders the mind); man—of the mind; mathaḥ—the bewilderer.,"Just then, Śrī Kṛṣṇa appeared in the midst of the gopīs. His lotus face blossomed with a mild, gentle smile. Hanging from His neck was a garland of forest flowers, and He wore a golden-yellow garment (pītāmbara). What was the nature of His beauty? That beauty stirs the mind of Kāmadeva (Cupid), who himself stirs the minds of everyone."
929, Vipralambha Rasa,17.18,Śrī Kṛṣṇa's form as 'sākṣāt-manmatha-manmatha' is only displayed in the Rāsa-maṇḍala,"vṛndāvana-purandara śrī-madana-gopāla
 rāsa-vilāsī sākṣāt brajendra-kumāra
 śrī-rādhā-lalitā-saṅge rāsa-vilāsa
 manmatha-manmatha-rūpe yāṅhāra prakāśa",CC Ādi 5.212-3,vṛndāvana-purandara—the chief Deity of Vṛndāvana; śrī-madana-gopāla—Lord Madana Gopāla; rāsa-vilāsī—the enjoyer of the rāsa dance; sākṣāt—directly; vrajendra-kumāra—the son of Nanda Mahārāja; śrī-rādhā—Śrīmatī Rādhārāṇī; lalitā—Her personal associate named Lalitā; saṅge—with; rāsa-vilāsa—enjoyment of the rāsa dance; manmatha—of Cupid; manmatha-rūpe—in the form of Cupid; yāṅhāra—of whom; prakāśa—manifestation.,"Madana-gopāla, the Lord of Vṛndāvana, is the enjoyer of the rāsa dance and is directly the son of the King of Vraja. He enjoys the rāsa dance with Śrīmatī Rādhikā, Śrī Lalitā and others. He manifests Himself as the Cupid of Cupids."
930, Vipralambha Rasa,17.19,"Śrī Rādhā's meeting with Kṛṣṇa in Nava-Vṛndāvana, Dvārakā, and an expression of a desire for 'vraja-bhāva', is described in Lalita-mādhava","cirād āśā-mātraṁ tvayi viracayantaḥ sthira-dhiyo
 vidadhyur ye vāsaṁ madhurima gabhīre madhu-pure
 dadhānaḥ kaiśore vayasi sakhi tāṁ gokula-pate
 prapadyethās teṣāṁ paricayam avaśyaṁ nayanayoḥ",Lalita-mādhava 10.260,cirāt—after a long time; sa-mātram—yearning; tvayi—for You; viracayantaḥ—doing; sthira—steady; dhiyaḥ—with intelligence; vidadhyuḥ—do; ye—those who; vāsam—residence; madhura—with sweetness; gabhīre—deep; madhupure—in Vṛndāvana; dadhānaḥ—manifesting; kaiśore—in youth; vayasi—in the age; sakhitam—the position of being a friend; gokula—of Gokula; pate—O master; prapadyethāḥ—please attain; teṣām—of them; paricayam—association; avaśyam—certainly; nayanayoḥ—of the eyes.,"[Śrī Rādhā said :] O Śrī Kṛṣṇa, for a long time, persons with fixed intelligence have sustained their lives with the hope that You will one day return. You reside in Madhupurī, which is filled with profound sweetness. O master of Gokula, the adolescent sakhīs are patiently gazing at Your return path. Therefore, You must give us Your darśana without fail."
931, Vipralambha Rasa,17.2,"Suffering pangs of separation from Śrī Kṛṣṇa, Rādhā desires to bring Kṛṣṇa back to Vṛndāvana, which is filled with sweet memories","yā te līlā-rasa-parimalodgāri-vanyā-parītā
 dhanyā kṣauṇī vilasati vṛtā māthurī mādhurībhiḥ
 tatrāsmābhiś caṭula-paśupī-bhāva-mugdhāntarābhiḥ
 saṁvītas taṁ kalaya vadanollāsi veṇur vihāram",Lalita-mādhava 10.261,yā—that; te—Your; līlā-rasa—of the mellows tasted in the pastimes; parimala—the fragrance; udgāri—spreading; vanya-āparītā—filled with forests; dhanyā—glorious; kṣauṇī—the land; vilasati—enjoys; vṛtā—surrounded; māthurī—the Mathurā district; mādhurībhiḥ—by the beauties; tatra—there; asmābhiḥ—by us; caṭula—flickering; paśupī-bhāva—with ecstatic enjoyment as gopīs; mugdha-antarābhiḥ—by those whose hearts are enchanted; saṁvītaḥ—surrounded; tvam—You; kalaya—kindly perform; vadana—on the mouth; ullāsi—playing; veṇuḥ—with the flute; vihāram—playful pastimes.,"Near the highly praised Mathurā is that land of Vṛndāvana, which is full of forests that emit the sublime fragrance of the mellows of Your pastimes (līlā-rasa), and which is made splendid with sweetness and beauty. With a smiling face and playing the flute, please sport in that Vṛndāvana with those whose hearts are infatuated with capricious and unpredictable gopī-bhāva."
932, Vipralambha Rasa,17.21,The gopīs display 'madanākya-mahābhāva' upon meeting Kṛṣṇa in Kurukṣetra after many years of separation,"gopyaś ca kṛṣṇam upalabhya cirād abhīṣṭaṁ
 yat-prekṣaṇe dṛśiṣu pakṣma-kṛtaṁ śapanti
 dṛgbhir hṛdi kṛtam alaṁ parirabhya sarvās
 tad-bhāvam āpur api nitya-yujāṁ durāpam",SB 10.82.39,śrī-śukaḥ uvāca—Śukadeva Gosvāmī said; gopyaḥ—the young cowherd women; ca—and; kṛṣṇam—Kṛṣṇa; upalabhya—sighting; cirāt—after a long time; abhīṣṭam—their object of desire; yat—whom; prekṣaṇe—while seeing; dṛśiṣu—on their eyes; pakṣma—of lids; kṛtam—the maker; śapanti—they would curse; dṛgbhiḥ—with their eyes; hṛdi kṛtam—taken into their hearts; alam—to their satisfaction; parirabhya—embracing; sarvāḥ—all of them; tat—in Him; bhāvam—ecstatic absorption; āpuḥ—attained; api—even though; nitya—constantly; yujām—for those who engage in yogic discipline; durāpam—difficult to attain.,"[Śrīla Śukadeva Gosvāmī, who was experiencing the mood of the gopīs when they saw Śrī Kṛṣṇa at Kurukṣetra, said:] The vraja-sundarīs, who cursed the Creator for making eyelids that obstructed their darśana of Śrī Kṛṣṇa, now saw Śrī Kṛṣṇa again after a very long time. They took Him from the path of their eyes into their hearts and tightly embraced Him there. They attained that rare absorption that cannot be attained either by yogīs or by Rukmiṇī and the other queens of Dvārakā, who are always with Him."
933, Vipralambha Rasa,17.22,"The gopīs' intense longing to receive Śrī Kṛṣṇa in their own home, Vṛndāvana","āhuś ca te nalina-nābha padāravindaṁ
 yogeśvarair hṛdi vicintyam agādha-bodhaiḥ
 saṁsāra-kūpa-patitottaraṇāvalambaṁ
 gehaṁ juṣām api manasy udiyāt sadā naḥ",SB 10.82.48,"āhuḥ—the gopīs said; ca—and; te—Your; nalina-nābha—O Lord, whose navel is just like a lotus flower; pada-aravindam—lotus feet; yoga-īśvaraiḥ—by the great mystic yogīs; hṛdi—within the heart; vicintyam—to be meditated upon; agādha-bodhaiḥ—who were highly learned philosophers; saṁsāra-kūpa—the dark well of material existence; patita—of those fallen; uttaraṇa—of deliverers; avalambam—the only shelter; geham—family affairs; juṣām—of those engaged; api—though; manasi—in the minds; udiyāt—let be awakened; sadā—always; naḥ—our.","[At the meeting in Kurukṣetra, Śrī Rādhikā and the prominent gopīs said:] ""O Kamala-nābha (You whose navel is like a lotus), great yogīs who possess profound intelligence meditate upon Your lotus feet in their hearts. Your lotus feet are the only means of escape for those who have fallen into the well of material existence. O Lord, please give us the benediction that, even when we perform household work, Your lotus feet shall always reside in our hearts and we shall never forget them, even for a moment."""
934, Vipralambha Rasa,17.23,Śrī Kṛṣṇa meets with the gopīs in a solitary place at Kurukṣetra,"bhagavāṁs tās tathā-bhūtā / vivikta upasaṅgataḥ
 āśliṣyānāmayaṁ pṛṣṭvā / prahasann idam abravīt",SB 10.82.40,bhagavān—the Supreme Lord; tāḥ—them; tathā-bhūtāḥ—being in such a state; vivikte—in a secluded place; upasaṅgataḥ—going up to; āśliṣya—embracing; anāmayam—health; pṛṣṭvā—asking about; prahasan—laughed; idam—this; abravīt—said.,"When Śrī Kṛṣṇa saw that the gopīs had attained oneness (tādātmya) with Him, He went with them to a secluded place. After embracing them to His heart and inquiring about their well-being, He laughed and spoke as follows."
935, Vipralambha Rasa,17.24,Kṛṣṇa spoke the following words to give the gopīs consolation,"mayi bhaktir hi bhūtānām
 amṛtatvāya kalpate
 diṣṭyā yad āsīn mat-sneho
 bhavatīnāṁ mad-āpanaḥ",SB 10.82.44,mayi—to Me; bhaktiḥ—devotional service; hi—indeed; bhūtānām—for living beings; amṛtatvāya—to immortality; kalpate—leads; diṣṭyā—by good fortune; yat—which; āsīt—has developed; mat—for Me; snehaḥ—the love; bhavatīnām—on the part of your good selves; mat—Me; āpanaḥ—which is the cause of obtaining.,"""Sakhīs, it is greatly fortunate that you have developed prema for Me, by which one can attain Me. Loving devotional service unto Me qualifies living entities to attain My supremely blissful eternal abode."""
936, Vipralambha Rasa,17.25,The gopīs express their supreme love for Kṛṣṇa,"yat te sujāta-caraṇāmburuhaṁ staneṣu
 bhītāḥ śanaiḥ priya dadhīmahi karkaśeṣu
 tenāṭavīm aṭasi tad vyathate na kiṁ svit
 kūrpādibhir bhramati dhīr bhavad-āyuṣāṁ naḥ",SB 10.31.19,yat—which; te—Your; su-jāta—very fine; caraṇa-ambu-ruham—lotus feet; staneṣu—on the breasts; bhītāḥ—being afraid; śanaiḥ—gently; priya—O dear one; dadhīmahi—we place; karkaśeṣu—rough; tena—with them; aṭavīm—the forest; aṭasi—You roam; tat—they; vyathate—are distressed; na—not; kim svit—we wonder; kūrpa-ādibhiḥ—by sharp stones; bhramati—flutters; dhīḥ—the mind; bhavat-āyuṣām—of those of whom Your Lordship is the very life; naḥ—of us.,"[The gopīs said:] A fear has arisen in our minds that Your very soft lotus feet may be pained by being placed on our hard breasts. Our minds are agitated by such thoughts, as if tormented by a stinging scorpion."
937, Vipralambha Rasa,17.26,"During the Ratha-yātrā, Śrī Caitanya Mahāprabhu, in the mood of Rādhikā, sang in seperation","prāṇa-nātha, śuna mora satya nivedana
 vraja – āmāra sadana, tāhāṅ tomāra saṅgama, nā pāile nā rahe jīvana",CC Mad 13.138,"prāṇa-nātha—O My Lord, master of My life; śuna—please hear; mora—My; satya—true; nivedana—submission; vraja—Vṛndāvana; āmāra—My; sadana—place; tāhāṅ—there; tomāra—Your; saṅgama—association; nā pāile—if I do not get; nā—not; rahe—does remain; jīvana—life.","Prāṇanātha, hear My true submission. My home is Vṛndāvana, and I wish to have Your association there. If not, it will be very difficult for Me to maintain My life."
938, Vipralambha Rasa,17.27,"As Mahāprabhu was ecstatically dancing, Śrī Svarūpa Dāmodara sang","sei ta parāṇa-nātha pāinu, yāhā lāgi' madana-dahane jhuri' genu'",CC Mad 13.113,sei ta—that indeed; parāṇa-nātha—the master of My life; pāinu—I have gotten; yāhā lāgi'—for whom; madana-dahane—being burned by Cupid; jhuri' genu—I became dried up.,"""Now I have gained the Lord of My life, in whose absence I was being burned by Cupid and was withering away."""
939, Vipralambha Rasa,17.28,Will You please place Your lotus feet in Vṛndvana?,"anyera hṛdaya—mana, mora mana—vṛndāvana,
 'mane' 'vane' eka kari' jāni
 tāhāṅ tomāra pada-dvaya, karāha yadi udaya,
 tabe tomāra pūrṇa kṛpā māni",CC Mad 13.137,"anyera—of others; hṛdaya—consciousness; mana—mind; mora mana—My mind; vṛndāvana—Vṛndāvana consciousness; mane—with the mind; vane—with Vṛndāvana; eka kari'—as one and the same; jāni—I know; tāhāṅ—there, at Vṛndāvana; tomāra—Your; pada-dvaya—two lotus feet; karāha—You do; yadi—if; udaya—appearance; tabe—then; tomāra—Your; pūrṇa—complete; kṛpā—mercy; māni—I accept.","[Speaking in the mood of Śrīmatī Rādhārāṇī, Caitanya Mahāprabhu said:] ""For most people, the mind and heart are one, but because My mind is never separated from Vṛndāvana, I consider My mind and Vṛndāvana to be one. My mind is already Vṛndāvana, and since You like Vṛndāvana, will You please place Your lotus feet there? I would deem that Your full mercy."""
940, Vipralambha Rasa,17.29,"In separation, one moment seems like ten million aeons","yarhy ambujākṣāpasasāra bho bhavān
 kurūn madhūn vātha suhṛd-didṛkṣayā
 tatrābda-koṭi-pratimaḥ kṣaṇo bhaved
 raviṁ vinākṣṇor iva nas tavācyuta",SB 1.11.9,yarhi—whenever; ambuja-akṣa—O lotus-eyed one; apasasāra—You go away; bho—oh; bhavān—Yourself; kurūn—the descendants of King Kuru; madhūn—the inhabitants of Mathurā (Vrajabhūmi); vā—either; atha—therefore; suhṛt-didṛkṣayā—for meeting them; tatra—at that time; abda-koṭi—millions of years; pratimaḥ—like; kṣaṇaḥ—moments; bhavet—becomes; ravim—the sun; vinā—without; akṣṇoḥ—of the eyes; iva—like that; naḥ—ours; tava—Your; acyuta—O infallible one.,"O Lotus-eyed one, when you go away to Kurukṣetra and Madhupurī (Mathurā), one moment seems like ten million aeons. As the eyes see only darkness in the absence of the sun, in your absence all four directions appear to be an empty, desolate void."
941, Vipralambha Rasa,17.3,What is the most painful kind of distress?,"duḥkha-madhye kona duḥkha haya gurutara?'
 'kṛṣṇa-bhakta-viraha vinā duḥkha nāhi dekhi para'",CC Mad 8.149,duḥkha-madhye—among the miserable conditions of life; kona—what; duḥkha—misery; haya—is; gurutara—more painful; kṛṣṇa-bhakta-viraha—separation from the devotee of Lord Kṛṣṇa; vinā—besides; duḥkha—unhappiness; nāhi—there is not; dekhi—I see; para—other.,"Śrī Caitanya Mahāprabhu asked, ""Of all kinds of distress, what is the most painful?"" Śrī Rāmānanda Rāya replied, ""Apart from separation from the devotee of Kṛṣṇa, I know of no unhappiness."""
942, Vipralambha Rasa,17.31,Raghunātha dāsa Gosvāmī in separation from Śrī Rūpa Gosvāmī,"śūnyāyate mahā-goṣṭhaṁ / girīndro 'jagarāyate
 vyāghra-tuṇḍāyate kuṇḍa / jīvātu-rahitasya me",Stavavali,śūnyāyate—becomes void; mahā-goṣṭham—the land of Vraja; girīndraḥ—the king of mountains; ajagarāyate—becomes like a python; vyāghra—of a tiger; tuṇḍāyate—becomes like the gaping mouth; kuṇḍam—Rādhā—kuṇḍa; jīvātu—the sustainer of life; rahitasya—without; me—of me.,"Now that I no longer have the sustainer of my life [Śrīla Rūpa Gosvāmī], the land of Vraja has become empty and desolate, Govardhana Hill has become like a great python, and Rādhā-kuṇḍa has become like the gaping mouth of a ferocious tiger."
943, Vipralambha Rasa,17.32,Narottama dāsa laments in separation from Śrī Rūpa Gosvāmī,"tuwā adarśana-ahi, garale jārala dehī, cira-dina tāpita jīvana
 hā hā prabhu! kara dayā, deha more pada-chāyā, narottama laila śaraṇa",Śrī Rūpa-mañjarī-pada,tuwā—of you; adarśana—by not seeing; ahi—of the snake; garale—by the poison; jārala—wasted; dehī—soul; cira-dina— for many days; tāpita—burning; jīvana-life; hā—O; hā—O; prabhu—Rupa Gosvāmī; kara—please grant; dayā—mercy; deha—please give; more—to me; pada—of your lotus feet; chāyā—the shade; narottama dāsa—Narottama dāsa; laila—takes; śaraṇa— shelter.,"Your absence from my vision is like snake poison spreading throughout my body, consuming all my strength. For the rest of my life my soul will be burning. Narottama dāsa laments, ""Alas, Prabhu! O Rūpa Gosvāmī! Please give me the shade of your lotus feet. There I am taking shelter."""
944, Vipralambha Rasa,17.34,Śrī-Bṛhad-Bhāgavatāmṛtam describes the condition of Vraja in separation,"kintv idānīm api bhavān / yadi tān nānukampate
 yama eva tadā sarvān / vegenānugrahīṣyati",Brhad Bagavamrta  1.6.119,kintu—but; idānīm—now; api—indeed; bhavān—Your good self; yadi—if; tān—to them; na anukampate—does not show mercy; yamaḥ—Yamarāja; eva—indeed; tadā—then; sarvān—all; vegena—quickly; anugrahīṣyati—will treat kindly.,"Oh Kṛṣṇa, if you still do not show mercy to the surviving Vrajavāsīs, then Yamarāja will quickly show them his mercy. It is only by the mercy of Yamarāja that the distress and grief of separation from beloved relatives becomes relieved."
945, Vipralambha Rasa,17.35,,"tatratya-yamunā svalpa- / jalā śuṣkeva sājani
 govardhano 'bhūn nīco 'sau / svaḥ-prāpto yo dhṛtas tvayā",Brhad bhagavamrta 1.6.121,tatratya—present there; yamunā—the Yamunā; su-alpa—meager; jalā—whose water; śuṣkā—dried up; iva—as if; sā—she; ajani—has become; govardhanaḥ—Govardhana; abhūt—has become; nīcaḥ—short; asau—he; svaḥ—heaven; prāptaḥ—reaching; yaḥ—who; dhṛtaḥ—held; tvayā—by You.,"There is now very little water left in the Yamunā, for she has almost dried up. Girirāja Govardhana which was carried by Your left hand and was thus reaching up to heaven, has now entered into the earth and is gradually disappearing."
946, Vipralambha Rasa,17.36,,"na yānty anaśanāt prāṇās / tvan-nāmāmṛta-sevinām
 paraṁ śuṣka-mahāraṇya- / dāvāgnir bhavitā gatiḥ",BB 1.6.122,na yānti—they do not leave; anaśanāt—because of fasting; prāṇāḥ—their life airs; tvat—Your; nāma-amṛta—the nectar of names; sevinām—of those who serve; param—rather; śuṣka—dry; mahā—great; araṇya—in a forest; dāva-agniḥ—a conflagration; bhavitā—will be; gatiḥ—their end.,"What more can I say about the condition of Vraja. Those who are still alive, have abandoned bathing, eating and drinking. Their life-airs are not leaving their bodies only because they are tasting the nectar of Your holy name. Therefore, the blazing forest-fire of Mahāvana shall be their ultimate destination."
947, Vipralambha Rasa,17.37,Śrī Rādhikā is lamenting in separation from Kṛṣṇa,"hā nātha ramaṇa preṣṭha / kvāsi kvāsi mahā-bhuja
 dāsyās te kṛpaṇāyā me / sakhe darśaya sannidhim",SB 10.30.39,"hā—O; nātha—master; ramaṇa—lover; preṣṭha—dearmost; kva asi kva asi—where are You, where are You; mahā-bhuja—O mighty-armed one; dāsyāḥ—to the maidservant; te—Your; kṛpaṇāyāḥ—wretched; me—Me; sakhe—O friend; darśaya—please show; sannidhim—Your presence.","""O master! My lover! O dearest, where are You? Where are You? Please, O mighty-armed one, O friend, show Yourself to Me, Your maidservant who is very much aggrieved by Your absence."""
948, Vipralambha Rasa,17.38,I am unable to tolerate Rādhikā's separation from Keṣṇa,"śrī kṛṣṇa-virahe, rādhikāra daśā, āmi ta' sahite nāri
 yugala-milana, sukhera kāraṇa, jīvana chāḍite pāri (1)
 

 rādhikā-caraṇa, tyajiyā āmāra, kṣaṇeke pralaya haya
 rādhikāra tare, śata-bāra mari, se duḥkha āmāra saya (2)
 

 e hena rādhāra, caraṇa-yugale, paricaryā pā'ba kabe
 hāhā vraja-jana, more dayā kari', kabe vraja-vane labe (3)
 

 vilāsa mañjarī, anaṅga mañjarī, śrī rūpa mañjarī āra
 āmāke tuliyā, laha nija pade, deha more siddhi sāra (4)",Śrī Kṛṣṇa-Virahe,,"I am absolutely unable to tolerate Śrī Rādhikā's pitiable condition when She is suffering in separation from Śrī Kṛsna, but I am fully prepared to immediately give up my life for the sake of Their happy reunion. If I were ever to renounce Rādhikā's lotus feet for even an instant, I would be totally devastated. For Her sake I will gladly tolerate the pain and agony of death hundreds of times. When will I be able to serve Rādhikā's two lotus feet? Alas, I beg you all, O residents of Vraja, please be merciful to me now. When will you take me into the forests of Vraja? O Vilāsa Mañjarī! O Anaṅga Mañjarī! O Rūpa Mañjarī! Please lift me up and bring me close to your own lotus feet, thereby bestowing upon me the ultimate perfection."
949, Vipralambha Rasa,17.36,"Finally, Kṛṣṇa meets with the gopīs and soothes their pain of separation","kṛṣṇo 'pi taṁ dantavakraṁ hatvā yamunām uttīrya nanda-vrajaṁ
 gatvā sotkaṇṭhau pitarau abhivādyāśvāsya tābhyāṁ sāśru-kaṇṭham
 āliṅgitaḥ sakala gopa-vṛndān praṇamyāśvāsya sarvān santarpayām āsa",Padma Purāṇa,,"After killing Dantavakra, Kṛṣṇa crossed the Yamunā and arrived in Vraja. There he offered obeisances to Nanda and Yaśodā and comforted them in various ways. They bathed Kṛṣṇa in their tears and pacified their long-lived anguish by embracing him to their hearts. Then he met with all the other cowherders and relieved their sorrows. Finally, he met with the gopīs and soothed their pain of separation."
950, Sambhoga Rasa,18.1,Steadiness in perfection is described in the last verse of Śikṣāṣṭaka,"āśliṣya vā pāda-ratāṁ pinaṣṭu mām
 adarśanān marma-hatāṁ karotu vā
 yathā tathā vā vidadhātu lampaṭo
 mat-prāṇa-nāthas tu sa eva nāparaḥ",Śikṣāṣṭaka 8,"āśliṣya—embracing with great pleasure; vā—or; pāda-ratām—who have fallen at the lotus feet; pinaṣṭu—let Him trample; mām—Me; adarśanāt—by not being visible; marma-hatām—brokenhearted; karotu—let Him make; vā—or; yathā—as (He likes); tathā—so; vā—or; vidadhātu—let Him do; lampaṭaḥ—a debauchee, who mixes with other women; mat-prāṇa-nāthaḥ—the Lord of My life; tu—but; saḥ—He; eva—only; na aparaḥ—not anyone else.","Let that debauchee (Kṛṣṇa) tightly embrace this maidservant, who is devoted to serving Him, and thus delight Me. Or, let Him trample Me under His feet, or break My heart by not giving Me His darśana. He may do whatever He desires. Even if He sports with His other beloveds directly in front of Me, He is still My prāṇanātha, My life and soul. In My heart, there is none other than Him."
951, Sambhoga Rasa,18.2,Out of intense love the devotee overlooks all impediments and only want to to render loving service,"pragāḍha-premera ei svabhāva-ācāra
 nija-duḥkha-vighnādira nā kare vicara",CC Mad 4.186,pragāḍha—intense; premera—of love of Godhead; ei—this; svabhāva—natural; ācāra—behavior; nija—personal; duḥkha—inconvenience; vighna—impediments; ādira—and so on; nā—not; kare—does; vicāra—consideration.,"""This is the natural result of intense kṛṣṇa-prema: The devotee does not consider personal inconveniences or impediments. In all circumstances he wants to serve Kṛṣṇa."""
952, Sambhoga Rasa,18.3,I do not mind My personal distress; I only wish for the happiness of Kṛṣṇa,"nā gaṇi āpana-duḥkha, sabe vāñchi tāṅra sukha,
 tāṅra sukha—āmāra tātparya
 more yadi diyā duḥkha, tāṅra haila mahā-sukha,
 sei duḥkha—mora sukha-varya",CC Antya 20.52,nā—not; gaṇi—I count; āpana-duḥkha—own personal misery; sabe—only; vāñchi—I desire; tāṅra sukha—His happiness; tāṅra sukha—His happiness; āmāra tātparya—the aim and object of My life; more—unto Me; yadi—if; diyā duḥkha—giving distress; tāṅra—His; haila—there was; mahā-sukha—great happiness; sei duḥkha—that unhappiness; mora sukha-varya—the best of My happiness.,"[Śrīmatī Rādhikā says:] ""I do not mind My personal distress. I only wish for the happiness of Kṛṣṇa, for His happiness is the aim and object of My life. However, if He feels great happiness in giving Me distress, that distress is the best of My happiness."""
953, Sambhoga Rasa,18.4,"A devotee who remembers the eternal pastimes is transcendental, being filled with sac-cid-ānanda (eternality, knowledge and bliss). A Vaiṣṇava's body is therefore non-different from Śrī Kṛṣṇa's body","martyo yadā tyakta-samasta-karmā
 niveditātmā vicikīrṣito me
 tadāmṛtatvaṁ pratipadyamāno
 mayātma-bhūyāya ca kalpate vai",SB 11.29.34,martyaḥ—a mortal; yadā—when; tyakta—having given up; samasta—all; karmā—his fruitive activities; nivedita-ātmā—having offered his very self; vicikīrṣitaḥ—desirous of doing something special; me—for Me; tadā—at that time; amṛtatvam—immortality; pratipadyamānaḥ—in the process of attaining; mayā—with Me; ātma-bhūyāya—for equal opulence; ca—also; kalpate—he becomes qualified; vai—indeed.,"[Śrī Kṛṣṇa says to Uddhava:] When a person abandons all fruitive activities and fully surrenders himself to Me, he becomes a recipient of special prema. This is a result of My special mercy on him. I release him from old age and grant him entrance into My eternal pastimes, where he serves Me eternally."
954, Sambhoga Rasa,18.5,Steadiness in bhajana is described by Śrīla Raghunātha dāsa Gosvāmī,"na dharmaṁ nādharmaṁ śruti-gaṇa-niruktaṁ kila kuru
 vraje rādhā-kṛṣṇa-pracura-paricaryām iha tanu
 śacī-sūnuṁ nandīśvara-pati-sutatve guru-varaṁ
 mukunda-preṣṭhatve smara param ajasraṁ nanu manaḥ",Manaḥ-śikṣā 2,"na—not; dharmam—piety; na—not; adharmam—impiety; śruti-gaṇa—in the Vedas; niruktam—described; kila—indeed; kuru—do; vraje—in Vraja; rādhā-kṛṣṇa—for Rādhā-Kṛṣṇa; pracura—great; paricaryām—service; iha—here; tanuḥ—body; śacī-sūnum—the son of Śacī; nandīśvara-pati-sutatve—as the son of King Nanda; guru-varam—the best Guru (refers to both Śrī Guru and Śrī Caitanya Mahāprabhu); mukunda-preṣṭhatve—most dear to Lord Mukunda; smara—meditate; param ajasram—always, incessantly; nanu—indeed; manaḥ—mind.","O my dear mind, please do not perform either the dharma, which produces piety, or adharma, which gives rise to sin, that are mentioned in the Śrutis. Rather, render profuse loving service to Śrī Rādhā-Kṛṣṇa Yugala, who the Śrutis have ascertained to be the supreme object of worship and the topmost Truth. Always remember Śacīnandana Śrī Caitanya Mahāprabhu, who is endowed with the sentiments and bodily lustre of Śrī Rādhā, knowing Him to be non-different from Śrī Nanda-nandana; and always remember Śrīla Gurudeva (who is the representative of Śrīmatī Rādhikā) as most dear to Śrī Mukunda."
955, Sambhoga Rasa,18.6,Humility and prema go side by side,"na premā śravaṇādi-bhaktir api vā yogo 'tha vā vaiṣṇavo
 jñānaṁ vā śubha-karma vā kiyad aho saj-jātir apy asti vā
 hīnārthādhika-sādhake tvayi tathāpy acchedya-mūlā satī
 he gopī-jana-vallabha vyathayate hā hā mad-āśaiva mām",BRS 1.3.35,"na—not; premā—love of Godhead; śravaṇa-ādi—consisting of chanting, hearing and so on; bhaktiḥ—devotional service; api—also; vā—or; yogaḥ—the power of mystic yoga; atha vā—or; vaiṣṇavaḥ—befitting a devotee; jñānam—knowledge; vā—or; śubha-karma—pious activities; vā—or; kiyat—a little; aho—O my Lord; sat-jātiḥ—birth in a good family; api—even; asti—there is; vā—or; hīna-artha-adhika-sādhake—who bestows greater benedictions upon one who is fallen and possesses no good qualities; tvayi—unto You; tathā api—still; acchedya-mūlā—whose root is uncuttable; satī—being; he—O; gopī-jana-vallabha—most dear friend of the gopīs; vyathayate—gives pain; hā hā—alas; mat—my; āśā—hope; eva—certainly; mām—to me.","O my Lord, I do not have any love for You, nor am I qualified for discharging devotional service by chanting and hearing. Nor do I possess the mystic power of a Vaiṣṇava, knowledge or pious activities. Nor do I belong to a very high-caste family. Overall, I do not possess anything. Still, O beloved of the gopīs, because You bestow Your mercy on the most fallen, I have an unbreakable hope that is constantly in my heart. That hope is always giving me pain."
956, Sambhoga Rasa,18.9,"The premī bhakta's behaviour, characteristics and activities","evaṁ-vrataḥ sva-priya-nāma-kīrtyā
 jātānurāgo druta-citta uccaiḥ
 asaty atho roditi rauti gāyaty
 unmāda-van nṛtyati loka-bāhyaḥ",SB 11.2.40,evam-vrataḥ—when one thus engages in the vow to chant and dance; sva—own; priya—very dear; nāma—holy name; kīrtya—by chanting; jāta—in this way develops; anurāgaḥ—attachment; druta-cittaḥ—with a melted heart; uccaiḥ—loudly; hasati—laughs; atho—also; roditi—cries; rauti—becomes agitated; gāyati—chants; unmāda-vat—like a madman; nṛtyati—dancing; loka-bāhyaḥ—without caring for outsiders.,"In the heart of one who adopts such a transcendental vow, attachment for chanting the name of his most dear iṣṭadeva arises and melts his heart. Now he rises above the condition of the general mass of people, and he is beyond caring for their opinions and views. In a natural way – not out of pretence – he acts as if mad. Sometimes he bursts out laughing and sometimes he sheds floods of tears. Sometimes, in a loud voice, he calls out to Bhagavān and sometimes, with a sweet voice, he sings Rādhā-Kṛṣṇa's glories. At other times, when he perceives his beloved standing before his eyes, he even starts dancing in order to please Him."
957, Sambhoga Rasa,18.1,"As Mahāprabhu dances at the Ratha-yātrā Festival, He raises His arms and repeatedly recites one poem in a loud voice:","yaḥ kaumāra-haraḥ sa eva hi varas tā eva caitra-kṣapās
 te conmīlita-mālatī-surabhayaḥ prauḍhāḥ kadambānilāḥ
 sā caivāsmi tathāpi tatra surata-vyāpāra-līlā-vidhau
 revā-rodhasi vetasi-taru-tale cetaḥ samutkaṇṭhate",Padyāvalī 386,yaḥ—that same person who; kaumāra-haraḥ—the thief of my heart during youth; saḥ—he; eva hi—certainly; varaḥ—lover; tāḥ—these; eva—certainly; caitra-kṣapāḥ—moonlit nights of the month of Caitra; te—those; ca—and; unmīlita—fructified; mālatī—of mālatī flowers; surabhayaḥ—fragrances; prauḍhāḥ—full; kadamba—with the fragrance of the kadamba flower; anilāḥ—the breezes; sā—that one; ca—also; eva—certainly; asmi—I am; tathā api—still; tatra—there; surata-vyāpāra—in intimate transactions; līlā—of pastimes; vidhau—in the manner; revā—of the river named Revā; rodhasi—on the bank; vetasī—of the name Vetasī; taru-tale—underneath the tree; cetaḥ—my mind; samutkaṇṭhate—is very eager to go.,"O My friend, that beautiful one who stole my heart in my youth is now here. These are also the same pleasant nights of the month of Caitra, with the same fragrance of blossoming mālatī flowers and the same cool, gentle, fragrant breeze from the kadamba trees. I am also the same; my beloved, too. Nonetheless, my mind is eager for amorous play at the foot of the vetasī tree on the bank of the river Revā."
958, Sambhoga Rasa,18.11,Only Svarūpa (Dāmodara) and Rūpa (Gosvāmī) could understand the essence of the mood in which Mahāprabhu chanted the previous śloka. Śrīla Rūpa Gosvāmī has explained that śloka by composing the following text:,"priyaḥ so 'yaṁ kṛṣṇaḥ sahacari kuru-kṣetra-militas
 tathāhaṁ sā rādhā tad idam ubhayoḥ saṅgama-sukham
 tathāpy antaḥ-khelan-madhura-muralī-pañcama-juṣe
 mano me kālindī-pulina-vipināya spṛhayati",Padyāvali 387,priyaḥ—very dear; saḥ—He; ayam—this; kṛṣṇaḥ—Lord Kṛṣṇa; saha-cari—O My dear companion; kuru-kṣetra-militaḥ—who is met on the field of Kurukṣetra; tathā—also; aham—I; sā—that; rādhā—Rādhārāṇī; tat—that; idam—this; ubhayoḥ—of both of Us; saṅgama-sukham—the happiness of meeting; tathā api—still; antaḥ—within; khelan—playing; madhura—sweet; muralī—of the flute; pañcama—the fifth note; juṣe—which delights in; manaḥ—the mind; me—My; kālindī—of the river Yamunā; pulina—on the bank; vipināya—the trees; spṛhayati—desires.,"[After meeting Śrī Kṛṣṇa at Kurukṣetra, Śrī Rādhā said:] O sakhi, today at Kurukṣetra, I met My same prāṇa-priya, Kṛṣṇa. I am that same Rādhā and there is also happiness in Our meeting. But nonetheless, I deeply yearn for Vṛndāvana, for the kuñja on the bank of the Kālindī that is inundated by bliss as a result of Kṛṣṇa vibrating the fifth note on His playful muralī."
959, Sambhoga Rasa,18.12,,"nikhila-bhuvana-lakṣmī-nitya-līlāspadābhyāṁ
 kamala-vipina-vīthī-garva-sarvāṅkaṣābhyāṁ
 praṇamad-abhaya-dāna-prauḍhi-gāḍhādṛtābhyāṁ
 kim api vahatu cetaḥ kṛṣṇa-pādāmbujābhyām",Kṛṣṇa-karṇāmṛta 12,"nikhila—all; bhuvana—the worlds; lakṣmī—beauties (i.e., the milkmaids); nitya—eternal; līlāḥ—pastimes; padābhyām—home; kamala—lotus; vipina—vīthī—thickets or clusters; garva—pride; sarvam—all; kaṣābhyām—break down; praṇamad—those who bow down (i.e., His devotees); abhaya—fearlessness; dāna—giving; prauḍhi—assurance; gāḍha—excessively; adṛtābhyām—worshiped; kim api—something in expressible, inexpressible bliss; vahatu—attain; cetaḥ—my mind; kṛṣṇa—of Kṛṣṇa; pāda—the feet; ambujābhyām—lotus.","May my heart attain indescribable bliss at Śrī Kṛṣṇa's lotus feet, which are the eternal abode of pastimes for the original goddess of fortune, which thwart heaps of lotus flowers' pride in their beauty, and which are deeply respected everywhere for their great power in giving shelter to the surrendered souls."
960, Sambhoga Rasa,18.13,May the sweet nectar of His lips sport in my heart,"taruṇāruṇa-karuṇāmaya-vipulāyata-nayanaṁ
 kamalākuca-kalaśībhara-vipulī-kṛta-pulakam
 muralī-rava-taralī-kṛta-muni-mānasa-nalinaṁ
 mama khelatu mada-cetasi madhurādharam amṛtam",Kṛṣṇa-karṇāmṛta 18,"taruṇa—like the sun; aruṇa—red; karuṇāmaya—full of compassion; vipulāyata—broad, wide open; nayanam—eyes; kamalā—Rādhā; kuca—breasts; kalaśī—pitcherlike; bhara—heavy; vipulī—pressing; kṛta—caused; pulakam—standing of the hairs on end; muralī—flute; rava—sound; taralī—loose, liquified; kṛta—made; muni—of the sages; mānasa—the minds; nalinam—lotuses; mama—my; khelatu—play; mada—intoxicated with glee; cetasi—mind; madhura—sweet; adharam—lips; amṛtam—(filled with) nectar.","His eyes are fresh and reddish like the early dawn, full of compassion and very long and wide; His bodily hair stands on end by the touch of Śrī Rādhā's breast; and the sound of His flute makes the lotus-like minds of the munis restless like the gopīs. May the sweet nectar of His lips sport in my heart."
961, Sambhoga Rasa,18.14,The superiority of paramour love (parakīya-bhāva),"kurvanti hi tvayi ratiṁ kuśalāḥ sva ātman
 nitya-priye pati-sutādibhir ārti-daiḥ kim
 tan naḥ prasīda parameśvara mā sma chindyāḥ
 āśāṁ dhṛtāṁ tvayi cirād aravinda-netra",SB 10.29.33,kurvanti—they show; hi—indeed; tvayi—for You; ratim—attraction; kuśalāḥ—expert persons; sve—for their own; ātman—Self; nitya—eternally; priye—who is dear; pati—with our husbands; suta—children; ādibhiḥ—and other relations; ārti-daiḥ—who only give trouble; kim—what; tat—therefore; naḥ—to us; prasīda—be merciful; parama-īśvara—O supreme controller; mā sma chindyāḥ—please do not cut down; āśām—our hopes; dhṛtām—sustained; tvayi—for You; cirāt—for a long time; aravinda-netra—O lotus-eyed one.,"[The gopīs said:] ""O Param-īśvara, the great personalities, who are the well-wishers of everyone's soul, direct their love to You because You are the soul of all souls. What is the use of loving or serving husbands, sons and so forth, who are temporary and sources of misery? Be pleased with us and give us Your mercy. O lotus-eyed one, please do not cut the flourishing creeper of our desire to serve You, which we have nourished for such a long time."""
962, Sambhoga Rasa,18.15,Taking shelter of the perfect sentiments of the gopīs (siddha-gopī-bhāva),"vīkṣyālakāvṛta-mukhaṁ tava kuṇḍala-śrī-
 gaṇḍa-sthalādhara-sudhaṁ hasitāvalokam
 dattābhayaṁ ca bhuja-daṇḍa-yugaṁ vilokya
 vakṣaḥ śriyaika-ramaṇaṁ ca bhavāma dāsyaḥ",SB 10.29.39,vīkṣya—seeing; alaka—by Your hair; āvṛta—covered; mukham—face: tava—Your; kuṇḍala—of Your earrings; śrī—with the beauty; gaṇḍa-sthala—having the cheeks; adhara—of Your lips; sudham—and the nectar; hasita—smiling; avalokam—with glances; datta—bestowing; abhayam—fearlessness; ca—and; bhuja-daṇḍa—of Your mighty arms; yugam—the pair; vilokya—glancing upon; vakṣaḥ—Your chest; śrī—of the goddess of fortune; eka—the only; ramaṇam—source of pleasure; ca—and; bhavāma—we must become; dāsyaḥ—Your maidservants.,"[The gopīs said:] ""Priyatama, after seeing Your beautiful lotus face, decorated with glossy black curling tresses; Your beautiful cheeks, upon which enchanting earrings (kuṇḍalas) radiate Your boundless loveliness; Your sweet lips, whose nectar defeats all other nectar; Your charming glance, which is made radiant by Your slight smile; Your two arms, which liberally give the charity of fearlessness to surrendered souls; and Your chest, beautified by Lakṣmī who resides there as a golden line, we have all become Your maidservants."""
963, Sambhoga Rasa,18.16,,"viśveṣām anurañjanena janayann ānandam indīvara-
 śreṇī-śyāmala-komalair upanayann aṅgair anaṅgotsavam
 svacchandaṁ vraja-sundarībhir abhitaḥ pratyaṅgam āliṅgitaḥ
 śṛṅgāraḥ sakhi mūrtimān iva madhau mugdho hariḥ krīḍati",Śrī Gīta-govinda 1.12,viśveṣām—of all the gopīs; anurañjanena—by the act of pleasing; janayan—producing; ānandam—the bliss; indīvara-śreṇī—like a row of blue lotuses; śyāmala—bluish black; komalaiḥ—and soft; upanayan—bringing; aṅgaiḥ—with His limbs; anaṅga-utsavam—a festival for Cupid; svacchandam—without restriction; vraja-sundarībhiḥ—by the young women of Vraja; abhitaḥ—on both sides; prati-aṅgam—each limb; āliṅgitaḥ—embraced; śṛṅgāraḥ—amorous love; sakhi—O friend; mūrtimān—embodied; iva—like; madhau—in the springtime; mugdhaḥ—perplexed; hariḥ—Lord Hari; krīḍati—plays.,"O sakhī, He who gives pleasure and bliss to all the gopīs; whose limbs are bluish-black, very soft and resemble blue lotuses; whose qualities awaken the festival of Kandarpa (Cupid) that lies dormant within the gopīs' hearts; and whose each and every limb is embraced by the gopīs – that Kṛṣṇa is sporting like amorous love personified in the spring season."
964, Rādhā-tattva,19.1,,"rādhā kṛṣṇa-praṇaya-vikṛtir hlādinī śaktir asmād
 ekātmānāv api bhuvi purā deha-bhedaṁ gatau tau
 caitanyākhyaṁ prakaṭam adhunā tad-dvayaṁ caikyam āptaṁ
 rādhā-bhāva-dyuti-suvalitaṁ naumi kṛṣṇa-svarūpam","CC,Adi lila 1.5",rādhā—Śrīmatī Rādhārāṇī; kṛṣṇa—of Lord Kṛṣṇa; praṇaya—of love; vikṛtiḥ—the transformation; hlādinī-śaktiḥ—pleasure potency; asmāt—from this; eka-ātmānau—both the same in identity; api—although; bhuvi—on earth; purā—from beginningless time; deha-bhedam—separate forms; gatau—obtained; tau—these two; caitanya-ākhyam—known as Śrī Caitanya; prakaṭam—manifest; adhunā—now; tat-dvayam—the two of Them; ca—and; aikyam—unity; āptam—obtained; rādhā—of Śrīmatī Rādhārāṇī; bhāva—mood; dyuti—the luster; suvalitam—who is adorned with; naumi—I offer my obeisances; kṛṣṇa-svarūpam—to Him who is identical with Śrī Kṛṣṇa.,"Śrī Rādhā is a transcendental manifestation of Kṛṣṇa's praṇaya and His internal pleasure-giving potency. Although Rādhā and Kṛṣṇa are one in Their identity, They separated Themselves eternally. Now these two transcendental identities have again united, in the form of Śrī Kṛṣṇa Caitanya. I bow down to Him, who has manifested Himself with the sentiment and complexion of Śrīmatī Rādhārāṇī although He is Kṛṣṇa Himself."
965, Rādhā-tattva,19.2,Śrīmati Rādhikā is the topmost beloved of Kṛṣṇa,"yathā rādhā priyā viṣṇos
 tasyāḥ kuṇḍaṁ priyaṁ tathā
 sarva-gopīṣu saivaikā
 viṣṇor atyanta-vallabhā",Padma Purāṇa,yathā—just as; rādhā—Śrīmatī Rādhārāṇī; priyā—very dear; viṣṇoḥ—to Lord Kṛṣṇa; tasyāḥ—Her; kuṇḍam—bathing place; priyam—very dear; tathā—so also; sarva-gopīṣu—among all the gopīs; sā—She; eva—certainly; ekā—alone; viṣṇoḥ—of Lord Kṛṣṇa; atyanta-vallabhā—most dear.,"Just as Śrīmatī Rādhikā is most dear to Śrī Kṛṣṇa, Her pond, Śrī Rādhā-kuṇḍa, is equally dear to Him. Among all the beloved gopīs, none are as dear as Śrīmatī Rādhikā."
966, Rādhā-tattva,19.3,The essence of prema is mahābhāva,"hlādinīra sāra 'prema', prema-sāra 'bhāva'
 bhāvera parama-kāṣṭhā, nāma—'mahā-bhāva'",CC Ādi 4.68,hlādinīra—of the pleasure potency; sāra—the essence; prema—love for God; prema-sāra—the essence of such love; bhāva—emotion; bhāvera—of emotion; parama-kāṣṭhā—the highest limit; nāma—named; mahā-bhāva—mahābhāva.,"The essence of the hlādinī potency is love of God, the essence of love of God is bhāva, and the ultimate development of bhāva is mahābhāva."
967, Rādhā-tattva,19.4,The meaning of mahābhāva,"rādhāyā bhavataś ca citta-jatunī svedair vilāpya kramād
 yuñjann adri-nikuñja-kuñjara-pate nirdhūta-bheda-bhramam
 citrāya svayam anvarañjayad iha brahmāṇḍa-harmyodare
 bhūyobhir nava-rāga-hiṅgula-bharaiḥ śṛṅgāra-kāruḥ kṛtī",Ujjvala-nīlamaṇi,rādhāyāḥ—of Śrīmatī Rādhārāṇī; bhavataḥ ca—and of You; citta-jatunī—the two minds like shellac; svedaiḥ—by perspiration; vilāpya—melting; kramāt—gradually; yuñjan—making; adri—of Govardhana Hill; nikuñja—in a solitary place for enjoyment; kuñjara-pate—O king of the elephants; nirdhūta—completely taken away; bheda-bhramam—the misunderstanding of differentiation; citrāya—for increasing the wonder; svayam—personally; anvarañjayat—colored; iha—in this world; brahmāṇḍa—of the universe; harmya-udare—within the palace; bhūyobhiḥ—by varieties of means; nava-rāga—of new attraction; hiṅgula-bharaiḥ—by the vermilion; śṛṅgāra—of loving affairs; kāruḥ—the craftsman; kṛtī—very expert.,"Śrī Rādhā-Kṛṣṇa continuously enjoy Their loving play in the nikuñjas. Vṛṇdā-devī, having realised the excellence of their anurāga, says to Kṛṣṇa, ""O King of mad elephants, who sports in the groves on Govardhana Hill, there is an accomplished artist of the name Śṛṅgāra rasa (Kāmadeva) and upon the fire generated from the heat of Your two bhāvas, he has slowly melted Your shellac-like hearts and made them one. Then mixing that with profuse quantities of the kuṅkuma of Your everfresh rāga, he is painting an astonishing picture upon the inner walls of the grand temple of the universe."""
968, Rādhā-tattva,19.5,Śrīmati Rādhikā is the embodiment of mahābhāva,"mahābhāva-svarūpā śrī-rādhā-ṭhākurāṇī
 sarva-guṇa-khani kṛṣṇa-kāntā-śiromaṇi",CC Adi 4.69,mahā-bhāva—of mahābhāva; svarūpā—the form; śrī-rādhā-ṭhākurāṇī—Śrīmatī Rādhārāṇī; sarva-guṇa—of all good qualities; khani—mine; kṛṣṇa-kāntā—of the lovers of Lord Kṛṣṇa; śiromaṇi—crown jewel.,Śrī Rādhā Ṭhākurāṇī is the embodiment of mahābhāva. She is the repository of all good qualities and the crest jewel among all the lovely consorts of Lord Kṛṣṇa.
969, Rādhā-tattva,19.6,Rādhārāṇī's love is superior to Candrāvalī's,"tayor apy ubhayor madhye
 rādhikā sarvathādhikā
 mahābhāva-svarūpeyaṁ
 guṇair ativarīyasī",CC Ādi 4.70,tayoḥ—of them; api—even; ubhayoḥ—of both (Candrāvalī and Rādhārāṇī); madhye—in the middle; rādhikā—Śrīmatī Rādhārāṇī; sarvathā—in every way; adhikā—greater; mahā-bhāva-svarūpā—the form of mahābhāva; iyam—this one; guṇaiḥ—with good qualities; ativarīyasī—the best of all.,"Of these two gopīs [Rādhārāṇī and Candrāvalī], Śrīmatī Rādhārāṇī is superior in all respects. She is the embodiment of mahābhāva, and She surpasses all in good qualities."
970, Rādhā-tattva,9.7,Śrīmatī Rādhikā is the epitome of transcendental rasa,"ānanda-cinmaya-rasa-pratibhāvitābhis
 tābhir ya eva nija-rūpatayā kalābhiḥ
 goloka eva nivasaty akhilātma-bhūto
 govindam ādi-puruṣaṁ tam ahaṁ bhajāmi",Brahma-saṁhitā 5.37,ānanda—bliss; cit—and knowledge; maya—consisting of; rasa—mellows; prati—at every second; bhāvitābhiḥ—who are engrossed with; tābhiḥ—with those; yaḥ—who; eva—certainly; nija-rūpatayā—with His own form; kalābhiḥ—who are parts of portions of His pleasure potency; goloke—in Goloka Vṛndāvana; eva—certainly; nivasati—resides; akhila-ātma—as the soul of all; bhūtaḥ—who exists; govindam—Lord Govinda; ādi-puruṣam—the original personality; tam—Him; aham—I; bhajāmi—worship.,"Śrī Govinda, who is all-pervading and who exists within the hearts of all, resides in His Goloka-dhāma along with Śrī Rādhā, who is the embodiment of His pleasure potency and the counterpart of His own spiritual form. She is the epitome of transcendental rasa, and is expert in the sixty-four arts. They are also accompanied by the sakhīs, who are expansions of Śrī Rādhā's own transcendental body, and who are infused with blissful, spiritual rasa. I worship that original personality, Śrī Govinda."
971, Rādhā-tattva,19.8,"She is the be-all and end-all of Govinda, and the crest jewel of all His consorts","govindānandinī rādhā, govinda-mohinī
 govinda-sarvasva, sarva-kāntā-śiromaṇi",CC Ādi 4.82,govinda-ānandinī—She who gives pleasure to Govinda; rādhā—Śrīmatī Rādhārāṇī; govinda-mohinī—She who mystifies Govinda; govinda-sarvasva—the be-all and end-all of Lord Govinda; sarva-kāntā—of all the Lord's lovers; śiromaṇi—the crown jewel.,"Rādhā is the one who gives pleasure to Govinda, and She is also the enchantress of Govinda. She is the be-all and end-all of Govinda, and the crest jewel of all His consorts."
972, Rādhā-tattva,19.9,Śrī Rādhikā is the enchantress of Śrī Kṛṣṇa's heart,"devī kṛṣṇa-mayī proktā / rādhikā para-devatā
 sarva-lakṣmīmayī sarva- / kāntiḥ sammohinī parā",Bṛhad-gautamīya-tantra,"devī—who shines brilliantly, who is the abode of Kṛṣṇa's love; kṛṣṇa-mayī—nondifferent from Lord Kṛṣṇa, always absorbed in Him; proktā—called; rādhikā—(rādh-to worship, adhika-topmost) the best worshipper; para-devatā—Supreme Goddess, most worshipable; sarva-lakṣmī-mayī—the shelter of all the goddesses of fortune; sarva-kāntiḥ—in whom all beauty and splendor exists; sammohinī—who completely bewilders Kṛṣṇa; parā—the superior energy.","Śrī Rādhikā is the Supreme Goddess (para-devatā), the exclusive abode of Kṛṣṇa's loving pastimes (devī), and the shelter of all goddesses of fortune (Mahā-Lakṣmīs). She is the most beautiful. Her inside and outside are nothing but Kṛṣṇa, and She is incessantly absorbed in Kṛṣṇa. She is the embodiment of all splendor, and is the enchantress of Śrī Kṛṣṇa's heart."
973, Rādhā-tattva,19.1,She is the Goddess of He who is the God of the entire creation,"jagat-mohana kṛṣṇa, tāṅhāra mohinī
 ataeva samastera parā ṭhākurāṇī",CC Ādi 4.95,jagat-mohana—enchanting the universe; kṛṣṇa—Lord Kṛṣṇa; tāṅhāra—of Him; mohinī—the enchantress; ataeva—therefore; samastera—of all; parā—foremost; ṭhākurāṇī—goddess.,"That very Śrī Kṛṣṇa, who attracts the entire universe with His beauty, qualities, pastimes, nature, opulence, sweetness, and other aspects, is Himself attracted and rendered helpless by the unparalleled and unsurpassed love of Vṛṣabhānu-nandinī Śrīmatī Rādhikā, who is the most supremely accomplished of all in the art of love and affection, who is the embodiment of mahābhāva, and who is extremely dear to Śrī Kṛṣṇa. Indeed, She is the Goddess of He who is the God of the entire creation. Therefore She is all-in-all."
974, Rādhā-tattva,19.11,Govinda has left us in the rāsa-sthalī and went off with Her to a solitary place,"anayārādhito nūnaṁ / bhagavān harir īśvaraḥ
 yan no vihāya govindaḥ / prīto yām anayad rahaḥ",Śrīmad-Bhāgavatam 10.30.28,anayā—by this one; ārādhitaḥ—worshiped; nūnam—certainly; bhagavān—the Supreme Personality of Godhead; hariḥ—Lord Kṛṣṇa; īśvaraḥ—the Supreme Lord; yat—from which; naḥ—us; vihāya—leaving aside; govindaḥ—Govinda; prītaḥ—pleased; yām—whom; anayat—lead; rahaḥ—to a lonely place.,"[The gopīs said:] ""O sakhis! Śrī Rādhikā is much more fortunate than all of us! She has surely performed the highest ārādhana of Bhagavān Śrī Hari; thus She has received the name Rādhikā. That is why, being very much pleased with Her, Govinda has left us in the rāsa-sthalī and went off with Her to a solitary place."""
975, Rādhā-tattva,19.12,,"ratim gaurī-līle apī tapatī saundarya-kiraṇaiḥ
 śacī-lakṣmī-satyāḥ paribhavatī saubhāgya-valanaiḥ
 vaśī-kāraiś candrāvalī-mukha-navīna-vraja-satīḥ
 kṣipaty ārād yā taṁ hari-dayita-rādhām bhaja manaḥ",Śri Manaḥ-śikṣa 10,"ratim—Rati devī; gaurī—Gauri devī; līle—Lila devī; api—also; tapati—inflames; saundarya—of beauty; kiraṇaiḥ—with the rays of Her splendor; śacī—Śacī devī; lakṣmī—Laksmi devī; satyāḥ—and Satyabhāmā; paribhavati—defeats; saubhāgya—of Her good fortune; valanaiḥ—by the superabundance; vaśī-kāraiḥ—by Her ability to bring Kṛṣṇa under Her control; candrāvalī-mukha—headed by Candrāvalī; navīna-vraja-satīḥ—the chaste young girls of Vraja; kṣipati—tosses aside; ārāt—far away; yā—who; tam—that; harī-dayita-rādhām—Lord Hari's beloved, Śrīmatī Rādhikā; bhaja—worship; manaḥ—O mind.","(Without taking shelter of the Lord's internal potency or svarūpa-śakti – Śrīmatī Rādhikā – one can never obtain the fullest aspect of the Absolute Truth, Śrī Kṛṣṇa, who is the possessor of that potency. Therefore, the following statement is expressed): ""O mind! Give up attachment for all others and just worship the most beloved of Śrī Kṛṣṇa, Śrīmatī Rādhikā, who inflames Rati, Gauri, and Lila by the effulgent rays of Her beauty; who vanquishes Śrī Śacī, Śrī Lakṣmī, and Śrī Satyabhāmā by the profusion of Her good fortune; and who throws far away the pride of the chaste young girls of Vraja headed by Śrī Candrāvalī by Her ability to bring Śrī Kṛṣṇa under Her control. This Śrīmatī Rādhikā is the most beloved of Śrī Kṛṣṇa."""
976, Rādhā-tattva,19.13,,"rādhikāra prema—guru, āmi—śiṣya naṭa
 sadā āmā nānā nṛtye nācāya udbhaṭa",Ādi 4.124,rādhikāra—of Śrīmatī Rādhārāṇī; prema—the love; Guru—teacher; āmi—I; śiṣya—disciple; naṭa—dancer; sadā—always; āmā—Me; nānā—various; nṛtye—in dances; nācāya—causes to dance; udbhaṭa—novel.,"""The prema of Rādhikā is My Guru, and I am Her dancing pupil. Her prema makes Me dance various novel dances."""
977, Rādhā-tattva,19.14,"Saṁyoginī, Viyoginī and Vṛṣabhānu-nandinī Rādhikā","śaktiḥ saṁyoginī kāmā vāmā śaktir viyoginī
 hlādinī kīrttidā putrī caivam rādhā-trayam vraje
 

 mama prāṇeśvaraḥ kṛṣṇas tyaktvā vṛndavanaṁ kvacit
 adācin naiva yātīti jānīte kīrttidā sutā",Sanat-Kumāra-Saṁhitā 303-4,[śrī-sadāśiva uvāca—Lord Sadāśiva said:] śaktih samyoginī—the potency of meeting; kāmā—amorous pastimes; vama—contrariness; śaktir—potency; viyoginī—separation; hlādinī—pleasure; kīrtidā-putri—the daughter of Kīrtidā; ca—also; evaṁ—thus; rādhā—Śrī Rādhā; trayaṁ—three; vraje—in Vraja; mama—of Me; praṇeśvaraḥ—the Lord of life; kṛṣṇas—Śrī Kṛṣṇa; tyaktvā—leaving; vṛndāvanaṁ—Vṛndāvana; kvacit—somewhere; kadacin—ometimes; na—not; eva—indeed; yāti—goes; iti—thus; janite—knows; kīrtidā-sutā—the daughter of Kīrtidā.,"""Śrīmati Rādhikā has three manifestations: (1) as saṁyoginī (endeavouring to meet with Kṛṣṇa) or kāmā (desirous of meeting with Kṛṣṇa); (2) as viyoginī (anguished due to separation from Kṛṣṇa) or vāmā (in māna, indignant due to Kṛṣṇa leaving Her for another gopī); and (3) as Vṛṣabhānu-nandinī, the daughter of Vṛṣabhānu and Kīrttidā in Vraja. Saṁyoginī and viyogiṇī are two different manifestations of the original Śrī Rādhā, the daughter of Vṛṣabhānu Mahārāja and Kīrttidā. Saṁyoginī refers to the feature of Śrīmatī Rādhikā when She goes to meet Kṛṣṇa in Kurukṣetra, and viyoginī refers to Her manifestation in Sūrya-loka and Nava-Vṛndāvana in Dvārakā. The daughter of Vṛṣabhanu and Kīrttidā thinks, ""My prāṇeśvara Śrī Kṛṣṇa never leaves Vṛndāvana to go anywhere else."""
978, Rādhā-tattva,19.15,What is the topmost holy place?,"vaikuṇṭhāj janito varā madhu-purī tatrāpi rāsotsavād
 vṛndāraṇyam udāra-pāṇi-ramaṇāt tatrāpi govardhanaḥ
 rādhā-kuṇḍam ihāpi gokula-pateḥ premāmṛtāplāvanāt
 kuryād asya virājato giri-taṭe sevāṁ vivekī na kaḥ",Upadeśāmṛta 9,"vaikuṇṭhāt—than Vaikuṇṭha, the spiritual world; janitaḥ—because of birth; varā—better; madhu-purī—the transcendental city known as Mathurā; tatra api—superior to that; rāsa-utsavāt—because of the performance of the rāsa-līlā; vṛndā-araṇyam—the forest of Vṛndāvana; udāra-pāṇi—of Lord Kṛṣṇa; ramaṇāt—because of various kinds of loving pastimes; tatra api—superior to that; govardhanaḥ—Govardhana Hill; rādhā-kuṇḍam—a place called Rādhā-kuṇḍa; iha api—superior to this; gokula-pateḥ—of Kṛṣṇa, the master of Gokula; prema-amṛta—with the nectar of divine love; āplāvanāt—because of being overflooded; kuryāt—would do; asya—of this (Rādhā-kuṇḍa); virājataḥ—situated; giri-taṭe—at the foot of Govardhana Hill; sevām—service; vivekī—who is intelligent; na—not; kaḥ—who.","Due to Śrī Kṛṣṇa having taken birth there, the abode of Mathurā is superior even to Vaikuṇṭha, the realm of spiritual opulence. Superior to Mathurā is the forest of Vṛndāvana because there the festival of the rāsa dance took place. Superior to Vṛndāvana forest is Govardhana Hill because Śrī Kṛṣṇa raised it with His lotus hand and performed many pastimes there with His devotees. Yet superior even to Govardhana Hill is Śrī Rādhā-kuṇḍa because it immerses one in the nectar of Śrī Kṛṣṇa's divine love. What intelligent person would not desire to render service to this magnificent pond, which is splendidly situated at the base of Govardhana Hill?"
979, Rādhā-tattva,19.16,Who is Śrī Kṛṣṇa's dearmost beloved?,"karmibhyaḥ parito hareḥ priyatayā vyaktiṁ yayur jñāninas
 tebhyo jñāna-vimukta-bhakti-paramāḥ premaika-niṣṭhās tataḥ
 tebhyas tāḥ paśu-pāla-paṅkaja-dṛśas tābhyo 'pi sā rādhikā
 preṣṭhā tadvad iyaṁ tadīya-sarasī tāṁ nāśrayet kaḥ kṛtī",Upadeśāmṛta 10,"karmibhyaḥ—than all fruitive workers; paritaḥ—in all respects; hareḥ—by the Supreme Lord; priyatayā—because of being favored; vyaktim yayuḥ—it is said in the śāstra; jñāninaḥ—those advanced in knowledge; tebhyaḥ—superior to them; jñāna-vimukta—liberated by knowledge; bhakti-paramāḥ—those engaged in devotional service; prema-eka-niṣṭhāḥ—those who have attained pure love of God; tataḥ—superior to them; tebhyaḥ—better than them; tāḥ—they; paśu-pāla-paṅkaja-dṛśaḥ—the gopīs who are always dependent on Kṛṣṇa, the cowherd boy; tābhyaḥ—above all of them; api—certainly; sā—She; rādhikā—Śrīmatī Rādhikā; preṣṭhā—very dear; tadvat—similarly; iyam—this; tadīya-sarasī—Her lake, Śrī Rādhā-kuṇḍa; tām—Rādhā-kuṇḍa; na—not; āśrayet—would take shelter of; kaḥ—who; kṛtī—most fortunate.","One who selflessly performs virtuous acts in accordance with the path of karma-yoga is superior to those who engage in fruitive activities. The brahma-jñānīs, who by dint of their spiritual knowledge are transcendental to the three modes of material nature, are more dear to Śrī Kṛṣṇa than those pious followers of the karma path who are forever occupied in performing virtuous deeds. More dear to Śrī Kṛṣṇa than the brahma-jñānīs are His devotees like Sanaka, who have abandoned the pursuit of knowledge and who consider bhakti alone to be the best path. In doing so, they have followed the statement in Śrīmad-Bhāgavatam (10.14.3): Jñāne prayāsam udapāsya – one should abandon the endeavour for knowledge. Pure devotees like Nārada, who are resolutely fixed in prema for Kṛṣṇa, are even more dear to Him than all such devotees. The vraja-gopīs, whose very lives belong solely to Kṛṣṇa, are even more beloved to Him than all such loving (premī) devotees. Amongst all those beloved gopīs, Śrīmatī Rādhikā is more dear to Śrī Kṛṣṇa than His own life; in the same way, He dearly loves Her pond, Śrī Rādhā-kuṇḍa. Therefore, what highly fortunate, spiritually intelligent person would not reside on the banks of Śrī Rādhā-kuṇḍa in a state of transcendental consciousness, performing bhajana of Śrī Kṛṣṇa's eightfold daily pastimes?"
980, Rādhā-tattva,19.17,The glories of Śrī Rādhā-kuṇḍa,"kṛṣṇasyoccaiḥ praṇaya-vasatiḥ preyasībhyo 'pi rādhā
 kuṇḍaṁ cāsyā munibhir abhitas tādṛg eva vyadhāyi
 yat preṣṭhair apy alam asulabhaṁ kiṁ punar bhakti-bhājāṁ
 tat-premedaṁ sakṛd api saraḥ snātur āviṣkaroti",Upadeśāmṛta 11,kṛṣṇasya—of Lord Śrī Kṛṣṇa; uccaiḥ—very highly; praṇaya-vasatiḥ—object of love; preyasībhyaḥ—out of the many lovable gopīs; api—certainly; rādhā—Śrīmatī Rādhārāṇī; kuṇḍam—lake; ca—also; asyāḥ—of Her; munibhiḥ—by great sages; abhitaḥ—in all respects; tādṛk eva—similarly; vyadhāyi—is described; yat—which; preṣṭhaiḥ—by the most advanced devotees; api—even; alam—enough; asulabham—difficult to obtain; kim—what; punaḥ—again; bhakti-bhājām—for persons engaged in devotional service; tat—that; prema—love of Godhead; idam—this; sakṛt—once; api—even; saraḥ—lake; snātuḥ—of the bather; āviṣkaroti—arouses.,"The sages declare that as Śrīmatī Rādhikā is the foremost object of Śrī Kṛṣṇa's prema, Her pond of is similarly dear to Him By taking aprākta-snāna even once within Her divine waters Śrī Rādhā-kuṇḍa bestows the rare treasure of gopī-prema for Yugala-Kiśora which is so immensely difficult to attain even for such dear devotees of Bhagavān as Śrī Nārada – what to speak of ordinary sādhakas. (Padma-Purāṇa)"
981, Rādhā-tattva,19.18,,"lalitādi sakhī krodha kahe bāra bāra
 adhikārī rājya ke karaye adhikāra
 aiche kata kahi lalitādi sakhīgaṇa
 adhikārī umrāo kailā īkṣaṇa",Bhakti-ratnākara,,"Lalitā became angry and said, ""Who is that person who dares to claim authority over Rādhikā's kingdom? We will retaliate against Him."" So saying, she seated Śrīmatī Rādhikā upon a royal throne and declared Her to be the umrāo, or undisputed empress of Vraja."
982, Rādhā-tattva,19.19,"""My life has now returned""","yasyāḥ kadāpī vasanāñcala-khelanottha-
 dhanyāti-dhanya-pavanena kṛtārtha-mānī
 yogīndra-durgama-gatir madhusūdano 'pi
 tasyā namo 'stu vṛṣabhānu-bhuvo diśe 'pi",Śrī Rādhā-rasa-sudhā-nidhi 2,yasyāḥ—of whom; kadāpi—sometimes; vasana—of the garment; āñcala—the corner; khelana—playfully; uttha—lifted; dhanyātī-dhanya—very fortunate and glorious; pavanena—by the breeze; kṛtārtha-mānī—thinking successful; yogīndra-durgama-gatiḥ—the goal unattainable even by the kings of yogīs; madhusūdanaḥ—Kṛṣṇa; api—also; tasyāḥ—of Her; namaḥ—obeisances; astu—may be; vṛṣabhānu-bhuvaḥ—of the land of King Vrsabhanu; diśe—to the direction; api—also.,"Obeisances to the direction that faces Śrī Vṛṣabhānu's daughter. Lord Madhusūdana is greatly blessed when touched by the slightest playful breeze that has touched the tip of Śrīmatī Rādhikā's garment. He thinks, ""Oh, My life has now returned."""
983, Rādhā-tattva,19.2,I meditate upon the footdust of Śrīmatī Rādhikā whose unlimited power instantly subdues Śrī Kṛṣṇa,"yo brahma-rudra-śuka-nārada-bhīṣma-mukhyair
 ālakṣito na sahasā puruṣasya tasya
 sadyo vaśī-karaṇa-cūrṇam ananta-śaktiṁ
 taṁ rādhikā-caraṇa-reṇum anusmarāmi",Śrī Rādhā-rasa-sudhā-nidhi 4,"yaḥ—who; brahma-rudra-śuka-nārada-bhīṣma-mukhyaiḥ—headed by Brahmā, Śiva, Śuka, Nārada, and Bhīṣma; ālakṣitaḥ—seen; na—not; sahasā—easily; puruṣasya—of Śrī Kṛṣṇa; tasya—of Him; sadyaḥ—instantly; vaśī-karaṇa—bringing under control; cūrṇam—powder; ananta-śaktim—limitless power; tam—to that; rādhikā-caraṇa-reṇum—the dust of Śrī Rādhā's feet; anusmarāmi—I meditate.","""I meditate after the ways of the previous ācāryas upon the footdust of Śrīmatī Rādhikā, whose unlimited power instantly subdues the Supreme Person Śrī Kṛṣṇa, who is not easily seen even by great souls like Brahmā, Śiva, Śukadeva, Nārada Muni and Bhīṣma."""
984, Rādhā-tattva,19.21,Praying for Śrīmatī Rādhikā's mercy,"lakṣmīr yad-aṅghrī-kamalasya nakhāñcalasya
 saundarya-bindum apī nārhatī labdhum īśe
 sā tvaṁ vidhāsyasī na cen mama netra-dānaṁ
 kīm jīvitena mama duḥkha-davāgnidena",Vilāpa-kusumāñjaliḥ,lakṣmīḥ—the goddess of fortune; yad—of whom; aṅghri—of the feet; kamalasya—of the lotus flower; nakha—of the nails; añcalasya—of the edge; saundarya—of beauty; bindum—a drop; api—even; na—not; arhati—is worthy; labdhum—to obtain; īśe—O queen; sā—she; tvam—You; vidhāsyasi—will give; na—not; cet—if; mama—of me; netra—of the eyes; dānam—the gift; kīm—what is the use?; jīvitena—with the life; mama—of me; duḥkha—of sufferings; davāgni-dena—bringing a forest-fire.,"""O Prāṇeśvari Śrī Rādhikā! Śrī Lakṣmīdevī is unable to obtain even a drop of the beauty which radiates from the tips of the toenails of Your lotus feet. If You do not grant me the eyes to behold Your splendorous form, qualities, and pastimes, then of what use to me is this miserable life which blazes in a raging conflagration of anguish?"""
985, Rādhā-tattva,19.22,"Kṛṣṇa says, go file your petition in Rādhikā's department","govinda-vallabhe rādhe / prārthaye tvām ahaṁ sadā
 tvadīyam iti jānātu / govindo māṁ tvayā saha",Arcana Paddhati (HBV),,"O Śrīmatī Rādhikā, dearest of Lord Govinda, this is my perpetual entreaty to You, may You and Govinda consider me to be Yours."
986, Rādhā-tattva,19.22,Śrī Rādhā Praṇāma,"mahā-bhāva-svarūpā tvaṁ kṛṣṇa-priyā-varīyasī
 prema-bhakti-prade devi rādhike tvāṁ namāmy aham",Pañcarātra-Pradīpa,,"O Śrīmatī Rādhāraṇī, You are the exalted form of mahābhāva, therefore You are the most dear to Kṛṣṇa. O Goddess, You alone are able to bestow prema-bhakti; therefore I offer my humble obeisances unto You."
987, Rādhā-tattva,19.24,Śrī Rādhā Vandanā,"amala-kamala-kāntiṁ nīla-vastrāṁ sukeśīṁ
 śaśadhara-sama-vaktrāṁ khañjanākṣīṁ manojñām
 stana-yuga-gata-muktā-dāma-dīptāṁ kiśorīṁ
 vraja-pati-suta-kāntām rādhikām aśraye 'ham",Śrī Stava-mālā,"amala—spotles; kamala—lotus; kāntiṁ—lustre; nīla—blue; vastrāṁ—cloths; sukeśīṁ—beautiful long hair; śaśadhara—moon; sama—like; vaktrāṁ—lotus face; khañjanākṣīṁ—female wag-tail bird; manojñām—pleasing, charming, splendid; stana—breast; yuga—two; gata—resting; muktā-dāma—pearl necklace; dīptāṁ—effulgent; kiśorīṁ—adolescent girl, young maiden; vraja-pati-suta—son of Nanda Mahārāja; kāntām—dear lover; rādhikām—of Rādhikā; aśraye—take shelter; aham—I","""I take shelter of Śrīmatī Rādhikā, whose complexion is like that of a spotless lotus, who is attired in blue cloth, whose hair is long and beautiful, whose face is like the full moon, whose charming, restless eyes are like khañjana birds, upon whose breasts rests a radiant pearl necklace, who is eternally youthful, and who is the dearmost lover of the son of Nanda Mahārāja."""
988, Rādhā-tattva,19.25,When will Śrī Rādhikā bathe me in Her service?,"amala-kamala-rāji-sparśi-vāta-praśīte
 nija-sarasi nidāghe sāyam ullāsinīyam
 parijana-gaṇa-yuktā krīḍayantī bakāriṁ
 snapayati nija-dāsye rādhikā māṁ kadā nu",Śrī Rādhikāṣṭakam 8,"amala—splendid; kamala—of lotuses; rāji—rows; sparśi—touching; vāta—breeze; praśīte—cool; nija—own; sarasi—at the lake; nidāghe—in the hot summer; sāyam—in the evening; ullāsinī—splendid and jubilant; iyam—She; parijana—of friends; gaṇa—with hosts; yuktā—accompanied; krīḍayantī—playing; baka-arim—with Lord Kṛṣṇa, the enemy of the Baka demon.","On summer nights in the waters of Her own kuṇḍa, cooled by the gentle breeze which caresses the many spotless lotuses there, Śrī Rādhikā very joyfully engages Śrī Kṛṣṇa (the enemy of Bakāsura) in water-sports in the company of Lalitā and Her other sakhīs. When will She bathe me in Her service?"
989, Rādhā-tattva,19.26,Kṛṣṇa is begging the footdust of Śrīmatī Rādhikā – (Sevā-kuñja Deities at Śrī Rūpa-Sanātana Gauḍīya Māṭha),"smara-garala-khaṇḍanaṁ mama śirasi maṇḍanam
 dehi pada-pallavam udāraṁ",Śrī Gīta-Govinda 10.8,dehi—kindly bestow; maṇḍanam—the ornament; pallavam—(of your) blossom; pada—(soft) feet; udāram—(which are imbued with) munificence; mama śirasi—upon my head; khaṇḍanam—(and thus) nullify; garala—the poison; smara—of Cupid's (arrows).,"""O Śrīmatī Rādhikā, I am burning in the fire of separation. Please be merciful to Me and decorate My head with the footdust of Your lotus feet to relieve Me from this burning poison of Cupid."" Commentary by Śrīla Gurudeva: ""Rādhā! My suffering will be vanquished only when you accept me. I am overwhelmed by a sphūrti of your all-conquering qualities, and I pray to you to kindly place the freshly sprouted buds of your feet upon my head. Your lotus feet are munificent. They fulfill the innermost cherished desires of those who pray to them. They are ornaments because they are red, soft and cool like new petals. If you were to place them upon my head, my head would be decorated and simultaneously the poisonous effect of kāma would be counteracted."""
990, Rādhā-tattva,19.27,"Remembering You and praying for Your sevā miraculously removes all the miseries, sins, and offenses of the three spheres","munīndra-vṛnda-vandite tri-loka-śoka-hāriṇī
 prasanna-vaktra-paṇkaje nikuñja-bhū-vilāsini
 vrajendra-bhānu-nandini vrajendra-sūnu-saṅgate
 kadā kariṣyasīha māṁ kṛpā-kaṭākṣa-bhājanam?",Śrī Rādhā-Kṛpā-Kaṭākṣa-Stava-Rāja 1,muni—of sages; indra—of kings; vṛnda—by the assembly; vandite—worshiped; tri—three; loka—of the worlds; śoka—the distress; hāriṇī—removing; prasanna—bright; vaktra—face; paṅkaje—lotus flower; nikuñja-bhū—in the groves of Vṛndāvana; vilāsini—performing pastimes; vraja—of Vraja; indra—of the king; bhānu—of Vṛśabhānu; nandini—the daughter; vraja—of Vraja; indra—of the king; sūnu—of the Son (Kṛṣṇa); saṅgate—associated; kadā—when?; kariṣyasi—will You make; iha—here; mām—me; kṛpā—of mercy; kaṭākṣa—of the glance; bhājanam—the recipient.,"O Śrīmatī Rādhikā – Śukadeva, Nārada, Uddhava, and all the topmost munis are always offering vandanā (prayers) to Your lotus feet. Remembering You and praying for Your sevā miraculously removes all the miseries, sins, and offenses of the three spheres. Your joyful face blooms like a lotus and You delight in pastimes in the kuñjas of Vraja. You are the daughter of Vṛṣabhānu Mahārāja and are the dearly beloved of Brajendra-nandana, with whom You always play vilāsa – when, oh when will You bestow upon me Your merciful sidelong glance?"
991, Rādhā Dāsyam,20.1,,"ayi nanda-tanuja kiṅkaraṁ
 patitaṁ māṁ viṣame bhavāmbudhau
 kṛpayā tava pāda-paṅkaja-
 sthita-dhūlī-sadṛśaṁ vicintaya",Śrī Śikṣāṣṭaka 5,"ayi—O My Lord; nanda-tanuja—the son of Nanda Mahārāja, Kṛṣṇa; kiṅkaram—the servant; patitam—fallen; mām—Me; viṣame—horrible; bhava-ambudhau—in the ocean of nescience; kṛpayā—by causeless mercy; tava—Your; pāda-paṅkaja—lotus feet; sthita—situated at; dhūli-sadṛśam—like a particle of dust; vicintaya—kindly consider.","O Nanda-nandana, as a result of my fruitive activities, I have fallen into this fearful ocean of material existence. Please bestow Your mercy upon this eternal servant of Yours. Consider me to be just like a speck of dust at Your lotus feet and always accept me as Your purchased servant."
992, Rādhā Dāsyam,20.2,Definition of Bhāvollāsa rati,"sañcārī syāt samanā vā kṛṣṇa-ratyāḥ suhṛd-ratiḥ
 adhika puṣayamānā ced bhāvollāsa itīryate",BRS 2.5.128,cet—if; suhṛd-ratiḥ—the bhāva of being a well-wisher and intimate friend of Śrī Rādhā; (which is) sañcārī—an infused mood; syāt—may become; samanā—equal; vā—or; adhika—greater; kṛṣṇa-ratyāḥ—than the attachment to Śrī Kṛṣṇa; puṣayamānā—nourishes; iryate—it is said; iti—to be; bhāva-ullāsaḥ—shining forth due to innermost mood.,"Bhāvollāsa-rati is the sañcārī bhāva of the mañjarī-sakhīs, whose suhṛd-rati (for Śrī Rādhā and everything connected with Her) abundantly exceeds their kṛṣṇa-rati, and constantly increases due to their full absorption in it. This is also their sthāyī rati, their permanent rati."
993, Rādhā Dāsyam,20.3,The mood of a sādhaka who has attained attachment for Rādhā-dāsyam,"tvayopabhukta-srag-gandha / vāso-'laṅkāra-carcitāḥ
 ucchiṣṭa-bhojino dāsās / tava māyāṁ jayema hi",SB 11.6.46,tvayā—by You; upabhukta—already enjoyed; srak—with the garlands; gandha—fragrances; vāsaḥ—garments; alaṅkāra—and ornaments; carcitāḥ—adorned; ucchiṣṭa—the remnants of Your food; bhojinaḥ—eating; dāsāḥ—Your servants; tava—Your; māyām—illusory energy; jayema—we will conquer; hi—indeed.,"O Prabhu, we decorate ourselves with the garlands, sandalwood paste, cloth and ornaments worn by You. Since we are Your servants who eat Your remnants, we will certainly conquer Your illusory energy (māyā). [Therefore, Prabhu, we are not afraid of Your māyā – we are only afraid of being separated from You.]"
994, Rādhā Dāsyam,20.4,,"anārādhya rādhā-padāmbhoja-reṇum
 anāśritya vṛndāṭavīṁ tat-padāṅkām
 asambhāṣya-tad-bhāva-gambhīra-cittān
 kutaḥ śyāma-sindho rasasyāvagāhaḥ",Sva-saṅkalpa-prakāśa stotra 1,anārāhya—not worshiping; rādhā-padāmbhoja—Śrī Rādhā's lotus feet; renum—dust; anāśritya—not taking shelter; vṛndāṭavīṁ—of vṛndāvana; tat-padāṅkam—Her footprints; asambhāṣya—without conversing; tad-bhāva—for Her love; gambhīra-cittān—deep hearts; kutaḥ—where; śyāma-sindho—the ocean of śyāma-rasa; rasasyāvagāhaḥ—plunging in the nectar of.,"""How can a person become immersed in the ocean of śyāma-rasa (śringar rasa) if he has never worshipped the dust of Śrī Rādhā's lotus feet; if he has never taken shelter of Her pastime-place Śrī Vṛndāvana, which is marked with the impressions of Her lotus feet; and if he has never associated with and served the devotees whose hearts are submerged in Her profound sentiments? It will never be possible."""
995, Rādhā Dāsyam,20.5,Kṛṣṇa cannot be attained without Rādhā-dāsyam,"rādhā-dāsyam apāsya yaḥ prayatate govinda-saṅgāśayā
 so 'yaṁ pūrṇa-sudhā-ruceḥ paricayaṁ rākāṁ vinā kainite",Śrī Rādhā-rasa-sudhā-nidhi 80,rādhā—to Rādhā; dāsyam—service; apasya—renouncing; yaḥ—who; prayatate—endeavors; govinda-saṅgāśayā—with a hope to attain the association of Lord Kṛṣṇa; so 'yam—that person; pūrṇa-sudhā-ruceḥ—of the sweetest nectar; paricayām—knowledge; rākām—full moon; vinā—without; kaṅkṣati—desires,Those who endeavor to attain the association of Śrī Kṛṣṇa but reject Rādhā-dāsya are like people who endeavor to see the full moon when it is not a full moon night.
996, Rādhā Dāsyam,20.6,Raghunātha dāsa Gosvāmī's Rādha niṣṭhā,"ya ekaṁ govindaṁ bhajati kapaṭī dāmbhikatayā
 tad abhyarṇe śīrṇe kṣaṇam api na yāmi vratam idam",Stavāvali,ya—who; ekam—alone; govindam—Lord Kṛṣṇa; bhajati—worships; kapaṭī—cheater; dāmbhikatayā—with hypocrisy; tad-abhyarṇe—near Him; śīrṇe—at all; kṣaṇam—for a moment; api—even; na—not; yāmi—I shall go; vratam—vow; idam—this.,"""I will never go near a hypocrite who worships Govinda alone [without Rādhā]. This is my vow."""
997, Rādhā Dāsyam,20.7,The conception of being a maidservant of Śrī Rādhā is described in the following words of the Gosvāmīs,"abhimānaṁ parityajya prākṛta-vapur-ādiṣu
 śrī-kṛṣṇa-kṛpayā gopī-dehe vraje vasāmy aham
 rādhikānucarī bhūtvā pārakīya-rase sadā
 rādhā-kṛṣṇa-vilāseṣu paricaryāṁ karomy aham",Bhajana Rahasya 5.11,,"""After giving up false identification with this material body, may I obtain the body of a gopī and reside in Vraja by the mercy of Śrī Kṛṣṇa. Becoming a maidservant of Śrī Rādhā, may I always serve and attend Rādhā and Kṛṣṇa, who enjoy pastimes of paramour love (pārakīya-rasa)."""
998, Rādhā Dāsyam,20.8,Śrīla Bhaktivinoda Ṭhākura glorifies the worship of Śrī Rādhā and Śrī Kṛṣṇa as inseparable,"rādhā-bhajane yadi mati nāhi bhelā
 kṛṣṇa-bhajana taba akāraṇa gelā (1)
 

 ātapa-rohita sūraya nāhi jāni
 rādhā-virahita mādhava nāhi māni (2)
 

 kevala mādhava pūjaye, so ajñānī
 rādhā-anādara koroi abhimāna (3)
 

 rādhikā-dāsī jadi hoya abhimāna
 śīgrai milai taba Gokula-kāna (4)
 

 brahmā, śiva, nārada, śruti, nārāyaṇī
 rādhikā-pada-raja pūjaye māni (6)
 

 umā, ramā, satyā, śacī, candrā, rukmiṇī
 rādhā avatāra sabe – āmnāya-vāṇī (7)
 

 hena rādhā-paricaryā jākara dhana
 bhakativinoda tā'ra māgaye caraṇa (8)",Śrī Rādhā-Bhajana Mahimā,,"If the desire to serve Śrīmatī Rādhikā does not appear in my heart, my worship of Kṛṣṇa is simply useless. Just as the sun cannot be perceived without sunlight, in the same way I do not recognize Mādhava without Rādhā. Those who worship Mādhava alone are ignorant; they simply neglect Śrīmatī Rādhikā out of unmitigated pride. If you develop pride in being Śrīmatī Rādhikā's exclusive maidservant, then very quickly you will meet Gokula Kāna (Kṛṣṇa). Brahmā, Śiva, Nārada, the Śruti-cari ṛṣīs and Nārāyāṇī honor and worship the dust of Śrīmatī Rādhikā's lotus feet. Our āmnāya, revealed scriptures, declare that Umā, Ramā, Satyā, Śacī, Candrāvalī and Rukmiṇī are all Rādhā's expansions. Bhaktivinoda is begging at the lotus feet of those whose wealth is the service of Śrīmatī Rādhārāṇī."
999, Rādhā Dāsyam,20.9,"Without taking shelter of the lotus feet of Śrī Rādhā, one can never meet Kṛṣṇa","rādhikā ujjvala-rasera ācārya
 rādhā-mādhava-śuddha-prema vicārya
 ye dharila rādhā-pada parama-yatane
 se pāila kṛṣṇa-pada amūlya ratane
 rādhā-pada vinā kabhu kṛṣṇa nāhi mile
 rādhikā dāsīra kṛṣṇa sarva-vede bole",Rādhikā-caraṇa-padma,,"Śrīmatī Rādhikā is the ācārya of the mellows of amorous love (ujjvala-rasa). The pure love between Rādhā and Mādhava is meant to be discussed and contemplated. Those who place Śrīmatī Rādhikā's lotus feet in their hearts and worship them with great care obtain the priceless jewel of Kṛṣṇa's lotus feet. Without taking shelter of the lotus feet of Rādhā, one can never meet Kṛṣṇa. The Vedic scriptures declare that Kṛṣṇa is the property of the mañjarī maidservants of Śrī Rādhā."
1000, Rādhā Dāsyam,20.11,Taking shelter of the mañjarīs is described by Śrīla Raghunātha dāsa Gosvāmī,"tāmbūlārpaṇa-pāda-mardana-payodānābhisārādibhir
 vṛndāraṇya-maheśvarīṁ priyatayā yās toṣayanti priyāḥ
 prāṇa-preṣṭha-sakhī-kulād api kilāsaṅkocitā bhūmikāḥ
 kelī-bhūmiṣu rūpa-mañjarī-mukhās tā dāsikāḥ saṁśraye",Stavāvalī (Vraja-vilāsa-stava 38),saṁśraye—I take shelter; tāḥ priyāḥ dāsikāḥ—of those dear servants; rūpa-mañjarī-mukhāḥ—headed by Śrī Rūpa Mañjarī; yāḥ toṣayanti—who give pleasure; vṛndāraṇya-maheśvarīm—to the queen of Vṛndāvana; priyatayā—by their endearing qualities; abhisāra—-by taking her out to Her trysts with Śrī Kṛṣṇa; payaḥ-dāna—offering (refreshing and fragrant) water; tāmbūla-arpaṇa—offering betel-nuts; pāda-mardana—massaging Her feet; ādibhiḥ—and so forth; bhūmikāḥ—they act as her chaperones; kila—indeed; api—unlike; sakhī-kulāt—the group of sakhīs; prāṇa-preṣṭha—headed by Lalitā and Viśākhā; api asaṅkocitāḥ—(they are) without hesitation; kelī-bhūmiṣu—within the pleasure groves.,"""I take shelter of the maidservants of Śrīmatī Rādhikā headed by Rūpa Mañjarī. They act as Her chaperones and affectionately satisfy Śrīmatī Rādhikā by their various services, such as offering tāmbūla, massaging Her feet, bringing Her water and taking Her to Her randevouses with Kṛṣṇa. Unlike the prāṇa-preṣṭha-sakhīs, they can without hesitation perform any service within the pleasure groves."""
1001, Rādhā Dāsyam,20.12,Pride in one's service is described in these words of Śrīla Raghunātha dāsa Gosvāmī,"navaṁ divyaṁ kāvyaṁ sva-kṛtam atulaṁ nāṭaka-kulaṁ
 prahelī-gūḍhārthāḥ sakhi-rucira-vīṇā-dhvani-gatiḥ
 kadā snehollāsair lalita-lalitā-preraṇa-balāt
 sa-lajjaṁ gāndharvā sa-rasam asakṛc chikṣayati mām",Sva-saṅkalpa-prakāśa-stotra 2,navam—new; divyam—transcendental; kāvyam—poem; sva-kṛtam—written by you; atulam—peerless; nāṭaka—drama; kulam—plural; prahelīḥ—riddles and puns; gūḍha—hidden; arthāḥ—meanings; sakhi—O friend; rucira—beautiful; vīṇā—of the vīṇā; dhvani—the sound; gatiḥ—movement; kadā—when?; sneha—with love; ullāsaiḥ—with splendid happiness; lalita—charming and playful; lalitā—Lalitā; preraṇa—of the direction; balāt—on the strength; sa—with; lajjam—shyness; gāndharvā—Śrī Rādhā; sa—with; rasam—sweetness; asakṛc—again and again; chikṣayati—will teach; mām—me.,"Aho! When, in a secluded place, will I receive such fortune that Śrīmatī Rādhikā will, upon the request of Śrīmatī Lalitā-devī, affectionately and happily – yet shyly – teach me dramas composed by Herself, new poems, riddles with deep meanings, and melodies on the vīṇā?"
1002, Rādhā Dāsyam,20.13,"Rejecting all types of dharma, out of the desire to serve Śrī Rādhā's lotus feet is described by Prabodhānanda Sarasvatī","dūrād apāsya svajanān sukham artha-koṭiṁ
 sarveṣu sādhana-vareṣu ciraṁ nirāśaḥ
 varṣantam eva sahajādbhuta-saukhya-dhārāṁ
 śrī-rādhikā-caraṇa-reṇum ahaṁ smarāmi",Śrī Rādhā-rasa-sudhā-nidhiḥ 33,,"The desire for the pleasure received from relationships with family and friends; for the four goals of life, namely dharma, artha, kāma and mokṣa; and for limitless wealth and so forth, are the causes of anarthas. Knowing this, I abandoned them all. I worship the foot-dust of Śrī Rādhā, which showers natural, wonderful happiness, and I always hold this foot-dust upon my head."
1003, Rādhā Dāsyam,20.14,"In this way, the sādhaka worships the dust of Śrīmatī Rādhikā's lotus feet","āśāsya dāsyaṁ vṛṣabhānu-jāyās
 tīre samadhyāsya ca bhānu-jāyāḥ
 kadā nu vṛndāvana-kuñja-vīthiṣv
 ahaṁ nu rādhe hy atithir bhaveyam",Śrī Rādhā-rasa-sudhā-nidhi 198,"āśā—hope; asya—of that; dāsyam—service; vṛṣabhānu-jāyāḥ—of Rādhā, Vṛṣabhānu's daughter; tīre—on the shore; samadhyā asya—arranging; ca—and; bhānujāyāḥ—of the Yamuna; kadā—when; nu—indeed; vṛndāvana-kuñja-vīthiṣv—on the pathways of Vṛndāvana forest; aham—I; nu—indeed; rādhe—O Rādhā; hi—indeed; athitiḥ—a guest; bhaveyam—may become.","""O Rādhā! O Vṛṣabhānu-nandinī! When will I, with the hope of becoming Your maidservant, reside on the bank of the Yamunā as a guest on the pathways of Vṛndāvana's kuñjas?"""
1004, Rādhā Dāsyam,20.15,Constantly seeking Kṛṣṇa through saṅkīrtana in the mood of śrī-rādhā-dāsya,"dhyāyantaṁ śikhi-piccha-maulim aniśaṁ tan-nāma saṅkīrtayan
 nityaṁ tac-caraṇāmbujaṁ paricaran tan-mantra-varyaṁ japan
 śrī-rādhā-pada-dāsyam eva paramābhīṣṭaṁ hṛdā dhārayan
 karhi syāṁ tad-anugraheṇa paramādbhutānurāgotsavaḥ",Śrī Rādhā-rasa-sudhā-nidhi 259,dhyāyan—meditating; tam—on Him; śikhi-piccha-maulim—peacock-feather crown; aniśam—day and night; tan-nāma—His name; saṅkīrtayan—chanting; nityam—always; tat-caraṇāmbhujam—His lotus feet; paricaran—serving; tan-mantra-varyam—His excellent mantra; japan—chanting; śri-rādhā-pāda-dāsyam—service to Śrī Rādhā's feet; eva—indeed; paramābhiṣṭam—greatest desire; hṛdā—with the heart; dhārayan—holding; karhi—when?; syām—I will be; tad-anugrahena—by His mercy; paramodbhuta-anurāgotsavaḥ—a most wonderful festival of love for Her.,"""Keeping at my heart my highest aspiration of one day becoming a maidservant of Śrī Rādhā's lotus feet, I will constantly meditate on Śrī Kṛṣṇa, whose head is decorated with a peacock feather. I will constantly chant His name, eternally serve His lotus feet and always utter His most excellent mantras. May He bestow mercy upon me at any moment so I will attain anurāgotsava, the great festival of attachment to Śrī Rādhā."""
1005, Rādhā Dāsyam,20.16,Praying to attain the service of Śrī Rādhā birth after birth,"tasyā apāra-rasa-sāra-vilāsa-mūrter
 ānanda-kanda-paramādbhuta-saukhya-lakṣmyāḥ
 brahmādi-durlabha-gater vṛṣabhānu-jāyāḥ
 kaiṅkaryam eva mama janmani janmani syāt",Śrī Rādhā-rasa-sudhā-nidhi 40,,"""Birth after birth, may I attain the position of being a maidservant of the daughter of King Vṛṣabhānu. She is the vilāsa-mūrti (personification of playful pastimes) of Śyāmasundara, who is Himself the essence of limitless rasa. She is Śrī Kṛṣṇa's supremely wonderful pleasure-Lakṣmī, and She is most difficult to attain even for Brahmā and other exalted personalities."""
1006, Rādhā Dāsyam,20.17,,mad-īśā-nāthatve vraja-vipina-candraṁ vraja-vaneśvarīṁ tāṁ nāthatve,Manah Siksha 9,,"""Always remember Vṛndāvana-candra as the prāṇanātha of my Svāminī, Vṛndāvaneśvarī Śrī Rādhikā."""
1007, Rādhā Dāsyam,20.18,Śrī Rādhā-Prārthanā,"śyāmasundara śikhaṇḍa-śekhara
 smera-hāsa muralī-manohara
 rādhikā-rasika māṁ kṛpā-nidhe
 sva-priyā-caraṇa-kiṅkarīṁ kuru",Śrī Rādhā-Prārthanā 2,,"O Śyāmasundara! O You whose head is adorned with peacock feathers! Your face is always graced with a playful smile, Your flute-playing is enchanting, and You are expert in relishing rasa with Śrīmatī Rādhikā. Because You are an ocean of mercy, I am appealing to You to please make me a kiṅkarī (maidservant) at the feet of Your beloved."
1008, Rādhā Dāsyam,20.19,Without being in the ānugatya of the gopīs one cannot enter the līlā,"sakhī vinā ei līlāya anyera nāhi gati
 sakhī-bhāve ye tāṅre kare anugati
 rādhā-kṛṣṇa-kuñja-sevā-sādhya sei pāya
 sei sādhya pāite āra nāhika upāya",CC Mad 8.204-5,"sakhī vinā—without the gopīs; ei līlāya—in these pastimes; anyera—of others; nāhi—there is not; gati—entrance; sakhī-bhāve—in the mood of the gopīs; ye—anyone who; tāṅre—Lord Kṛṣṇa; kare—does; anugati—following; rādhā-kṛṣṇa—of Rādhā and Kṛṣṇa; kuñja-sevā—of service in the kuñjas, or gardens, of Vṛndāvana; sādhya—the goal; sei pāya—he gets; sei—that; sādhya—achievement; pāite—to receive; āra—other; nāhika—there is not; upāya—means.","Without the guidance of the sakhīs, one cannot enter these pastimes. One who worships Kṛṣṇa in the mood of the sakhīs, following in their footsteps, can attain the service of Rādhā-Kṛṣṇa in the kuñjas of Vṛndāvana. There is no other means to achieve this goal."
1009, Rādhā Dāsyam,20.2,Searching for Śrī Rādhānātha while engaged in the service of Śrī Rādhā,"rādhā-nāma-sudhā-rasaṁ rasayituṁ jihvāstu me vihvalā
 pādau tat-padakāṅkitāsu caratāṁ vṛndāṭavī-vīthisu
 tat-karmaiva karaḥ karotu hṛdayaṁ tasyāḥ pādaṁ dhyāyatāt
 tad-bhāvotsavataḥ paraṁ bhavatu me tat-prāṇa-nāthe ratiḥ",Śrī Rādhā-rasa-sudhā-nidhi 142,rādhā-nāma-sudhā-rasam—the nectar of Rādhā's name; rasayitum—to taste; jihvā—tongue; asti—is; me-of me; vihvalā—agitated; pādau—feet; tat-padakāṅkitāsu—marked with Her footprints; caratām—should walk; vṛndāṭavī-vīthisu—on the pathways in Vṛndāvana; tat-karma—Her work; eva—indeed; karaḥ—hand; karotu—should do; hṛdayam—heart; tasyāḥ—of Her; pādam—feet; dhyāyatāt—should meditate; tad-bhāvotsavataḥ—with a festival of love; param—great; bhavatu—may be; me—of me; tat-prāṇa-nāthe—to the Lord of Her life; ratiḥ—love.,"""May my tongue become constantly overwhelmed by relishing the nectarean rasa of the name Rādhā, may my feet wander on the pathways of that Vṛndāvana where Vṛṣabhānu-nandinī walks, may both my hands be engaged in Svāminī's service, and may my heart contemplate Her lotus feet. By Śrīmatī's festival of ecstatic moods (bhāvotsava), may one-pointed attachment manifest within me for Her prāṇanātha, Śrī Śyāmasundara. This is my earnest prayer."""
1010, Rādhā Dāsyam,20.21,Tāṁ vraja-vane-īśvarīṁ nāthatve smara – Remember Śrīmatī Rādhikā as one's Svāminī,"aty-utkaṭena nitarāṁ virahānalena
 dandahyamāna hṛdayā kila kāpi dāsī
 hā svāmini kṣaṇam iha praṇayena gāḍham
 ākrandanena vidhurā vilapāmi padyaiḥ",Śrī Vilāpa-kusumāñjaliḥ 7,aty-utkatena—very great; nitarām—completely; viraha—of separation; analena—with the fire; dandahyamāna—always burning; hṛdayā—heart; kila—indeed; kāpi—a certain; dāsī—maidservant; hā—O; svāmini—mistress; kṣaṇam—for a moment; iha—here; praṇayena—with love; gāḍham—deeply; ākrandhanena—with crying; vidhurā—agitated; vilapāmi—I lament; padyaiḥ—in poetic ślokas.,"""O Svāminī Śrī Rādhikā! I am Your mañjarī maidservant. But my heart is burning due to the virulent fire of separation from You. I cry repeatedly and thus I have become thoroughly aggrieved. Seeing no other means of reprieval, I reside at Śrī Govardhana by the bank of Śrī Rādhā-kuṇḍa and lovingly supplicate Your lotus feet with these few ślokas of lamentation."""
1011, Rādhā Dāsyam,20.22,"A prayer to attain Śrī Rādhā's lotus feet, which are the only goal","devi duḥkha-kula-sāgarodare
 dūyamānam ati-durgataṁ janam
 tvaṁ kṛpā-prabala-naukayādbhutaṁ
 prāpaya svapada-paṅkajālayam",Śrī Vilāpa-kusumāñjaliḥ 8,devi—O queen; duḥkha—of sufferings; kula—of multitudes; sāgara—an ocean; udare—in the belly; dūyamānam—suffering; atī-durgatam—very unfortunate; janam—person; tvam—You; kṛpā—of mercy; prabala—the strength; naukayā—with the boat; adbhutam—wonderful; prāpaya—please cause to attain; sva-pada-paṅkaja—of Your own lotus feet; alayam—the abode.,"""May You be pleased, O Vraja-vilāsini, Śrī Rādhikā! Having fallen into the unfathomable ocean of intense grief, I am severely tormented and seized by calamity. O Parama-karuṇāmayi! Kindly place me upon the indestructible boat of Your mercy and grant me the direct service of Your lotus feet."""
1012, Rādhā Dāsyam,20.23,The inclination to be solely attached to serving Śrī Rādhā,"pādābjayos tava vinā vara-dāsyam eva
 nānyat kadāpi samaye kila devi yāce
 sakhyāya te mama namo 'stu namo 'stu nityaṁ
 dāsyāya te mama raso 'stu raso 'stu satyam",Śrī Vilāpa-kusumāñjaliḥ 16,pāda—feet; abjayoḥ—at the lotus flowers; tava—of You; vinā—without; vara—excellent; dāsyam—service; eva—certainly; na—not; anyat—anything else; kadā api—ever; samaye—at the time; kila—certainly; devi—O queen; yāce—I beg; sākhyāya—for friendship; te—of You; mama—of me; namaḥ—obeisances; astu—may be; namaḥ—obeisances; astu—may be; nityam—eternally; dāsyāya—for service; te—of You; mama—of me; rasaḥ—sweetness; astu—may be; rasaḥ—sweetness; astu—may be; satyam—in truth.,"""O Devī Rādhikā! I am not praying for anything except that most exalted direct service to Your lotus feet. Time and again I offer praṇama from afar to Your sakhītva, a position as Your sakhī, but I vow that my unwavering devotion will always be only for Your dāsītva, a position as Your maidservant."" [Therefore, let me truly have eager spiritual thirst for Your service! And if I am not qualified for this, then at least make me attached to this aspiration, so that one day I may attain it.]"
1013, Rādhā Dāsyam,20.24,"One who wishes to enter the ocean of Rādha-dāsyam will never desire enjoyment with Śrī Hari, even in dreams","ananya-śrī-rādhā-pada-kamala-dāsyaika-rasa-dhīr
 hareḥ saṅge raṅga-svapana-samaye nāpi dadhatī",Śrī Vṛndāvana-mahimāmṛta 16.94,ananya—without an other; śrī-rādhā—of Śrī Rādhā; pada-kamala—to the lotus feet; dāsya—of service; eka—sole; rasa—nectar; dhīr—thoughts; hareḥ—of Lord Hari; saṅge—in the association; aṅga—limbs; svapana—of sleeping; samayena—at the time; api—also; dadhatī—placing;,"Single-pointed service to the lotus feet of Śrī Rādhā is an ocean of transcendental rasa. One who wishes to enter that ocean will never desire enjoyment with Śrī Hari, even in dreams."
1014, Rādhā Dāsyam,20.25,A happiness millions of times greater,"rādhāra svarūpa – kṛṣṇa-prema-kalpa-latā
 sakhī-gaṇa haya tāra pallava-puṣpa pātā
 kṛṣṇa-līlāmṛta yadi latāke siñcaya
 nija-sukha haite pallavādyera koṭi-sukha haya",CC Mad 8.209–10,"rādhāra svarūpa—the spiritual nature of Śrīmatī Rādhārāṇī; kṛṣṇa-prema—of love of Kṛṣṇa; kalpa-latā—a creeper; sakhī-gaṇa—the gopīs; haya—are; tāra—of that creeper; pallava—the twigs; puṣpa—flowers; pātā—and leaves. kṛṣṇa-līlāmṛta—the nectar of Kṛṣṇa's pastimes; yadi—if; latāke—the creeper; siñcaya—sprinkles; nija-sukha haite—than personal happiness; pallava-ādyera—of the twigs, flowers and leaves; koṭi—ten million times; sukha—the happiness; haya—there is.","By nature Śrī Rādhā is like a creeper of kṛṣṇa-prema and the sakhīs are the leaves, flowers and twigs of that creeper. When the nectar of Kṛṣṇa's pastimes is sprinkled on that creeper, the leaves, flowers and twigs experience a happiness millions of times greater than if they were to be directly sprinkled with this nectar."
1015, Rādhā Dāsyam,20.26,Rādhā's bhāva is reflected in the mañjarīs. This is described in the first verse of Śrī Vilāpa-kusumāñjaliḥ,"tvaṁ rūpa-mañjari sakhī! prathitā pure 'smin
 puṁsaḥ parasya vadanaṁ na hi paśyasīti
 bimbādhare kṣatam anāgata-bhartṛkāyā
 yat te vyadhāyi kim u tac chuka-puṅgavena",Śrī Vilāpa-kusumāñjaliḥ 1,tvam—you; rūpa-mañjarī—O Rūpa mañjari; sakhi—O friend; prathitā—famous; pure—city; asmin—in this; puṁsaḥ—of the person; parasya—supreme; vadanam—the face; na—not; hi—indeed; paśyasi—you see; iti—thus; bimba—bimba fruit; adhare—lips; kṣatam—bite; anāgata—not arrived; bhartṛkāyāḥ—whose husband; yat—which; te—of you; vyadhāyi—caused; kim—what?; u—indeed; tac—that; chuka—parrot; puṅgavena—great.,"""My dear sakhī Rūpa Mañjari, you are well known in Vraja for not even looking at the face of any man other than your husband. Therefore it is surprising that your lips, red-like bimba fruits, have been bitten, even though your husband is not at home. Has this been done by the best of parrots?"" [Śrīla Gurudeva's purport:] When Kṛṣṇa drinks the nectar of Rādhā's lips, the resultant bhāva is also reflected in the mañjaris who become as if intoxicated."
1016, Rādhā Dāsyam,20.27,A sincere prayer for attaining śrī-rādhā-dāsya,"rādhe vṛndāvanādhīśe karuṇāmṛta-vāhini
 kṛpayā nija-pādābja-dāsyaṁ mahyaṁ pradīyatām",HBV,,"O Śrīmatī Rādhikā, O queen of Vṛndāvana, You are a flowing river of incomparable compassion. Please bestow upon me the service of Your lotus feet."
1017, Rādhā Dāsyam,20.28,The identity of a perfected soul (siddha-paricaya),"dukūlaṁ vibhrāṇām atha kuca-taṭe kañcu-kapaṭaṁ
 prasādaṁ svāminyāḥ svakara-tala-dattaṁ praṇayataḥ
 sthitāṁ nityaṁ pārśve vividha-paricaryaika-caturāṁ
 kiśorīm ātmānaṁ caṭula-parakīyāṁ nu kalaye",Śrī Rādhā-rasa-sudhā-nidhi 53,,"When will I remain near Svāminī eternally, intent on serving Her in various ways? When, wearing Her silken cloth and bodice that She affectionately gave me with Her own hands, will I be able to count myself as a clever and very beautiful kiśorī?"
1018, Rādhā Dāsyam,20.3,,"sakhīnāṁ saṅginī-rūpām / tāsāṁ madhye manoramam
 rūpa-yauvana-sampannāṁ / kiśorīṁ pramadākṛtim",Prema-bhakti-candrikā 5.11,,"A sādhaka of rāga-mārga should internally perceive himself to be one of the young, beautiful gopī beloveds of Śrī Kṛṣṇa. He should meditate on his desired svarūpa as a female companion of Śrī Rādhā's maidservants, such as Śrī Rūpa Mañjarī and Śrī Rati Mañjarī, and adorned in the ornaments mercifully given by them, he should completely absorb himself in service to Śrī Rādhā-Mādhava according to their instructions."
1019, Rādhā Dāsyam,20.31,,"ātmānaṁ cintayet tatra tāsāṁ madhye manoramām
 rūpaya-yauvana-sampannāṁ kiśorīṁ premodākṛtim
 rādhikānucarīṁ nityaṁ tat-sevana-parāyaṇāṁ
 kṛṣṇād apy adhikaṁ prema rādhikāyāṁ prakurvatīm",Sanat-kumāra-saṁhitā,,"Sadāśiva is giving instruction to Nāradajī on the subject of siddha-deha suitable for rendering service to the Divine Couple. ""O Nārada! Meditate in this way upon your own svarūpa among Śrī Kṛṣṇa's beloved associates who take pride in being His paramours in the aprākṛta Vṛndāvana Dhāma. 'I am an extremely lovely and supremely blissful kiśorī (adolescent girl), endowed with youthful beauty. I am an eternal maidservant of Śrīmatī Rādhikā. Having arranged for Śrī Kṛṣṇa's dearmost mistress Śrīmatī Rādhikā to meet with Him. I will always make them both happy. Therefore, I am the maidservant of Rādhikā, the most beloved of Kṛṣṇa. Remaining always and forever engaged in the service of the Divine Couple, may I maintain more love for Śrīmatī than for Kṛṣṇa."
1020, Rādhā Dāsyam,20.33,"A prayer to attain the position of a maidservant of Śrī Rādhā, who attracts the mind of Śrī Kṛṣṇa","veṇuṁ karān nipatitaṁ skhalitaṁ śikhaṇḍaṁ
 bhraṣṭaṁ ca pīta-vasanaṁ vraja-rāja-sūnoḥ
 yasyāḥ kaṭākṣa-śara-ghāta-vimūrcchitasya
 tāṁ rādhikāṁ kadā paricarāmi rasena",Śrī Rādhā-rasa-sudhā-nidhi 39,kadā—when; rasena—with rasa; paricarāmi—will I serve; tāṁ—that; rādhikāṁ—of Śrīmatī Rādhikā; ghāta—by the striking; śara—of the arrows; yasyāḥ—of whose; kaṭa-akṣa—sidelong glances; vraja-rāja-sūnoḥ—the son of the King of Vraja; vimūrcchitasya—His; veṇum—veṇu flute; nipatitaṁ—falling; karāt—from His hand; śikaṇḍaṁ—peacock-feather crown; skhalitaṁ—slipping; ca—and; pīta-vasanaṁ—yellow cloth; bhraṣṭaṁ—slips off.,"""When, with rasa, will I serve Śrī Rādhā, whose arrow-like sidelong glance causes Śrī Nanda-nandana to faint, the flute to fall from His hands, the peacock-feather crown to slip from His head, and His yellow cloth to fall from His body?"""
1021, Rādhā Dāsyam,20.35,O Vṛṣabhānu-nandinī! please make me the perpetual object of Your merciful glance,"itīmam adbhutaṁ-stavaṁ niśamya bhānu-nandinī
 karotu santataṁ janaṁ kṛpā-kaṭākṣa-bhājanam
 bhavet tadaiva-sañcita-tri-rūpa-karma-nāśanaṁ
 bhavet tadā vrajendra-sūnu-maṇḍala-praveśanam",Śrī Rādhā-kṛpā-kaṭākṣa-stava-rājaḥ 13,itī—this; mam—mine; adbhutaṁ—wonderful; stavaṁ—prayer; niśamya—hearing; bhānu—of Vṛṣabhānu; nandinī—daughter; karotu—make; santataṁ—always; janaṁ—person; kṛpā—of Your merciful; kaṭākṣa—sidelong-glance; bhājanam—object of; bhavet—should; tadaiva—then certainly; sañcita—accumulated; tri-rūpa—three types; karma—of karma; nāśanaṁ—destroyed; bhavet—should; tadā—then; vrajendra—of the king of Vraja; sūnu—of the son; maṇḍala—circle; praveśanam—entrance to.,"O Vṛṣabhānu-nandinī! Upon hearing this wonderful prayer, please make me the perpetual object of Your merciful glance. Then, by the influence of Your mercy, all the reactions to my karma will be destroyed and, realising my internal identity as a mañjarī, I will enter the circle of Śrīmatī Rādhikā's sakhīs to participate in Śrī Vrajendra-sūnu's eternal pastimes."
1022, Pramāṇa-tattva,21.1,Tattva-siddhānta summarized in 10 ślokas,"āmnāyaḥ prāha tattvaṁ harim iha paramaṁ sarva-śaktiṁ rasābdhiṁ
 tad-bhinnāṁśāṁś ca jīvān prakṛti-kavalitān tad-vimuktāṁś ca bhāvād
 bhedābheda-prakāśaṁ sakalam api hareḥ sādhanaṁ śuddha-bhaktiṁ
 sādhyaṁ tat-prītim evety upadiśati janān gaura-candraḥ svayaṁ saḥ",Daśa-mūla-tattva,āmnāya—the Vedas; prāha—proclaim; tattvaṁ—Absolute Truth; harim—Śrī Hari; iha—here; paramaṁ—the supreme; sarva-śaktim—the possessor of all potencies; rasābdhiṁ—an ocean of rasa; tad-bhinnāṁśān—His separated parts; ca—and; jīvān—jivas; prakṛti—His illusory potency; kavalitān—swallowed up; tad-vimuktān—His separated parts; ca—and; bhāvād- by nature; bheda-abheda—one and different; prakāśam—a manifestation; sakalam—everything; api—and; hareḥ—of Śrī Hari; sādhanaṁ—the means for attaiment; śuddha-bhaktim—is the pure bhakti; sādhyam—the ultimate goal; tat-prītim—is love for Him; eva iti—certainly thus; upadiśati—instructs; janān—the people; gaura-candraḥ—the Golden Lord whose effulgence resembles a moon; svayaṁ—personally; saḥ—He.,"1. Pramāṇa: The teachings of the Vedas received through Guru-paramparā are known as āmnāya. The infallible evidence of the Vedas, of the smṛti-śāstras headed by the Śrīmad Bhāgavatam, as well as evidence such as direct sense perception (pradhāna), that concur with the guidance of the Vedas, are all accepted as pramāṇa (evidence). This pramāṇa establishes the following prameyas (fundamental truths): Sambandha: 2. Parama-tattva – Śrī Hari alone is the Supreme Absolute Truth. 3. Sarva-śaktimān – Śrī Kṛṣṇa is the possessor of all potencies. 4. Akila-rasāmṛta-sindhu – He is the ocean of nectarean mellows and divine sweetness. 5. Vibhinnāṁśa-tattva – Both the mukta (liberated) and baddha (conditioned) jīvas are His eternally separated parts and parcels. 6. Baddha-jīvas –Conditioned souls are subject to the control and covering of māyā. 7. Mukta-jīvas – Liberated souls are forever free from māyā. 8. Acintya-Bhedābheda-tattva – The entire universe, consisting of the conscious (cit) and unconscious (acit), is Śrī Hari's acintya-bhedābheda-prakāśa, that is to say, it is His manifestation which is inconceivably both different and non-different from Him. Abhidheya: 9. Śuddha-bhakti – Pure devotional service is the only practice (sādhana) to attain spiritual perfection (sādhya). Prayojana: 10. Kṛṣṇa-prīti – Transcendental love and affection for Śrī Kṛṣṇa is the one and only final object of attainment (sādhya-vastu)."
1023, Pramāṇa-tattva,21.2,,"svataḥ-siddho vedo hari-dayita-vedha-prabhṛtitaḥ
 pramāṇaṁ sat-prāptaṁ pramiti-viṣayān tān nava-vidhān
 tathā pratyakṣādi-pramiti-sahitaṁ sādhayati naḥ
 na yuktis tarkākhyā praviśati tathā śakti-rahitā",Daśa-mūla 1,"svataḥ—independently; siddhaḥ—perfect; vedaḥ—the Vedas; hari—of Lord Hari; dayita—the object of mercy; vedaḥ—Lord Brahmā, the creator of the universe; prabhṛtitaḥ—beginning with; pramāṇam—evidence; sat—transcendental; prāptaḥ—attained; pramiti—of knowledge; viṣayān—the scope; tat—of that; nava—nine; vidhān—parts; tathā—in that way; pratyākṣa—present before the eyes; ādi—beginning with; pramiti—knowledge; sahitam—along with; sādhayati—stands as evidence; naḥ—for us; na—not; yuktiḥ—reason; tarka—as logic; ākhya—names; praviśati—enters; tathā—in that realms; śakti—of power; rahitā—devoid.","The self-evident Vedas, which have been received in the sampradāya through the Guru-paramparā by recipients of Śrī Hari's mercy such as Brahmājī and others, are known as āmnāya-vākya. The nine prameya-tattvas are established by these āmnaya-vākyas with the help of other pramānas that follow the guidance of these śastras, such as evidence obtained by direct sense perception (pratyakṣa). Reasoning that is only based on logic is always lame in the matter of evaluating inconceivable subject matters, since logic and argument have no access to the realm of the inconceivable."
1024, Pramāṇa-tattva,21.3,The definition of āmnāya,"āmnāyah śrutayaḥ sāksād / brahma-vidyeti viśrutaḥ
 guru-paramparā prāptāḥ / viśva-kartuḥ hi brāhmaṇa",Dasa-mula,,"Transcendental knowledge, which is received through the system of paramparā, beginning with Brahmā, the creator, and which is embodied in the Śruti is known as āmnāya, or the authorized sacred tradition."
1025, Pramāṇa-tattva,21.4,Real dharma is enacted by Kṛṣṇa,dharmaṁ tu sākṣād bhagavat-praṇītaṁ,SB 6.3.19,"dharmam—real religious principles, or bona fide spiritual principles; tu—but; sākṣāt—directly; bhagavat—by the Supreme Personality of Godhead; praṇītam—enacted.",Real religious principles are enacted by the Supreme Personality of Godhead.
1026, Pramāṇa-tattva,21.5,Śrī Kṛṣṇa instructed Brahmā directly,yathā brahmaṇe bhagavān svayam upadiśyānubhāvitavān,CC Ādi 1.50,yathā—just as; brahmaṇe—unto Lord Brahmā; bhagavān—the Supreme Lord; svayam—Himself; upadiśya—having instructed; anubhāvitavān—caused to perceive.,The Supreme Personality of Godhead taught Brahmā and made him self-realised.
1027, Pramāṇa-tattva,21.6,Transcendental knowledge descends through the disciplic succession starting with Brahmā,"brahmā devānāṁ prathamaḥ sambabhūva / viśvasya kartā bhuvanasya goptā
 sa brahma-vidyāṁ sarva-vidyā-pratiṣṭhām / atharvāya jyeṣṭha-putrāya prāha",Muṇḍaka Upaniṣad 1.1.1,om—Oṁ; brahmā—Brahmā; devānām—of the demigods; prathamam—first; sambabhūva—born; viśvasya—of the universe; kartā—the creator; bhuvanasya—of the worlds; goptā—the protector; sa—he; brahma-vidyām—spirtiual knowledge; sarva-vidyā-pratiṣṭhām—the basis of all knowledge; atharvāya—to Atharvā; jyeṣṭha-putrāya—his eldest son; prāha—spoke.,"Lord Brahmā is the foremost of the demigods. He is the creator of the universe, and its guardian. He instructed his eldest son, Atharva in the science of transcendental knowledge (brahma-vidyā), and thus became the first teacher within the universe. All other knowledge is based on this knowledge."
1028, Pramāṇa-tattva,21.7,What is brahma-vidyā?,yenākṣaraṁ puruṣaṁ veda satyaṁ / provāca tāṁ tattvato brahma-vidyām,Muṇḍaka Upaniṣad 1.2.13,,"Brahma-vidyā is knowledge that reveals the true svarūpa of para-brahma, the indestructible Puruṣottama."
1029, Pramāṇa-tattva,21.8,Transcendental knowledge is received through the Paramparā,"evaṁ paramparā-prāptam / imaṁ rājarṣayo viduḥ
 sa kāleneha mahatā / yogo naṣṭaḥ parantapa",BG 4.2,"evam—thus; paramparā—by disciplic succession; prāptam—received; imam—this science; rāja-ṛṣayaḥ—the saintly kings; viduḥ—understood; saḥ—that knowledge; kālena—in the course of time; iha—in this world; mahatā—great; yogaḥ—the science of one's relationship with the Supreme; naṣṭaḥ—scattered; parantapa—O Arjuna, subduer of the enemies.","This supreme science was thus received through the chain of disciplic succession, and the saintly kings understood it in that way. But in course of time the succession was broken, and therefore the science as it is appears to be lost."
1030, Pramāṇa-tattva,21.9,The Paramparā is an eternal principle,"kālena naṣṭā pralaye vāṇīyaṁ veda-saṁjñitā
 mayādau brahmaṇe proktā dharmo yasyāṁ mad-ātmakaḥ
 tena proktā sva-putrāya manave pūrva-jāya sā
 tato bhṛgv-ādayo 'gṛhṇan sapta brahma-maharṣayaḥ",SB 11.14.3-4,śrī-bhagavān uvāca—the Supreme Personality of Godhead said; kālena—by the influence of time; naṣṭā—lost; pralaye—at the time of annihilation; vāṇī—message; iyam—this; veda-saṁjñitā—consisting of the Vedas; mayā—by Me; ādau—at the time of creation; brahmaṇe—unto Lord Brahmā; proktā—spoken; dharmaḥ—religious principles; yasyām—in which; mat-ātmakaḥ—identical with Me; tena—by Brahmā; proktā—spoken; sva-putrāya—to his son; manave—to Manu; pūrva-jāya—the oldest; sā—that Vedic knowledge; tataḥ—from Manu; bhṛgu-ādayaḥ—those headed by Bhṛgu Muni; agṛhṇan—accepted; sapta—seven; brahma—in Vedic literature; mahā-ṛṣayaḥ—most learned sages.,"The Supreme Personality of Godhead said: By the influence of time, the transcendental sound of Vedic knowledge was lost at the time of annihilation. Therefore, when the subsequent creation took place, I spoke the Vedic knowledge to Brahmā because I Myself am the religious principles enunciated in the Vedas. Lord Brahmā instructed his eldest son, Manu in the Vedic knowledge, and Manu in turn instructed the same science to the seven great sages headed by Bhṛgu Muni."
1031, Pramāṇa-tattva,21.1,Mundane arguments cannot touch transcendental subject matters,"acintyāḥ khalu ye bhāva / na tāṁs tarkeṇa yojayet
 prakṛtibhyaḥ paraṁ yac ca / tad acintyasya lakṣaṇam",Mahābhārata (Bhīṣma-parva 5.22),acintyāḥ—inconceivable; khalu—certainly; ye—those; bhāvāḥ—subject matters; na—not; tān—them; tarkeṇa—by argument; yojayet—one may understand; prakṛtibhyaḥ—to material nature; param—transcendental; yat—that which; ca—and; tat—that; acintyasya—of the inconceivable; lakṣaṇam—a symptom.,"Anything transcendental to material nature is called inconceivable, whereas arguments are all mundane. Since mundane arguments cannot touch transcendental subjects, one should not try to understand transcendental subjects through mundane arguments."
1032, Pramāṇa-tattva,21.11,The Vedas are not to be interpreted,"svataḥ-pramāṇa veda—pramāṇa-śiromaṇi
 lakṣaṇā karile svataḥ-pramāṇatā-hāni",CC Ādi 7.132,svataḥ-pramāṇa—self-evident; veda—the Vedic literatures; pramāṇa—evidence; śiromaṇi—topmost; lakṣaṇā—interpretation; karile—doing; svataḥ-pramāṇatā—self-evidence; hāni—lost.,"[Śrī Caitanya Mahāprabhu instructed Prakāśānanda Sarasvatī:] ""The self-evident Vedic literatures are the highest evidence of all, but if these literatures are interpreted, their self-evident nature is lost."""
1033, Pramāṇa-tattva,21.12,The Vedas are self-evident and the foremost evidence,"pramāṇera madhye śruti-pramāṇa pradhāna
 śruti ye mukhyārtha kahe, sei se pramāṇa",CC Mad 6.135,pramāṇera—of the evidences; madhye—in the midst; śruti—the Vedic version; pramāṇa—evidence; pradhāna—chief; śruti—the Vedic version; ye—whatever; mukhya-artha—chief meaning; kahe—says; sei se—that indeed; pramāṇa—evidence;,"[Śrī Caitanya Mahāprabhu said:] Although there is other evidence, the evidence given in the Vedic version must be taken as foremost. Vedic versions understood directly are first-class evidence."
1034, Pramāṇa-tattva,21.13,Śrīmad-Bhāgavatam Describes the Four Kinds of Evidence,"śrutiḥ pratyakṣam aitihyam / anumānaṁ catuṣṭayam
 pramāṇeṣv anavasthānād / vikalpāt sa virajyate",SB 11.19.17,śrutiḥ—Vedic knowledge; pratyakṣam—direct experience; aitihyam—traditional wisdom; anumānam—logical induction; catuṣṭayam—fourfold; pramāneṣu—among all types of evidence; anavasthānāt—due to the flickering nature; vikalpāt—from material diversity; saḥ—a person; virajyate—becomes detached.,"From the four types of evidence – Vedic knowledge, direct experience, traditional wisdom and logical induction – one can understand the temporary, insubstantial situation of the material world, by which one becomes detached from the duality of this world."
1035, Pramāṇa-tattva,21.14,Manu-saṁhitā describes Three Kinds of Evidence,"pratyakṣaś cānumanañ ca śāstrañ ca vividhāgamam
 trayaṁ suviditaṁ kāryaṁ dharma-śuddhim abhīpsatā",Manu 12.105,,"If one wants to understand what is reality, one must consider the three kinds of evidence: Vedic evidence, perception, and inference."
1036, Pramāṇa-tattva,21.15,"Of the three kinds of evidence, revealed scriptures (Vedic śāstra) is the best","pratyakṣe 'ntarbhaved yasmād atithyaṁ tena deśikah
 pramāṇaṁ trividhaṁ prākhyāt tatra mukhyā śrutir bhavet",Prameya-ratnāvalī 9.2,,"Since hearsay is included in perception, Madhvācārya has said that the means of proper knowledge are three, among which śruti, or revelation scriptures, is the highest."
1037, Other Ślokas,22.1,Rūpa and Sanātana are the recipients of Caitanya Mahāprabhu's mercy,"kālena vṛndāvana-keli-vārtā
 lupteti tāṁ khyāpayituṁ viśiṣya
 kṛpāmṛtenābhiśiṣeca devas
 tatraiva rūpaṁ ca sanātanaṁ ca",Caitanya-candrodaya-nāṭaka 9.38,"kālena—in the course of time; vṛndāvana-keli-vārtā—topics concerning the transcendental mellows of the pastimes of Lord Kṛṣṇa in Vṛndāvana; luptā—almost lost; iti—thus; tām—all those; khyāpayitum—to enunciate; viśiṣya—making specific; kṛpā-amṛtena—with the nectar of mercy; abhiśiṣeca—sprinkled; devaḥ—the Lord; tatra—there, in Vṛndāvana; eva—indeed; rūpam—Śrīla Rūpa Gosvāmī; ca—and; sanātanam—Sanātana Gosvāmī; ca—as well as.","In the course of time, tidings of Kṛṣṇa's divine pastimes in Vṛndāvana had been lost. To make them thoroughly known again, the Lord showered His mercy on Rūpa and Sanātana in the very land of Vṛndāvana."
1038, Other Ślokas,22.2,Rūpa Gosvāmī is glorified,"priya-svarūpe dayita-svarūpe
 prema-svarūpe sahajābhirūpe
 nijānurūpe prabhur eka-rūpe
 tatāna-rūpe sva-vilāsa-rūpe",Caitanya-candrodaya-nāṭaka 9.39,priya-svarūpe—unto the person whose dear friend was Śrīla Svarūpa Dāmodara Gosvāmī; dayita-svarūpe—who was very dear to Him (Śrī Caitanya Mahāprabhu); prema-svarūpe—unto the replica of His personal ecstatic love; sahaja-abhirūpe—who was naturally very beautiful; nija-anurūpe—who exactly followed the principles of Śrī Caitanya Mahāprabhu; prabhuḥ—Śrī Caitanya Mahāprabhu; eka-rūpe—to the one; tatāna—explained; rūpe—unto Rūpa Gosvāmī; sva-vilāsa-rūpe—who describes the pastimes of Lord Kṛṣṇa.,"""Indeed, Śrīla Rūpa Gosvāmī, whose dear friend was Svarūpa Dāmodara, was the exact replica of Śrī Caitanya Mahāprabhu, and he was very, very dear to the Lord. Being the embodiment of Śrī Caitanya Mahāprabhu's ecstatic love, Rūpa Gosvāmī was naturally very beautiful. He very carefully followed the principles enunciated by the Lord, and he was a competent person to explain properly the pastimes of Lord Kṛṣṇa. Śrī Caitanya Mahāprabhu expanded His mercy to Śrīla Rūpa Gosvāmī just so he could render service by writing transcendental literatures."""
1039, Other Ślokas,22.3,,"śrīmad-rūpa-padāmbhoja-
 dhūli-mātraika-sevinā
 kenacid grathitā padyair
 mālāghreyā tad-āśrayaiḥ",Stavāvalī,śrīmad-rūpa—of Śrīla Rūpa Gosvāmī; padāmbhoja—of the lotus feet; dhūlī—the dust; mātraika—only; sevinā—by a servant; kenacid—by someone; grathitā—strung; padyaiḥ—with verses; mālā—a garland; āghreyā—to be smelled; tad—of Him; āśrayaiḥ—by they who have taken shelter.,A certain servant of the dust of Śrīla Rūpa Gosvāmī's lotus feet has strung this garland of verses glorifying Śrī Rādhā's lotus feet. They who have taken shelter of Śrīla Rūpa Gosvāmī will be able to appreciate the sweet fragrance of this garland of verses.
1040, Other Ślokas,22.4,Śrīla Rūpa Gosvāmī Vijñapti,"ādadānas tṛṇaṁ dantair idaṁ yāce punaḥ punaḥ
 śrīmad-rūpa-padāmbhoja-dhūliḥ syāṁ janma-janmani",Śrī Dāna-Keli-Cintāmaṇiḥ 175,ādadānaḥ—taking; tṛṇam—a blade of grass; dantaiḥ—in my teeth; idam—this; yāce—I beg; punaḥ punaḥ—againg and again; śrīmat-rūpa—of Śrīla Rupa Gosvami; pada-ambhoja—of the lotus feet; dhūliḥ—dust; syām—may be; janma-anmani—birth after birth.,"""Taking a straw between my teeth, crying and begging and falling on the ground again and again, I am praying that life after life, I only want to touch the footdust of Śrī Rūpa Mañjarī."""
1041, Other Ślokas,22.5,,"śrī-caitanya mano'bhīṣṭaṁ sthāpitaṁ yena bhūtale
 svayaṁ rūpaḥ kadā mahyaṁ dadāti sva-padāntikam",Śrī Prema-bhakti-candrikā,śrī-caitanya-of Lord Caitanya; manah-abhīṣṭam—the innermost desire; sthāpitam-established; yena-by whom; bhūtale-in the material world; svayam-personally; rūpaḥ-Śrīla Rūpa Gosvami; kadā-when? mahyam-to me; dadāti-will give; sva-pada-antikam—shelter at the tips of his lotus feet.,"When will Śrī Rūpa Gosvāmī give me the shelter of his lotus feet? Because he understood the innermost desire of Śrī Caitanya Mahāprabhu, he was able to establish His mission in this world and is very dear to the Lord."
1042, Other Ślokas,22.6,,"abhīra-pallī-pati-putra-kānyā-
 dāsyābhilāṣāti-balāśva-vāra
 śrī-rūpa-cintāmaṇi-sapti-saṁstho
 mat-svānta-durdānta-hayecchur āstām",Śrī Stavāvalī,abhīra—of the cowherds; pallī—of the village; pati—of the king; putra—the son; kāntā—the beloved; dāsya—service; abhilāṣa—desire; ati—great; bala—strong; aśva—horse; vāra—riding; śrī-rūpa—Śrīla Rūpa Gosvāmī; cintāmaṇi—transcendental gems; sapti—seven; saṁsthaḥ—riding; mat—of me; svānta—the heart; durdānta—uncontrollable; haya—horse; icchuḥ—desiring; āstām—may be.,"""I pray that the wild horse of my heart may become like the cintāmaṇi-jewel horse Śrīla Rūpa Gosvāmī, which carries as its rider the desire to serve the gopa-prince's beloved (Śrīmatī Rādhikā)."""
1043, Other Ślokas,22.7,Without Rūpa Gosvāmī who could have opened the store house of vraja-prema,"yaṅ kali rūpa śarīra nā dharata?
 taṅ vraja-prema-mahānidhi-kuṭharika, kaun kapāṭa ughāḍata (1)",Yan Kali Rūpa,,"If Śrīla Rūpa Gosvāmī would not have appeared in this age of Kali, then who could have opened the great store-house of vraja-prema that contained the topmost love of the vraja-gopīs? Who could have opened the door and distributed its contents freely?"
1044, Other Ślokas,22.8,Caitanya Mahāprabhu empowered Rūpa Gosvāmī,"vṛndāvanīyāṁ rasa-keli-vārtāṁ
 kālena luptāṁ nija-śaktim utkaḥ
 sañcārya rūpe vyatanot punaḥ sa
 prabhur vidhau prāg iva loka-sṛṣṭim",CC Mad 19.1,vṛndāvanīyām—related to Vṛndāvana; rasa-keli-vārtām—talks about the pastimes of Śrī Kṛṣṇa; kālena—with the course of time; luptām—lost; nija-śaktim—His personal potency; utkaḥ—being eager; sañcārya—infusing; rūpe—to Rūpa Gosvāmī; vyatanot—manifested; punaḥ—again; saḥ—He; —Śrī Caitanya Mahāprabhu; vidhau—unto Lord Brahmā; prāk iva—as formerly; loka-sṛṣṭim—the creation of this cosmic manifestation.,"Before the creation of this cosmic manifestation, the Lord enlightened the heart of Lord Brahmā with the details of the creation and manifested the Vedic knowledge. In exactly the same way, the Lord, being anxious to revive the Vṛndāvana pastimes of Lord Kṛṣṇa, impregnated the heart of Rūpa Gosvāmī with spiritual potency. By this potency, Śrīla Rūpa Gosvāmī could revive the activities of Kṛṣṇa in Vṛndāvana, activities almost lost to memory. In this way, He spread Kṛṣṇa consciousness throughout the world."
1045, Other Ślokas,22.9,,"mālī hañā kare sei bīja āropaṇa
 śravaṇa-kīrtana-jale karaye secana",CC Mad 19.152,mālī hañā—becoming a gardener; kare—does; sei—that; bīja—seed of devotional service; āropaṇa—sowing; śravaṇa—of hearing; kīrtana—of chanting; jale—with the water; karaye—does; secana—sprinkling.,"When a person receives the seed of devotional service, he should take care of it by becoming a gardener and sowing the seed in his heart. If he waters the seed gradually by the process of śravaṇa and kīrtana [hearing and chanting], the seed will begin to sprout."
1046, Other Ślokas,22.1,,"upajiyā bāḍe latā 'brahmāṇḍa' bhedi' yāya
 'virajā', 'brahma-loka' bhedi' 'para-vyoma' pāya",CC Mad 19.153,upajiyā—being cultivated; bāḍe—grows; latā—the creeper of devotional service; brahmāṇḍa—the whole universe; bhedi'—penetrating; yāya—goes; virajā—the river between the spiritual world and the material world; brahma-loka—the Brahman effulgence; bhedi'—penetrating; para-vyoma—the spiritual sky; pāya—attains.,"As one waters the bhakti-latā-bīja, the seed sprouts, and the creeper gradually grows to the point where it penetrates the walls of this universe and goes beyond the Virajā River, lying between the spiritual world and the material world. It attains brahma-loka, the Brahman effulgence, and penetrating through that stratum, it reaches the spiritual sky and the spiritual planet Goloka Vṛndāvana."
1047, Other Ślokas,22.11,,"tabe yāya tad-upari 'goloka-vṛndāvana'
 'kṛṣṇa-caraṇa'-kalpa-vṛkṣe kare ārohaṇa",CC Mad 19.154,tabe—thereafter; yāya—goes; tat-upari—to the top of that (the spiritual sky); goloka-vṛndāvana—to the planet known as Goloka Vṛndāvana where Kṛṣṇa lives; kṛṣṇa-caraṇa—of the lotus feet of Lord Kṛṣṇa; kalpa-vṛkṣe—on the desire tree; kare ārohaṇa—climbs.,"Being situated in one's heart and being watered by śravaṇa-kīrtana, the bhakti creeper grows more and more. In this way it attains the shelter of the desire tree of the lotus feet of Kṛṣṇa, who is eternally situated in the planet known as Goloka Vṛndāvana, in the topmost region of the spiritual sky."
1048, Other Ślokas,22.12,,"tāhāṅ vistārita hañā phale prema-phala
 ihāṅ mālī sece nitya śravaṇādi jala",Mad 19.155,"tāhāṅ—there in the spiritual world (in the Goloka Vṛndāvana planet); vistārita—expanded; hañā—becoming; phale—produces; prema-phala—the fruit known as love of Godhead; ihāṅ—in the material world, where the devotee is still present; mālī—exactly like a gardener; sece—sprinkles; nitya—regularly, without fail; śravaṇa-ādi jala—the water of śravaṇa, kīrtana and so on.","The creeper greatly expands in the Goloka Vṛndāvana planet, and there it produces the fruit of love for Kṛṣṇa. Although remaining in the material world, the gardener regularly sprinkles the creeper with the water of hearing and chanting."
1049, Other Ślokas,22.13,Vaiṣṇava-aparādha is the greatest obstacle to bhakti,"yadi vaiṣṇava-aparādha uṭhe hātī mātā
 upāḍe vā chiṇḍe, tāra śukhi' yāya pātā",Mad 19.156,yadi—if; vaiṣṇava-aparādha—an offense at the feet of a Vaiṣṇava; uṭhe—arises; hātī—an elephant; mātā—mad; upāḍe—uproots; vā—or; chiṇḍe—breaks; tāra—of the creeper; śukhi'—shriveling up; yāya—goes; pātā—the leaf.,"If the devotee commits an offense at the feet of a Vaiṣṇava while cultivating the creeper of devotional service in the material world, his offense is compared to a mad elephant that uproots the creeper and breaks it. In this way the leaves of the creeper are dried up."
1050, Other Ślokas,22.14,Śrīla Sanātana Gosvāmī Vandanā (Sambandha-jñāna ācārya),"vairāgya-yug bhakti-rasaṁ prayatnair
 apāyayan mām anabhīpsum andham
 kṛpāmbudhir yaḥ para-duḥkha-duḥkhī
 sanātanāṁ taṁ prabhum āśrayāmi",Śrī Vilāpa-kusumāñjaliḥ 6,vairāgya—with renunciation; yug—endowed; bhakti—of devotional service; rasam—the nectar; prayatnaiḥ—with great effort; apāyayan—mad to drink; mām—me; anabhīpsum—unwilling; andham—blind; kṛpā—of mercy; ambudhiḥ—an ocean; yaḥ—who; para—of others; duḥkha—by the unhappiness; duḥkhī—unhappy; sanātanaḥ—Sanātana Gosvāmī; tam—of him; prabhum—the master; āśrayāmi—I take shelter.,"I was unwilling to drink the nectar of bhakti-rasa laced with renunciation, but Śrīla Sanātana Gosvāmī, being an ocean of mercy who cannot tolerate the sufferings of others, induced me to drink it. Therefore, I take shelter of Śrīla Sanātana Gosvāmī as my śikṣā-guru."
1051, Other Ślokas,22.15,Sanātana Gosvāmī inquired from Mahāprabhu:,"ke āmi', 'kene āmāya jāre tāpa-traya'
 ihā nāhi jāni—'kemane hita haya'",CC Mad 20.102,ke āmi—who am I; kene—why; āmāya—unto me; jāre—give trouble; tāpa-traya—the three kinds of miserable conditions; ihā—this; nāhi jāni—I do not know; kemane—how; hita—my welfare; haya—there is.,"Who am I? Why do the threefold miseries always give me trouble? If I do not know this, how can I be benefited?"
1052, Other Ślokas,22.16,Mahāprabhu replied to Sanātana Gosvāmī:,"jīvera 'svarūpa' haya—kṛṣṇera 'nitya-dāsa'
 kṛṣṇera 'taṭasthā-śakti' 'bhedābheda-prakāśa'
 sūryāṁśa-kiraṇa, yaiche agni-jvālā-caya
 svābhāvika kṛṣṇera tina-prakāra 'śakti' haya
 kṛṣṇera svābhāvika tina-śakti-pariṇati
 cic-chakti, jīva-śakti, āra māyā-śakti",CC Mad 20.108-109,"jīvera—of the living entity; svarūpa—the constitutional position; haya—is; kṛṣṇera—of Lord Kṛṣṇa; nitya-dāsa—eternal servant; kṛṣṇera—of Lord Kṛṣṇa; taṭasthā—marginal; śakti—potency; bheda-abheda—one and different; prakāśa—manifestation; sūrya-aṁśa—part and parcel of the sun; kiraṇa—a ray of sunshine; yaiche—as; agni-jvālā-caya—molecular particle of fire; svābhāvika—naturally; kṛṣṇera—of Lord Kṛṣṇa; tina-prakāra—three varieties; śakti—energies; haya—there are; kṛṣṇera—of Lord Kṛṣṇa; svābhāvika—natural; tina—three; śakti—of energies; pariṇati—transformations; cit-śakti—spiritual potency; jīva-śakti—spiritual sparks, living entities; āra—and; māyā-śakti—illusory energy.","It is the living entity's constitutional position to be an eternal servant of Kṛṣṇa because he is the marginal energy of Kṛṣṇa and a manifestation simultaneously one with and different from the Lord, like a molecular particle of sunshine or fire. Kṛṣṇa has three varieties of energy. Lord Kṛṣṇa naturally has three energetic transformations, and these are known as the spiritual potency (cit-śakti), the living entity potency (jīva-śakti) and the illusory potency (māyā-śakti)."
1053, Other Ślokas,22.17,Where there is light there is no darkness,"kṛṣṇa—sūrya-sama; māyā haya andhakāra
 yāhāṅ kṛṣṇa, tāhāṅ nāhi māyāra adhikāra",CC Mad 22.31,"kṛṣṇa—Kṛṣṇa, the Supreme Personality of Godhead; sūrya-sama—like the sun planet; māyā—the illusory energy; haya—is; andhakāra—darkness; yāhāṅ kṛṣṇa—wherever there is Kṛṣṇa; tāhāṅ—there; nāhi—not; māyāra—of māyā, or the darkness of illusion; adhikāra—the jurisdiction.","Kṛṣṇa is compared to sunshine, and māyā is compared to darkness. Wherever there is sunshine, there cannot be darkness. As soon as one takes to Kṛṣṇa consciousness, the darkness of illusion (the influence of the external energy) will immediately vanish."
1054, Other Ślokas,22.18,"However, the Jīva cannot revive his Kṛṣṇa consciousness by his own effort","māyā-mugdha jīvera nāhi svataḥ kṛṣṇa-jñāna
 jīvere kṛpāya kailā kṛṣṇa veda-purāṇa",CC Mad 20.122,māyā-mugdha—bewildered by the illusory energy; jīvera—of the conditioned soul; nāhi—there is not; svataḥ—automatically; kṛṣṇa-jñāna—knowledge of Kṛṣṇa; jīvere—unto the conditioned soul; kṛpāya—out of mercy; kailā—presented; kṛṣṇa—Lord Kṛṣṇa; veda-purāṇa—the Vedic literature and the Purāṇas.,"The conditioned soul, bewildered by māyā, cannot revive his Kṛṣṇa consciousness by his own effort. But out of causeless mercy, Lord Kṛṣṇa compiled the Vedic literature and its supplements, the Purāṇas."
1055, Other Ślokas,22.19,,"śāstra-guru-ātma'- rūpe āpanāre jānāna
 'kṛṣṇa mora prabhu, trātā'—jīvera haya jñāna",CC Mad 20.123,"śāstra-guru-ātma-rūpe—in the form of the Vedic literature, the spiritual master and the Supersoul; āpanāre jānāna—informs about Himself; kṛṣṇa—Lord Kṛṣṇa; mora—my; prabhu—Lord; trātā—deliverer; jīvera—of the conditioned soul; haya—there is; jñāna—knowledge.","The forgetful conditioned soul is educated by Kṛṣṇa through the Vedic literatures, the realized spiritual master and the Supersoul. Through these, he can understand Śrī Kṛṣṇa as He is, and he can understand Him as his eternal master and deliverer from the clutches of māyā. In this way one can acquire real knowledge of his conditioned life and can come to understand how to attain liberation."
1056, Other Ślokas,22.2,One must follow a clearly defined sequence (krama) in order to enter the realm of bhakti,"kona bhāgye kona jīvera 'śraddhā' yadi haya
 tabe sei jīva 'sādhu-saṅga' ye karaya
 sādhu-saṅga haite haya 'śravaṇa-kīrtana'
 sādhana-bhaktye haya 'sarvānartha-nivartana'
 anartha-nivṛtti haile bhaktye 'niṣṭhā' haya
 niṣṭhā haite śravaṇādye 'ruci' upajaya
 ruci haite bhaktye haya 'āsakti' pracura
 āsakti haite citte janme kṛṣṇe prīty-aṅkura
 sei 'bhāva' gāḍha haile dhare 'prema'-nāma
 sei premā 'prayojana' sarvānanda-dhāma",CC Mad 23.9-13,"kona bhāgye—by some good fortune; kona jīvera—of some living entity; śraddhā yadi haya—if there is faith; tabe—then; sei jīva—that living entity; sādhu-saṅga—association with devotees; ye—certainly; karaya—makes. sādhu-saṅga haite—from association with devotees; haya—there is; śravaṇa-kīrtana—hearing, chanting and so on; sādhana-bhaktye—by devotional service; haya—there is; sarva—all; anartha-nivartana—disappearance of unwanted things. anartha-nivṛtti—disappearance of all unwanted contamination; haile—when there is; bhaktye—in devotional service; niṣṭhā—firm faith; haya—there is; niṣṭhā haite—from such firm faith; śravaṇa-ādye—in hearing, chanting and so on; ruci—taste; upajaya—awakens. ruci haite—from such a taste; bhaktye—in devotional service; haya—there is; āsakti—attachment; pracura—deep; āsakti haite—from attachment; citte—within the heart; janme—appears; kṛṣṇe—for Kṛṣṇa; prīti-aṅkura—the seed of affection. sei bhāva—that emotional condition; gāḍha haile—when it becomes intensified; dhare—takes; prema-nāma—the name love of Godhead; sei premā—that love of Godhead; prayojana—the ultimate goal of life; sarva-ānanda-dhāma—the reservoir of all pleasure.","If, by good fortune, a jīva develops faith (śraddhā) in Kṛṣṇa, he begins to associate with pure devotees (sādhu-saṅga), and in that association he engages in hearing and chanting. By following sādhana-bhakti he becomes free from all anarthas (anartha-nivṛtti) and advances to the stage of firm faith (niṣṭhā) whereby taste (ruci) awakens for śravaṇa, kīrtana and so on. After ruci, āsakti (deep attachment) arises and when āsakti thickens, the seed of of bhāva (deep affection) is born in the heart. When bhāva is intensified, it becomes prema (love of God). This prema is the ultimate goal and the abode of all bliss."
1057, Other Ślokas,22.21,Śrī Caitanya Mahāprabhu enquired from Śrīla Rāmānanda Rāya,"sādhya-vastu' 'sādhana' vinu keha nāhi pāya
 kṛpā kari' kaha, rāya, pābāra upāya",CC Mad 8.197,sādhya-vastu—the goal of life; sādhana vinu—without practicing the process; keha nāhi pāya—no one achieves; kṛpā kari'—very mercifully; kaha—please explain; rāya—My dear Rāmānanda Rāya; pābāra upāya—the means of achieving.,"The goal of life (sādhya) cannot be achieved unless one accepts the appropriate process (sādhana). Now, being merciful upon Me, please explain the means by which this goal can be attained."
1058, Other Ślokas,22.22,Śrī Rāmānanda Rāya replied:,"rādhā-kṛṣṇera līlā ei ati gūḍhatara
 dāsya-vātsalyādi-bhāve nā haya gocara
 sabe eka sakhī-gaṇera ihāṅ adhikāra
 sakhī haite haya ei līlāra vistāra
 sakhī vinā ei līlā puṣṭa nāhi haya
 sakhī līlā vistāriyā, sakhī āsvādaya
 sakhī vinā ei līlāya anyera nāhi gati
 sakhī-bhāve ye tāṅre kare anugati
 rādhā-kṛṣṇa-kuñja-sevā-sādhya sei pāya
 sei sādhya pāite āra nāhika upāya",CC Mad 8.202-205,"rādhā-kṛṣṇera līlā—the pastimes of Rādhā and Kṛṣṇa; ei—this is; ati—very much; gūḍhatara—more confidential; dāsya—of servitude; vātsalya-ādi—and of parental love, etc.; bhāve—in the moods; nā haya—is not; gocara—appreciated. sabe—only; eka—one; sakhī-gaṇera—of the gopīs; ihāṅ—in this; adhikāra—qualification; sakhī—the gopīs; haite—from; haya—is; ei līlāra—of these pastimes; vistāra—the expansion. sakhī vinā—without the gopīs; ei līlā—these pastimes; puṣṭa—nourished; nāhi haya—are never; sakhī—the gopīs; līlā—the pastimes; vistāriyā—expanding; sakhī—the gopīs; āsvādaya—taste this mellow. sakhī vinā—without the gopīs; ei līlāya—in these pastimes; anyera—of others; nāhi—there is not; gati—entrance; sakhī-bhāve—in the mood of the gopīs; ye—anyone who; tāṅre—Lord Kṛṣṇa; kare—does; anugati—following; rādhā-kṛṣṇa—of Rādhā and Kṛṣṇa; kuñja-sevā—of service in the kuñjas, or gardens, of Vṛndāvana; sādhya—the goal; sei pāya—he gets; sei—that; sādhya—achievement; pāite—to receive; āra—other; nāhika—there is not; upāya—means.","The pastimes of Rādhā and Kṛṣṇa are very confidential and cannot be understood through the mellows of servitude, fraternity or parental affection. In truth, only the gopīs have the right to appreciate these transcendental pastimes, and it is only by them that these pastimes can be expanded. Without the gopīs, these pastimes between Rādhā and Kṛṣṇa cannot be nourished. Only by their cooperation are such pastimes broadcast. It is their buisness to taste rasa (the mellows of love). One cannot enter into these pastimes without the help of the gopīs. Only one who does bhajana in the mood of the gopīs, following in their footsteps, can engage in the service of Śrī Śrī Rādhā-Kṛṣṇa in the leafy groves of Vṛndāvana. Only then can one understand the conjugal love between Rādhā and Kṛṣṇa. There is no other procedure."
1059, Other Ślokas,22.23,,"ataeva gopī-bhāva kari aṅgīkāra
 rātri-dina cinte rādhā-kṛṣṇera vihāra
 siddha-dehe cinti' kare tāhāṅ niṣevana
 sakhī-bhāve pāya rādhā-kṛṣṇera caraṇa",CC Mad 8.228-229,ataeva—therefore; gopī-bhāva—the loving mood of the gopīs; kari—making; aṅgīkāra—acceptance; rātri-dina—day and night; cinte—one meditates; rādhā-kṛṣṇera—of Rādhā and Kṛṣṇa; vihāra—the pastimes; siddha-dehe—in the perfected spiritual body; cinti'—by meditating; kare—does; tāhāṅ—in the spiritual world; niṣevana—service; sakhī-bhāve—in mood of the gopīs; pāya—gets; rādhā-kṛṣṇera—of Rādhā and Kṛṣṇa; caraṇa—the lotus feet.,"Therefore one should accept the mood of the gopīs in their service. In such a transcendental mood, one should always think of the pastimes of Śrī Rādhā and Kṛṣṇa. After meditating on Rādhā and Kṛṣṇa and Their pastimes for a long time in the internally conceived spiritual body (siddha-deha), one attains the opportunity to serve the lotus feet of Rāhā-Kṛṣṇa as one of the vraja-gopīs."
1060, Other Ślokas,22.24,,"rasāsāra-susārorur / asurāriḥ sasāra saḥ
 saṁsārāsir asau rāse / suriraṁsuḥ sa-sārasaḥ",Stava mala,rasa—of nectar; āsāra—shower; susāra—broad; uruḥ—thighs; asura—of the demons; ariḥ—the enemy; sasāra—went; saḥ—He; saṁsāra—for the cycle of repeated birth and death; asiḥ—a sword; asau—He; rāse—in the rāsa dance; suriraṁsuḥ—filled with amorous desires; sa—with; sārasaḥ—a lotus.,"The Lord, who is a shower of nectar, whose thighs are broad, who kills the demons, and who with a sword cuts the cycle of repeated birth and death, holding a lotus flower, and filled with transcendental amorous desire, entered the rāsa dance."
1061, Other Ślokas,22.25,,"carcoru-rocir uccorā / ruciro 'raṁ carācare
 caurācāro 'cirāc cīraṁ / rucā cārur acūcurat",Stava mala,carcā—with ointments; uru—very; rociḥ—splendid; ucca—a broad; urā—chest; ruciraḥ—handsome; aram—very; cara-acare—in the world of moving and non-moving beings; caura—of theft; ācāraḥ—activities; acirāc—quickly; cīram—the garments; rucā—with splendor; cāruḥ—handsome; acūcurat—stole.,"The Lord, who is splendidly anointed with sandal paste, whose chest is broad, and who is the most handsome person in the world of moving and nonmoving creatures, became the thief that gracefully stole the gopīs' garments."
1062, Other Ślokas,22.26,,"dhare dharādhara-dharaṁ / dhārādhara-dhurā-rudham
 dhīra-dhīr ārarādhādhi- / rodhaṁ rādhā dhurandharam",Stava mala,dhare—on the hill; dharādhara—of the hill; dharam—the holder; dhārādhara—of the rainclouds; dhurā—the burden; rudham—holding back; dhīra—steady; dhīḥ—at heart; ārarādha—worshiped; ādhi—distress at heart; rodham—stopping; rādhā—Rādhā; dhurandharam—the protector of the devotees.,"On the hill earnest Rādha worshiped the Supreme Lord, who lifted Govardhana Hill, checked the devastating rain, and stopped the anguish of the devotees."
1063, Other Ślokas,22.27,,"ninunnānonanaṁ nūnaṁ / nānūnonnānano 'nuniḥ
 nānenānaṁ ninun nenaṁ / nānaun nānānano nanu",Stava mala,"ninunnānonanam—Lord Kṛṣṇa, the killer of Śakaṭāsura; nūnam—certainly; nānūna—completely; unna—full of tears; ānanaḥ—face; anuniḥ—trying to pacify; nānā—various; inānam—of the demigods; ninun—impelled; na—not; inam—Lord Kṛṣṇa; na—not; anaun—offered prayers; nānā-ānanaḥ—many-headed Lord Brahmā; nanu—indeed.","Did not Lord Brahmā, tears streaming down his face, recite many prayers, trying to pacify Lord Kṛṣṇa, the killer of Śakaṭāsura?"
1064, Other Ślokas,22.28,,"kṛṣṇa-vaktrāmbujocchiṣṭaṁ
 prasādaṁ param ādarāt
 dattaṁ dhaniṣṭhayā devi
 kim āneṣyāmi te 'grataḥ",Śrī Vilāpa-kusumāñjaliḥ 48,"kṛṣṇa—of Lord Kṛṣṇa; vaktra—mouth; ambuja—lotus; ucchiṣṭam—left; prasādam—mercy, offered food; param—great; ādarāt—with respect; dattam—placed; dhaniṣṭhayā—by Dhaniṣṭhā; devi—O queen; kim—whether?; āneṣyāmi—I will bring; te—of You; agrataḥ—into the presence.","O devi! When will I place before You the prasādam remnants from the lotus mouth of Lord Kṛṣṇa, that were most diligently brought to me by Dhaniṣṭhā?"
1065, Other Ślokas,22.29,,"nānā-vidhair amṛta-sāra-rasāyanais taiḥ
 kṛṣṇa-prasāda-militair iha bhojya-peyaiḥ
 hā kuṅkumāṅgi lalitādi-sakhī-vṛtā tvaṁ
 yatnān mayā kim u tarām upabhojanīyā",Śrī Vilāpa-kusumāñjaliḥ 49,nānā—various; vidhaiḥ—kinds; amṛta—than nectar; sāra—better; rasāyanaiḥ—with nectar; taiḥ—with them; kṛṣṇa—of Lord Kṛṣṇa; prasāda—with the prasādam; militaiḥ—mixed; iha—here; bhojya—to be eaten; peyaiḥ—to be drank; hā—O!; kuṅkuma-aṅgi—girl whose limbs are decorted with kuṅkuma; lalitādi—headed by Lalitā; sakhī—by the gopī friends; vṛtā—accompanied; tvam—You; yatnān—with great endeavor; mayā—by me; kim—whether?; u—indeed; tarām—more; upabhojanīyā—to be enjoyed.,"O Kuṅkumāṅgi (She whose limbs are anointed with kuṅkuma), when will I very lovingly feed You, Lalitā, and Your other sakhīs nectar drinks and varieties of ambrosial foodstuffs mixed with the nectar of Kṛṣṇa's lips?"
1066, Other Ślokas,22.3,,"koṭi-amṛta-svāda pāñā prabhura camatkāra
 sarvāṅge pulaka, netre vahe aśru-dhāra",CC Antya 16.93,koṭi—millions upon millions; amṛta—nectar; svāda—taste; pāñā—getting; prabhura—of Śrī Caitanya Mahāprabhu; camatkāra—great satisfaction; sarva-aṅge—all over the body; pulaka—standing of the hair; netre—from the eyes; vahe—flows; aśru-dhāra—a stream of tears.,"To Śrī Caitanya Mahāprabhu the prasādam tasted millions upon millions of times better than nectar, and thus He was fully satisfied. The hair all over His body stood on end, and incessant tears flowed from His eyes."
1067, Other Ślokas,22.31,,"ei dravye eta svāda kāhāṅ haite āila?
 kṛṣṇera adharāmṛta ithe sañcārila'",CC Antya 16.94,ei dravye—in these ingredients; eta—so much; svāda—taste; kāhāṅ—where; haite—from; āila—has come; kṛṣṇera—of Lord Kṛṣṇa; adhara-amṛta—nectar from the lips; ithe—in this; sañcārila—has spread.,"Śrī Caitanya Mahāprabhu considered, ""Where has such a taste in this prasādam come from? Certainly it is due to its having been touched by the nectar of Kṛṣṇa's lips."""
1068, Other Ślokas,22.32,,"tanu-mana karāya kṣobha,  bāḍāya surata-lobha,
 harṣa-śokādi-bhāra vināśaya
 pāsarāya anya rasa,  jagat kare ātma-vaśa,
 lajjā, dharma, dhairya kare kṣaya
 nāgara, śuna tomāra adhara-carita
 mātāya nārīra mana,  jihvā kare ākarṣaṇa,
 vicārite saba viparīta",CC Antya 16.122-123,tanu—body; mana—mind; karāya—cause; kṣobha—agitation; bāḍāya—increase; surata-lobha—lusty desires for enjoyment; harṣa—of jubilation; śoka—lamentation; ādi—and so on; bhāra—burden; vināśaya—destroy; pāsarāya—cause to forget; anya rasa—other tastes; jagat—the whole world; kare—make; ātma-vaśa—under their control; lajjā—shame; dharma—religion; dhairya—patience; kare kṣaya—vanquish; nāgara—O lover; śuna—hear; tomāra—Your; adhara—of lips; carita—the characteristics; mātāya—madden; nārīra—of women; mana—mind; jihvā—tongue; kare ākarṣaṇa—attract; vicārite—considering; saba—all; viparīta—opposite.,"""My dear lover,"" Lord Caitanya said in the mood of Śrīmatī Rādhārāṇī, ""let Me describe some of the characteristics of Your transcendental lips. They agitate the mind and body of everyone, they increase lusty desires for enjoyment, they destroy the burden of material happiness and lamentation, and they make one forget all material tastes. The whole world falls under their control. They vanquish shame, religion and patience, especially in women. Indeed, they inspire madness in the minds of all women. Your lips increase the greed of the tongue and thus attract it. Considering all this, We see that the activities of Your transcendental lips are always paradoxical."
1069, Other Ślokas,22.33,,"prasāde sarva-duḥkhānāṁ / hānir asyopajāyate
 prasanna-cetaso hy āśu / buddhiḥ paryavatiṣṭhate",BG 2.65,"prasāde—on attainment of mercy; hāniḥ—diminished, dispelled; sarva duḥkhānām—all miseries; upajāyate—takes place; buddhiḥ—(the) intelligence; asya—of such a man; prasanna-cetasaḥ—whose mind is content; hi—certainly; āśu—very soon; paryavatiṣṭhate—becomes fixed in all respects, properly situated.","Upon attaining Śrī Kṛṣṇa's mercy (His prasāda remnants), all sufferings are dispelled. As a rsult, one's consciousness becomes clear and enlivened, and one's intelligence becomes properly situated (on attaining his desired spiritual gaol)."
1070, Other Ślokas,22.34,Prasāda-sevayā,"bhāi-re! śarīra avidyā-jāla, jaḍendriya tāhe kāla,
 jīve phele viṣaya-sāgare
 tāra madhye jihvā ati, lobhamaya sudurmati,
 tāke jetā kaṭhina saṁsāre (1)
 kṛṣṇa baḍa dayāmaya, karibāre jihvā jaya,
 sva-prasāda-anna dila bhāi
 sei annāmṛta pāo, rādhā-kṛṣṇa-guṇa-gāo,
 preme ḍāko caitanya-nitāi (2)", Gītāvalī,,"O brothers! This material body is a place of ignorance, and the senses are a network of paths leading to death. The senses cast the soul into this ocean of material sense-enjoyment, and of all the senses, the tongue is most voracious and uncontrollable; it is very difficult to conquer the tongue in this world. O brothers! Lord Kṛṣṇa is very kind to us and has given us such nice prasāda just to control the tongue. Now let us take this prasāda to our full satisfaction and glorify Śrī Śrī Rādhā-Kṛṣṇa, and in love call for the help of Caitanya Mahāprabhu and Nityānanda Prabhu."
1071, Other Ślokas,22.35,Real liberation means to be established in one's svarupa,muktir hitvānyathā rūpaṁ sva-rūpeṇa vyavasthitiḥ,SB 2.10.6,"muktiḥ—liberation; hitvā—giving up; anyathā—otherwise; rūpam—form; sva-rūpeṇa—in one's spiritual, constitutional form; vyavasthitiḥ—permanent situation, eternal position.","Real liberation means realizing one's svarūpa and being established in one's nitya-sevā [In other words, one is not liberated upon leaving this body if he takes another body, nor if he simply doesn't take another form. Real liberation is when one enters, by loving devotional service, into the spiritual world]."
1072, Other Ślokas,22.36,,"tāra madhye mokṣa-vāñchā kaitava-pradhāna
 yāhā haite kṛṣṇa-bhakti haya antardhāna",CC Ādi 1.92,tāra—of them; madhye—in the midst; mokṣa-vāñchā—the desire to merge into the Supreme; kaitava—of cheating processes; pradhāna—the chief; yāhā haite—from which; kṛṣṇa-bhakti—devotion to Lord Kṛṣṇa; haya—becomes; antardhāna—disappearance.,"The foremost process of cheating is to desire to achieve liberation by merging into the Supreme, for this causes the permanent disappearance of loving service to Kṛṣṇa."
1073, Other Ślokas,22.37,,kathā mukti-vyāghryā na śṛṇu kila sarvātma-gilaṇīḥ,Śrī Manaḥ-śikṣā 4 (2nd line),kathā—talk; mukti—of impersonal liberation; vyāghryā—the tigress; na—don't; śṛṇu—hear; kila—unequivocally; sarva-ātma-gilaṇīḥ—devouring your very soul.,"You must unequivocally give up hearing all talk of liberation which, like a tigress, devours your very soul."
1074, Other Ślokas,22.38,,"kaivalyaṁ narakāyate tri-daśa-pūr ākāśa-puṣpāyate
 durdāntendriya-kāla-sarpa-paṭalī protkhāta-daṁṣṭrāyate
 viśvaṁ pūrṇa-sukhāyate vidhi-mahendrādiś ca kīṭāyate
 yat kāruṇya-kaṭākṣa-vaibhavavatāṁ taṁ gauram eva stumaḥ",Caitanya-candrāmṛta 5,"kaivalyam—the pleasure of merging into the existence of Brahman; narakāyate—is considered hellish; tri-daśa-pūr—the heavenly planets; ākāśa-puṣpāyate—something imaginary, like a flower in the sky; durdānta—formidable; indriya—the senses; kāla-sarpa—venomous snake; paṭalī—multitude; protkhāta—extracted; daṁṣṭrāyate—teeth; viśvam—the material world; pūrṇa—completely; sukhāyate—happy; vidhi—Lord Brahmā; mahendra—Indra, the king of heaven; ādiḥ—the demigods; ca—and; kīṭāyate—become like an insect; yat—of whom; kāruṇya—mercy; kaṭākṣa—glance; vaibhavavatām—of the most confidential devotee; tam—unto; gauram—Lord Caitanya Mahāprabhu; eva—certainly; stumaḥ—glorify.","For a devotee, the pleasure of merging into the existence of Brahman is considered hellish. Similarly, he considers promotion to heavenly planets just another kind of phantasmagoria. The yogīs meditate for sense control, but for the devotee the senses appear like serpents with broken teeth. The whole material world appears joyful for a devotee, and even great personalities like Lord Brahmā and Lord Indra are considered no better than insects. Such is the position of a devotee who has received but a small glance of the mercy of Śrī Caitanya Mahāprabhu. Unto this most magnanimous personality I offer my respectful obeisances."
1075, Other Ślokas,22.39,,"advaita-vīthī-pathikair upāsyāḥ
 svānanda-siṁhāsana-labdha-dīkṣāḥ
 śaṭhena kenāpi vayaṁ haṭhena
 dāsī-kṛtā gopa-vadhū-viṭena",Bilvamaṅgala Ṭhākura,advaita-vīthī—of the path of monism; pathikaiḥ—by the wanderers; upāsyāḥ—worshipable; sva-ānanda—of self-realisation; siṁha-āsana—on the throne; labdha-dīkṣāḥ—being initiated; śaṭhena—by a cheater; kena-api—some; vayam—I; haṭhena—by force; dāsī-kṛtā—made into a maidservant; gopa-vadhū-viṭena—by a boy engaged in joking with the gopīs.,"""Although I was worshiped by those on the path of impersonal liberation and initiated into self-realisation through the yoga system, I have nonetheless been forcibly turned into a maidservant by some cunning boy who is always joking with the gopīs.'"""
1076, Other Ślokas,22.4,,"bhaja govindaṁ bhaja govindaṁ bhaja govindaṁ mūḍha-mate
 samprāpte sannihite kāle na hi na hi rakṣati dukṛñ-karaṇe",Śaṅkarācārya,bhaja—just worship; govindam—Govinda; mūḍha-mate—O fool; samprāpte—attained; sannihite—placed; kāle—when the time; na—not; hi—indeed; rakṣati—protects; dukṛn-karaṇe—the grammatical affix dukṛn.,"You fools and rascals, all your grammatical word jugglery of suffixes, prefixes and philosophical speculation will not save you at the time of death. Just worship Govinda! Worship Govinda! Worship Govinda!"
1077, Other Ślokas,22.41,The soul is eternal; the jīva's individuality is never lost,"na tv evāhaṁ jātu nāsaṁ / na tvaṁ neme janādhipāḥ
 na caiva na bhaviṣyāmaḥ / sarve vayam ataḥ param",BG 2.12,na—never; tu—but; eva—certainly; aham—I; jātu—at any time; na—did not; āsam—exist; na—not; tvam—you; na—not; ime—all these; jana-adhipāḥ—kings; na—never; ca—also; eva—certainly; na—not; bhaviṣyāmaḥ—shall exist; sarve vayam—all of us; ataḥ param—hereafter.,"Never was there a time when I did not exist, nor you, nor all these kings; nor in the future shall any of us ever cease to be."
1078, Other Ślokas,22.42,,"nātyantikaṁ vigaṇayanty api te prasādaṁ
 kimv anyad arpita-bhayaṁ bhruva unnayais te
 ye 'ṅga tvad-aṅghri-śaraṇā bhavataḥ kathāyāḥ
 kīrtanya-tīrtha-yaśasaḥ kuśalā rasa-jñāḥ",SB 3.15.48,na—not; ātyantikam—liberation; vigaṇayanti—care for; api—even; te—those; prasādam—benedictions; kim u—what to speak; anyat—other material happinesses; arpita—given; bhayam—fearfulness; bhruvaḥ—of the eyebrows; unnayaiḥ—by the raising; te—Your; ye—those devotees; aṅga—O Supreme Personality of Godhead; tvat—Your; aṅghri—lotus feet; śaraṇāḥ—who have taken shelter; bhavataḥ—Your; kathāyāḥ—narrations; kīrtanya—worth chanting; tīrtha—pure; yaśasaḥ—glories; kuśalāḥ—very expert; rasa-jñāḥ—knowers of the mellows or humors.,"Persons who are very expert and most intelligent in understanding things as they are engage in hearing narrations of the auspicious activities and pastimes of the Lord, which are worth chanting and worth hearing. Such persons do not care even for the highest material benediction, namely liberation, to say nothing of other less important benedictions like the material happiness of the heavenly kingdom."
1079, Other Ślokas,22.43,Paramānanda is far superior to Brahmānanda,"yā nirvṛtis tanu-bhṛtāṁ tava pāda-padma-
 dhyānād bhavaj-jana-kathā-śravaṇena vā syāt
 sā brahmaṇi sva-mahimany api nātha mā bhūt
 kiṁ tv antakāsi-lulitāt patatāṁ vimānāt",SB 4.9.10,yā—that which; nirvṛtiḥ—bliss; tanu-bhṛtām—of the embodied; tava—Your; pāda-padma—lotus feet; dhyānāt—from meditating upon; bhavat-jana—from Your intimate devotees; kathā—topics; śravaṇena—by hearing; vā—or; syāt—comes into being; sā—that bliss; brahmaṇi—in the impersonal Brahman; sva-mahimani—Your own magnificence; api—even; nātha—O Lord; mā—never; bhūt—exists; kim—what to speak of; tu—then; antaka-asi—by the sword of death; lulitāt—being destroyed; patatām—of those who fall down; vimānāt—from their airplanes.,"My Lord, the transcendental bliss derived from meditating upon Your lotus feet or hearing about Your glories from pure devotees is so unlimited that it is far beyond the stage of brahmānanda, wherein one thinks himself merged in the impersonal Brahman as one with the Supreme. Since brahmānanda is also defeated by the transcendental bliss derived from devotional service, then what to speak of the temporary blissfulness of elevating oneself to the heavenly planets, which is ended by the separating sword of time? Although one may be elevated to the heavenly planets, he falls down in due course of time."
1080, Other Ślokas,22.44,Liberation is insignificant compared to hearing hari-kathā from a sādhu,"na kāmaye nātha tad apy ahaṁ kvacin
 na yatra yuṣmac-caraṇāmbujāsavaḥ
 mahattamāntar-hṛdayān mukha-cyuto
 vidhatsva karṇāyutam eṣa me varaḥ",SB 4.20.24,na—not; kāmaye—do I desire; nātha—O master; tat—that; api—even; aham—I; kvacit—at any time; na—not; yatra—where; yuṣmat—Your; caraṇa-ambuja—of the lotus feet; āsavaḥ—the nectarean beverage; mahat-tama—of the great devotees; antaḥ-hṛdayāt—from the core of the heart; mukha—from the mouths; cyutaḥ—being delivered; vidhatsva—give; karṇa—ears; ayutam—one million; eṣaḥ—this; me—my; varaḥ—benediction.,"O Lord, I do not want liberation. I receive no pleasure in hearing any topic other than the glorious narrations of the nectar of Your lotus feet. This nectar emanates from the mouths of saintly persons from deep within their hearts. I beg only for the boon that You will give me ten thousands ears with which I can always hear the sweetness of Your pastimes."
1081, Other Ślokas,22.45,,"na nāka-pṛṣṭhaṁ na ca pārameṣṭhyaṁ
 na sārva-bhaumaṁ na rasādhipatyam
 na yoga-siddhīr apunar-bhavaṁ vā
 samañjasa tvā virahayya kāṅkṣe",SB 6.11.25,"na—not; nāka-pṛṣṭham—the heavenly planets or Dhruvaloka; na—nor; ca—also; pārameṣṭhyam—the planet on which Lord Brahmā resides; na—nor; sārva-bhaumam—sovereignty of the whole earthly planetary system; na—nor; rasā-ādhipatyam—sovereignty of the lower planetary systems; na—nor; yoga-siddhīḥ—eight kinds of mystic yogic power (aṇimā, laghimā, mahimā, etc.); apunaḥ-bhavam—liberation from rebirth in a material body; vā—or; samañjasa—O source of all opportunities; tvā—You; virahayya—being separated from; kāṅkṣe—I desire.","O source of all good fortune, I have no desire to have a position of great sovereignty like that of Dhruva or Brahmā, or rulership over the Earth; nor do I desire aṇimā or any other mystic perfections. I do not even want liberation, if attaining it means I would have to give You up."
1082, Other Ślokas,22.46,,"hari-bhakti-mahādevyāḥ sarvā muktyādi-siddhayaḥ
 bhuktayaś cādbhutās tasyāś ceṭikāvad anuvratāḥ",Nārada-pañcarātra,,"Sālokya and the five kinds of muktis, the eight siddhis, omniscience, the post of Indra and the post of Brahmā are all maidservants of Hari-bhakti Mahādevī. So wherever she is present, her maidservants like bhuktis, siddhis, and muktis automatically appear there with folded hands waiting for her orders."
1083, Other Ślokas,22.47,,"yathā duṣṭatvam me davayati śaṭhasyāpi kṛpayā
 yathā mahyam premāmṛtam api dadāty ujjvalam asau
 yathā śrī-gāndharvā-bhajana-vidhaye prerayati māṁ
 tathā goṣṭhe kākvā giridharam iha tvam bhaja manaḥ (8)",Manah siksha,yathā—so that; duṣṭatvam—wickedness; me—my; davayati—drives away; śaṭhasyāpi—although (Ī am) corrupt; kṛpayā— mercifully; yathā—so that; mahyam—to me; premāmṛtam—nectar of divine love; api—also; dadāti—He gives; ujjvalam—the radiant; asau—He; yathā—(and) so that; śrī-gāndharvā—of Śrīmatī Rādhikā; bhajana-vidhaye—in the service; prerayati—He impels; mām—me; tathā—in such a manner; goṣṭhe-in Vraja; kākvā-with humble words; giridharam-Śrī Giridhārī; iha-here; tvam-you; bhaja-worship; manaḥ-O mind.,"(By the association of sādhus, hlādinī-śakti is transmitted into the sādhaka's heart, dispels all corruption and brings about the highest perfection. But that type of sādhu-saṅga is not easily available.) Therefore, O mind, with utter humility and grief-stricken words, just worship Śrī Giridhārī Kṛṣṇa in such a way that He will become pleased with me. By His causeless mercy He will remove my wickedness, bestow the nectar of His supremely radiant prema, and confer upon me the inspiration to worship Śrīmatī Rādhikā."
1084, Other Ślokas,22.48,,"samam śrī-rūpeṇa smara-vivaśa-rādhā-giribhṛtor
 vraje sākṣāt-sevā-labhana-vidhaye tad-gaṇa-yujoḥ
 tad-ijyākhyā-dhyāna-śravaṇa-nati-pañcāmṛtam idaṁ
 dhayan nityā govardhanam anudinam tvam bhaja manaḥ (11)",Manah siksha,samam—in accordance with; śrī—rūpeṇa—Śrīla Rupa Gosvami; smara—with amorous love; vivaśa—overwhelmed; rādhā—giribhṛtoḥ—Śrī Śrī Rādha—Giridhārī; vraje—in Vraja; sākṣāt—the direct; sevā—service; labhana—obtaining;vidhaye—for the method; tad—gaṇa—yujoḥ—along with Their associates; tad—ijya— (by) worshiping Them; akhyā—chanting Their names; dhyāna—meditating; śravaṇa—hearing; nati—and bowing down; pañca—five; amṛtam—nectars; idam—this; dhayan—drinking; nityā—eternal; govardhanam—Śrī Govardhana; anudinam—every day; tvam—you; bhaja—worship; manaḥ—O mind.,"(Now the method of performing very deep and confidential bhajana is being explained) O my dear mind, in order to obtain the direct service of Śrī Śrī Rādhā-Giridhārī, who are always entranced by amorous desire, and the service of Their eternal associates in Vraja, one should drink the pañcāmṛta of service to Them in accordance with the method prescribed by Śrī Rūpa Gosvāmī. This pañcāmṛta is ambrosial nectar comprised of the following five ingredients: worship of Śrī Yugala (arcana), chanting the glories of Their transcendental names, forms, qualities and pastimes (saṅkīrtana), meditating upon Them (dhyāna), hearing the glories of Their names, forms, qualities and pastimes (śravaṇa), and offering praṇāma unto Them. In addition, one should worship Śrī Govardhana daily in accordance with the precepts of bhakti."
1085, Other Ślokas,22.49,,"manaḥ-śikṣā-daikādaśaka-varam etan madhurayā
 girā gāyaty uccaiḥ samadhi-gata-sarvārtha-tati yaḥ
 sa-yūthaḥ śrī-rūpānuga iha bhavan gokula-vane
 jano rādhā-kṛṣṇātula-bhajana-ratnaṁ sa labhate (12)",Manah siksha,manaḥ—to the mind; śikṣā—instructions; da—giving; ekādaśaka—eight verses; varam—excellent; etan—these; madhurayā—with a sweet; girā—voice; gāyati—sings; uccaiḥ—aloud; samadhigata—having thoroughly understood; sarva—all; artha-tati—the many meanings; yaḥ—who; sa-yūthaḥ—with associates; śrī-rūpānugaḥ—follower of Śrīla Rupa Gosvami; iha—here; bhavan—becomes; gokula-vane—in this Gokula Forest; janaḥ—person; rādhā-kṛṣṇa—unto Rādhā-Kṛṣṇa; atula—incomparable; bhajana—worship; ratnam—jewel; saḥ—he; labhate—attains.,"(While instructing his own mind, Śrī Raghunātha Dāsa Gosvāmī offers the following benediction in order to inspire other devotees to study and recite this stotra known as Manaḥ-Śikṣā) Anyone who, adopting the line of Śrī Rūpa Gosvāmī and his followers, takes up residence in Gokula-vana (in Śrī Vraja-maṇḍala near Śrī Govardhana) and loudly sings these eleven excellent instructions to the mind in a melodious voice with full understanding of their meaning, will certainly obtain the matchless gem of worshipping Śrī Śrī Rādhā-Kṛṣṇa."
1086, Other Ślokas,22.5,Śrī Nṛsiṁha Vandanā,"śrī-nṛsiṁha, jaya nṛsiṁha, jaya jaya nṛsiṁha
 prahlādeśa jaya padmā-mukha-padma-bhṛṅga",CC Mad 8.5,śrī-nṛsiṁha—Lord Nṛsiṁha with Lakṣmī; jaya nṛsiṁha—all glories to Lord Nṛsiṁha; jaya jaya—again and again glories; nṛsiṁha—to Nṛsiṁhadeva; prahlāda-īśa—to the Lord of Prahlāda Mahārāja; jaya—all glories; padmā—of the goddess of fortune; mukha-padma—of the lotuslike face; bhṛṅga—the bee.,"""'All glories to Nṛsiṁhadeva! All glories to Nṛsiṁhadeva, who is the Lord of Prahlāda Mahārāja and, like a honeybee, is always engaged in beholding the lotus-like face of the goddess of fortune.'"
1087, Other Ślokas,22.52,,"prahlāda-hṛdayāhlādaṁ bhaktāvidyā-vidāraṇam
 śarad-indu-ruciṁ vande pārīndra-vadanaṁ harim",Śrīdhara Swāmī,,"Let me offer my obeisances unto Lord Nṛsiṁhadeva, who is always enlightening Prahlāda Mahārāja within his heart and who always kills the nescience that attacks the devotees. His mercy is distributed like moonshine, and His face is like that of a lion. Let me offer my obeisances unto Him again and again."
1088, Other Ślokas,22.54,O my Lord! May there be no material desires within the core of my heart,"yadi dāsyasi me kāmān / varāṁs tvaṁ varadarṣabha
 kāmānāṁ hṛdy asaṁrohaṁ / bhavatas tu vṛṇe varam",SB-7.10.7,"yadi—if; dāsyasi—want to give; me—me; kāmān—anything desirable; varān—as Your benediction; tvam—You; varada-ṛṣabha—O Supreme Personality of Godhead, who can give any benediction; kāmānām—of all desires for material happiness; hṛdi—within the core of my heart; asaṁroham—no growth; bhava taḥ—from You; tu—then; vṛṇe—I pray for; varam—such a benediction.","[Prahlāda Mahārāja to Lord Nṛsiṁhadeva:] O my Lord, best of the givers of benediction, if You at all want to bestow a desirable benediction upon me, then I pray from Your Lordship that within the core of my heart there be no material desires."
1089, Other Ślokas,22.55,,"ugro 'py anugra evāyaṁ / sva-bhaktānāṁ nṛ-keśarī
 keśarīva sva-potānām / anyeṣāṁ ugra-vikramaḥ",CC Mad 8.6,ugraḥ—ferocious; api—although; anugraḥ—not ferocious; eva—certainly; ayam—this; sva-bhaktānām—to His pure devotees; nṛ-keśarī—having the body of a human being and a lion; keśarī iva—like a lioness; sva-potānām—to her young cubs; anyeṣām—to others; ugra—ferocious; vikramaḥ—whose strength.,"Although very ferocious, the lioness is very kind to her cubs. Similarly, although very ferocious to nondevotees like Hiraṇyakaśipu, Lord Nṛsiṁhadeva is very, very soft and kind to devotees like Prahlāda Mahārāja."
1090, Other Ślokas,22.56,"Turning ordinary water into sacred, Ganga water for bathing Tulasī","gaṅge ca yamune caiva
 godāvarī sarasvatī
 narmade sindho kāverī
 jale 'smin sannidhim kuru",,"gaṅgā, yamunā, godāvarī, sarasvatī, narmadā, sindhuḥ, kāverī rivers; jale—water; asmin—in this; sannidhim—your residence; kuru—make.","O holy rivers, kindly come and reside in this water."
1091, Other Ślokas,22.57,The mantra for bathing Tulasī devī,"govinda-vallabhāṁ devīṁ
 bhakti-caitanya-kāriṇīṁ
 snāpayāmi jagad-dhātrīṁ
 kṛṣṇa-prema-pradāyinīm",BRSB p. 65,"govinda vallabhāṁ—Govinda's beloved; devīm—Vṛnda devī; bhakti caitanya—the life of bhakti; kārinīm—(she) is the cause; snāpayāmi—let me give bath; jagad-dhātrīm—mother, nurse, one who nourishes; kṛṣṇa-prema—Kṛṣṇa prema; prādayinīm—she who bestows.","O Devi, I am bathing you who are very dear to Govinda, who gives life to the devotees [or who is the life of bhakti], who are the mother of the entire world and who bestows kṛṣṇa-prema."
1092, Other Ślokas,22.58,The mantra for picking tulasī leaves and mañjarīs,"tulasy amṛta-janmāsi / sadā tvaṁ keśava-priyā
 keśavārthe cinomi tvāṁ / varadā bhava śobhane",Arcana Dipika p. 32,,"O Tulasī born of nectar. You are always very dear to Lord Keśava. I am picking your leaves only for the sake of His worship. O bestower of benedictions, O beautiful one, please bestow spiritual benedictions upon me."
1093, Other Ślokas,22.59,"After picking leaves, recite the prayer begging for forgiveness","cayanod bhava-duḥkhaṁ ca / yad hṛdi tava vartate
 tat kṣamasva jagan-mātaḥ / vṛndā-devi namo 'stu te",Arcana Dipika p. 32,,"O mother of the universe, please forgive me if I have caused you any pain by picking your leaves. O Vṛnda-devī, I offer my humble obeisances unto you."
1094, Other Ślokas,22.6,Tulasi pūjā-mantraḥ,"nirmitā tvaṁ purā devair/arcitā tvaṁ surāsuraiḥ
 tulasi hara me 'vidyāṁ/pūjāṁ gṛhna namo 'stu te",Śri Hari-bhakti-vilāsa 8.1.101,pūjā—for worship; mantraḥ—the mantra; nirmitā—created; tvam—you; purā—before; devaiḥ—by the demigods; arcitā—worshiped; tvam—you; surāsuraiḥ—by the suras and asuras; tulasi—O Tulasī; hara—please remove; me—of me; pāpam—the sin; pūjām—worship; gṛhṇa—please accept; namaḥ—obeisances; astu—are; te—unto you.,"You came into being long ago, and are worshipped by demigods and demons alike. O Tulasī, my obeisance unto you. Kindly dispel my ignorance and accept my worship."
1095, Other Ślokas,22.61,Tulasī-praṇāma,"yā dṛṣṭā nikhilāgha-saṅgha-śamanī spṛṣtā vapuḥ pāvanī
 rogānām abhivanditā nirasanī siktā 'ntaka-trāsinī
 pratyāsatti-vidhāyinī bhagavataḥ kṛṣṇasya saṁropitā
 nyastā tac-caraṇe subhakti-phaladā tasyai tulasyai namaḥ",HBV 9.104,praṇāma-vākyam—words for bowing down; avantī-khaṇḍe—in the Avanti-khanda; yā—who; dṛṣṭā—seen; nikhilāgha—all sins; saṅgha—multitude; śamanī—pacifying; spṛṣṭā—touched; vapuḥ-pāvanī—purifying the body; rogāṇām—of diseases; abhivanditā—bowed down; nirasinī—expellling; siktā—watered; antaka—death; trāsinī—terrifying; pratyāsatti-vidhāyinī—giving nearness; bhagavataḥ—to the Supreme Personality of Godhead; kṛṣṇasya—Lord Kṛṣṇa; samropitā—planted; nyastā—placed; tā-caraṇe—at the feet; vimukti-phaladā—giving liberation; tasyai—to her; tulasyai—Tulasī-devī; namaḥ—obeisances.,"O Tulasī, I offer my respectful obeisances unto you. Simply by seeing you all sins are destroyed. Simply by touching you one's body is purified. By offering obeisances unto you all diseases are driven away. By offering water unto you the fear of death is dispelled. By planting you one obtains proximity to the Lord. By offering you unto the lotus feet of Śrī Kṛṣṇa, one obtains a special type of devotion, the rare fruit of prema-bhakti."
1096, Madhureṇa Samāpayet,23.1,Śrī Yugala-Kiśora Dhyāna,"kanaka-jalada-gātrau nīla-śoṇābja-netrau
 mṛgamada-vara-bhālau mālatī-kunda-mālau
 tarala-taruṇa-veśau nīla-pītāmbareśau
 smara nibhṛta-nikuñje rādhikā-kṛṣṇacandrau",Śrī Nikuñja Rahasya Stava 16,kanaka—gold; jalada—cloud; gātrau—limbs; nīla—blue; śoṇa—and red; abja—lotus; netrau—eyes; mṛga—mada—musk; rasa—sweet; bhālau—foreheads; mālatī—mālatī; kunda—and kunda flowers; mālau—garlands; tarala—restless; taruṇa—youth; veśau—nature; nīla—blue; pīta—and yellow; ambara—garments; īśau—the divine couple; smara—remember; nibhṛta-nikuñje—in the solitary pleasure grove; rādhikā-kṛṣṇa-candrau—the two moons of Śrī Rādhikā and Kṛṣṇa.,"O mind, exclusively meditate on Śrīmatī Rādhikā and Kṛṣṇacandra – Her bodily complexion is like gold and His is like a fresh monsoon cloud; Her eyes are like blue lotus flowers and His like red lotuses; Their foreheads are decorated with musk tilaka; She wears a garland of mālatī flowers around Her neck and He of kuṇḍa flowers; and They are wonderfully decorated in a charming and youthful fashion, She wearing a blue dress and He a yellow garment – as They enjoy Their pastimes in the solitary nikuñja of Vraja."
1097, Madhureṇa Samāpayet,23.2,O Gāndharvikā! Be pleased with me and mercifully grant me darśana of Your and Your beloved Kṛṣṇa's lotus-like faces,"vṛndāvane viharator iha keli-kuñje
 matta-dvipa-pravara-kautuka-vibhrameṇa
 sandarśayasva yuvayor vadanāravinda
 dvandvaṁ vidhehi mayi devi! kṛpāṁ prasīda",Śrī Gāndharvā-Samprārthanāṣṭakam 1,vṛndāvane—in Vṛndāvana; viharatoḥ—enjoying transcendental pastimes; iha—here; keli-kuñje—in the pastimegrove; matta—maddened; dvipa—elephant; pravara—excellent; kautuka—enthusiastic; vibhrameṇa—with pastimes; sandarśayasva—please reveal; yuvayoḥ—of the youthful couple; vadana-aravinda—lotus face; dvandvam—pair; vidhehi—please give; mayi—to me; devi—O queen; kṛpām—mercy; prasīda—please be kind.,"O Devi Rādhikā! You and Śrī Kṛṣṇa are constantly enjoying Your ambrosial amorous pastimes in the leafy pleasure-groves of Vṛndāvana, like the intoxicated king of elephants sporting with his queen elephant. Therefore, O Gāndharvikā! Be pleased with me and mercifully grant me darśana of Your and Your beloved Kṛṣṇa's lotus-like faces."
1098, Madhureṇa Samāpayet,23.3,"O Rādhe, Kṛṣṇa cannot be alone at night, so take Him home with you","meghair meduram ambaraṁ vana-bhuvaḥ śyāmās tamāla-drumair
 naktaṁ bhīrur ayaṁ tvam eva tad imaṁ rādhe gṛhaṁ prāpaya
 itthaṁ nanda-nideśataś calitayoḥ praty-adhva-kuñja-drumaṁ
 rādhā-mādhavayor jayanti yamunā-kūle rahaḥ-kelayaḥ",Śrī Gīta-Govinda 1.1,,"""O Rādhe, all directions are covered by dense and ominous clouds. The forest floor has been cast into darkness by the shadows of blackish tamāla trees. Kṛṣṇa is naturally timid. He cannot be alone at night, so take Him home with you."" Śrī Rādhā turned her face towards the bower of desire trees beside the forestpath and, bewildered by intense joy, she honoured the words of her sakhī. When she arrived on the bank of the Kālindī river, She initiated Her love-play in a secret place. May the sweetness of this confidential pastime of the Divine Couple be victorious by manifesting in the hearts of the devotees."
1099, Madhureṇa Samāpayet,23.4,Kṛṣṇa is the most expert thief,"vraje prasiddhaṁ navanīta-cauraṁ
 gopāṅganānāṁ ca dukūla-cauram
 aneka-janmārjita-pāpa-cauraṁ
 caurāgragaṇyaṁ puruṣaṁ namāmi (1)
 

 śrī rādhikāyā hṛdayasya cauraṁ
 navāmbuda-śyāmala-kānti-cauram
 padāśritānāṁ ca samasta-cauraṁ
 caurāgragaṅyaṁ puruṣaṁ namāmi (2)",Śrī Caurāgragaṇya-Puruṣāṣṭakam,,"I offer praṇāma to that foremost of thieves – who is famous in Vraja as the butterthief and He who steals the gopīs' clothes, and who, for those who take shelter of Him, steals the sins which have accrued over many lifetimes. I offer praṇāma to the king of thieves – who steals Śrīmatī Rādhikā's heart, who steals the dark luster of a fresh raincloud, and who steals all the sins and sufferings of those who take shelter of His feet."
1100, Madhureṇa Samāpayet,23.5,Uttama-śloka Śrī Kṛṣṇa,"vayaṁ tu na vitṛpyāma / uttama-śloka-vikrame
 yac-chṛṇvatāṁ rasa-jñānāṁ / svādu svādu pade pade",SB 1.1.19,"vayam—we; tu—but; na—not; vitṛpyāmaḥ—shall be satisfied; uttama-śloka—Śrī Kṛṣṇa, who is glorified by transcendental ślokas; vikrame—adventures; yat—which; śṛṇvatām—by continuous hearing; rasa—humor; jñānām—those who are conversant with; svādu—relishing; svādu—palatable; pade pade—at every step.","We never tire of hearing the transcendental pastimes of Uttama-śloka Śrī Kṛṣṇa, who is glorified by hymns and prayers. Those who have developed a taste for transcendental relationships with Him relish hearing of His pastimes at every moment."
1101, Madhureṇa Samāpayet,23.6,,"pariniṣṭhito 'pi nairguṇya
 uttama-śloka-līlayā
 gṛhīta-cetā rājarṣe
 ākhyānaṁ yad adhītavān",SB 2.1.9,pariniṣṭhitaḥ—fully realized; api—in spite of; nairguṇye—in transcendence; uttama—transcendental; śloka—verses; līlayā—by the pastimes; gṛhīta—being attracted; cetāḥ—attention; rājarṣe—O saintly King; ākhyānam—delineation; yat—that; adhītavān—I have studied.,"O saintly King, I was certainly situated perfectly in transcendence, yet I was still attracted by narrations of the pastimes of the Lord, who is described by transcendental ślokas."
1102, Madhureṇa Samāpayet,23.7,,"āyur harati vai puṁsām / udyann astaṁ ca yann asau
 tasyarte yat-kṣaṇo nīta / uttama-śloka-vārtayā",SB 2.3.17,āyuḥ—duration of life; harati—decreases; vai—certainly; puṁsām—of the people; udyan—rising; astam—setting; ca—also; yan—moving; asau—the sun; tasya—of one who glorifies the Lord; ṛte—except; yat—by whom; kṣaṇaḥ—time; nītaḥ—utilized; uttama-śloka—the all-good Personality of Godhead; vārtayā—in the topics of.,"Both by rising and by setting, the sun decreases the duration of life of everyone, except one who utilizes the time by discussing topics of Uttama-śloka Śrī Kṛṣṇa."
1103, Madhureṇa Samāpayet,23.8,,"anyonyam āsīt sañjalpa / uttama-śloka-cetasām
 kauravendra-pura-strīṇāṁ / sarva-śruti-mano-haraḥ",SB 1.10.20,"anyonyam—among each other; āsīt—there was; sañjalpaḥ—talking; uttama-śloka—the Supreme, who is praised by selected poetry; cetasām—of those whose hearts are absorbed in that way; kaurava-indra—the king of the Kurus; pura—capital; strīṇām—all the ladies; sarva—all; śruti—the Vedas; manaḥ-haraḥ—attractive to the mind.","Absorbed in the thought of the transcendental qualities of the Lord, who is glorified in poetic ślokas, the ladies on the roofs of all the houses of Hastināpura began to talk of Him. This talk was more attractive than the hymns of the Vedas."
1104, Madhureṇa Samāpayet,23.9,Śrī Navavīpa-dhāma Vandanā,"navīna-śrī-bhaktiṁ nava-kanaka-gaurākṛti-patiṁ
 navāraṇya-śreṇī-nava-sura-sarid-vāta-valitam
 navīna-śrī-rādhā-hari-rasamayotkīrtana-vidhiṁ
 navadvīpaṁ vande nava-karuṇa-mādyan nava-rucim",Śrī Navadvīpa-Śataka,,"I worship Śrī Navadvīpa-dhāma, where Kṛṣṇa appeared in a golden form to bestow that bhakti which had never been given before; where the newly arisen forest is made more beautiful by the flowing Gaṅgā with her gentle, cool breezes; where Śrīmatī Rādhikā and Śrī Hari appeared in a new, combined form to give that kīrtana which is saturated with rasa; where an ever-fresh, new taste (of the original devotional mellow, śṛṅgāra-rasa) is mercifully bestowed."
1105, Madhureṇa Samāpayet,23.1,Śrī Mathura-dhāma Vandanā,"jayati mathurā-devī śreṣṭhā purīṣu mano-ramā
 parama-dayitā kaṁsārāter jani-sthiti-rañjitā
 durita-haraṇān mukter bhakter api pratipādanāj
 jagati mahitā tat-tat-krīḍā-kathāstu vidūrataḥ",Bṛhad Bhagavatāmṛtam 1.1.4,"jayati—all glories; mathurā-devī—to goddess Mathurā-devī; śreṣṭhā—the best; purīṣu—of holy cities; manaḥ-ramā—attractive to the mind; parama-dayitā—most dear; kaṁsa-arāteḥ—to Kṛṣṇa, the enemy of Kaṁsa; jani-sthiti—with His birthplace; rañjitā—adorned; durita—misfortune; haraṇāt—due to dispelling; mukteḥ—of liberation; bhakteḥ—and devotion; api—also; pratipādanāt—due to the providing; jagati—throughout the world; mahitā—acclaimed; tat-tat—various; krīḍā—of His pastimes; kathā—the mentioning; astu—let it remain; vidūrataḥ—distant.","All glories to goddess Mathurā-devī, the best of holy cities! She enchants the mind, she is most dear to the enemy of Kaṁsa, and she is adorned with the Lord's birthplace. The city of Mathurā is acclaimed throughout the world for dispelling misery and bestowing liberation and devotion, not to mention the various pastimes the Lord has played there."
1106, Madhureṇa Samāpayet,23.11,Śrī Vṛndāvana-dhāma Vandanā,"jayati jayati vṛndāraṇyam etan murāreḥ
 priyatamam ati-sādhusvānta-vaikuṇṭha-vāsāt
 ramayati sa sadā gāḥ pālayan yatra gopīḥ
 svarita-madhura-veṇur vardhayan prema rāse",Bṛhad Bhāgavatāmṛtm 1.1.5,"jayati jayati—all glories, all glories; vṛnda-araṇyam—to Vṛndāvana forest; etat—this; murāreḥ—of Lord Kṛṣṇa; priya-tamam—most dear; ati—more; sādhu—of elevated saints; sva-anta—in their hearts; vaikuṇṭha—in Vaikuṇṭha; vāsāt—than residing; ramayati—gives pleasure; saḥ—He (Kṛṣṇa); sadā—always; gāḥ—the cows; pālayan—while tending; yatra—where; gopīḥ—to the gopīs; svarita—is sounded; madhura—sweetly; veṇuḥ—whose flute; vardhayan—increasing; prema—pure love; rāse—in the mood of the rāsa dance.","All glories, all glories to this place where we are living, Lord Murāri's Vṛndāvana forest! He prefers residing here to residing in Vaikuṇṭha or in the hearts of elevated saints. In Vṛndāvana, while always tending His cows, He gives pleasure to the gopīs, whose love for Him in the mood of the rāsa dance He increases by sweetly playing His flute."
1107, Madhureṇa Samāpayet,23.12,Taking shelter of Śrī Vṛndāvana dhāma,"śrī-vṛndāvana mama pāvanaṁ tvam eva
 śrī-vṛndāvana mama jīvanaṁ tvam eva
 śrī-vṛndāvana mama bhūṣaṇaṁ tvam eva
 śrī-vṛndāvana mama sad-yaśas tvam eva",Śrī Vṛndāvana-mahimāmṛta,"śrī-vṛndāvana-O Vṛndāvana, the abode of Śrī Rādhikā; mama-my; pāvanaṁ-purifier; tvam-you; eva-indeed; mama-my; jīvanaṁ-life; tvam-you; eva-indeed; mama-my; bhūṣaṇaṁ-ornament; tvam-you; mama-my; sad-yaśaḥ—eternal fame; tvam-you; eva-indeed.","""O Śrī Vṛndāvana, Rādhikā's abode, you are my purity, you are my life and soul, you are my ornament and my eternal fame."""
1108, Madhureṇa Samāpayet,23.13,Lalitāṁ tad-atula-sakhitve smara – Remember Śrī Lalitā as the peerless friend of Śrīmati Rādhikā,"rādhā-mukunda-pada-sambhava-gharma-bindu
 nirmañchanopakaraṇī-kṛta-deha-lakṣām
 uttuṅga-sauhṛda-viśeṣa-vaśāt pragalbhāṁ
 devīṁ guṇaiḥ sulalitāṁ lalitāṁ namāmi (1)",Śrī stava-mālā,rādhā—of Rādhā; mukunda—and Mukunda; pada—from the feet; sambhava—produced; gharma—of perspiration; bindu—drops; nirmañchana—for worship; upakaraṇī—kṛta—become an instrument; deha—lakṣām—whose body; uttuṅga—exalted; sauhṛda—friendship; viśeṣa—specific; vaśāt—because of being controlled; pragalbhāṁ—bold; devīṁ—Devī; guṇaiḥ—with virtues; su—very; lalitāṁ—charming; lalitāṁ—to Lalitā; namāmi—I offer my respectful obeisances.,"I offer praṇāma unto the haughty Śrī Lalitā-devī who is charmingly endowed with many beautiful, sweet qualities (sulalitā). She has natural expertise in all arts (lalitā), thus her sevā self-manifests. She wipes away the glittering drops of perspiration which appear upon the lotus feet of Śrī Rādhā and Mādhava when They meet; and she is perpetually immersed in the most elevated mellow of sauhṛda-rasa, or undivided absorption in fulfilling the heart's desire of her intimate friend Śrīmatī Rādhikā."
1109, Madhureṇa Samāpayet,23.14,Viśākhāṁ śikṣālī-vitaraṇa-gurutve smara – Remember Śrī Viśākhā as one's śikṣā guru. and pray to Her to bestow darśana of and rati for Śrī Rādhā-Kṛṣṇa,"kṣaṇam api tava saṅgaṁ na tyajed eva devī
 tvam asi sama-vayastvān narma-bhūmir yad asyāḥ
 iti sumukhi viśākhe darśayitvā mad-īśāṁ
 mama viraha-hatāyāḥ prāṇa-rakṣāṁ kuruṣva",Śrī Vilāpa-kusumāñjaliḥ 99,"kṣaṇam—for a moment; api—even; tava—Your; saṅgam—company; na—not; tyajed—will leave; eva—indeed; devī—Queen; tvam—You; asi—are; samavayastvān—because of being the same age; narma—of playful, joking pastimes; bhūmiḥ—the realm; yad—which; asyāḥ—of her; iti—thus; sumukhi—O girl with the beautiful face; viśākhe—O Viśākhā; darśayitvā—revealing; mad—my; īśām—queen; mama—of me; viraha—separation; hatāyāḥ—killed; prāṇa—of life; rakṣām—protection; kuruṣva—please do.","""O Sumukhi (beautiful-faced girl)! O Viśākhā! Because you are precisely the same age as my mistress, Śrī Rādhikā, you are the abode of Her playful pastimes. She cannot give up your association even for a moment. I have become extremely agitated and distressed due to separation from Her. Kindly grant me darśana of Her lotus feet and thus preserve my life."""
1110, Madhureṇa Samāpayet,23.15,,"viśākhorasi yā viṣṇor yasyāṁ viṣṇur-jalātmani
 nityaṁ nimajjati prītyā tāṁ saurīṁ yamunāṁ stumaḥ",Manah Siksha 9.4,,"Lord Viṣṇu daily immerses Himself and plays with great pleasure and affection in the water of the Yamun., the liquid form of Viśākhā devī. I offer prayers to Yamunā devī, the daughter of the sun-god Sūrya."
1111, Madhureṇa Samāpayet,23.16,,"viśākhā yamunā-vapur iti vicāreṇa
 yamunā-stutyā tat-stutir, iti vidyābhūṣaṇaḥ",Manah Siksha 9.4,,"Śrī Viśākhā is considered as the vapu or embodiment of Yamunā. Therefore, by offering prayers to Yamunā one automatically offers prayers to Viśākhā."
1112, Madhureṇa Samāpayet,23.17,,"bhrātur antakasya pattane 'bhipatti-hāriṇī
 prekṣayāti-pāpino 'pi pāpa-sindhu-tāriṇī
 nīra-mādhurībhir apy aśeṣa-citta-bandhinī
 māṁ punātu sarvadāravinda-bandhu-nandinī (1)",Śrī Yamunāṣṭakam 1,,"May Yamunā-devī, the daughter of the sun-god Sūrya, always purify me. She saves those who touch her from going to the realm of her brother Yamarāja, and merely seeing her exonerates even greatly wicked people from the ocean of their sinful deeds. The attractiveness of her waters captivates everyone's heart."
1113, Madhureṇa Samāpayet,23.18,Śrī Yamunā Vijñapti,"cidānanda-bhānoḥ sadā nanda-sūnoḥ
 para-prema-pātrī drava-brahma-gātrī
 aghānāṁ lavitrī jagat-kṣema-dhātrī
 pavitrī-kriyān no vapur-mitra-putrī",Padma Purāṇa,cit-ānanda-bhānoḥ—of the direct manifestation of spiritual energy and bliss; sadā—always; nanda-sūnoḥ—of the son of Mahārāja Nanda; para-prema-pātrī—the giver of the highest love; drava-brahma-gātrī—composed of the water of the spiritual world; aghānām—of all sins and offenses; lavitrī—the destroyer; jagat-kṣema-dhātrī—the performer of everything auspicious for the world; pavitrī-kriyāt—kindly purify; naḥ—our; vapuḥ—existence; mitra-putrī—the daughter of the sun-god.,"May Yamunā-devī, the daughter of the Sun-god – who is a reservoir of prema for Śrī Nanda-sūno (son of Nanda), the embodiment of spiritual bliss; whose liquid body is completely transcendental; who forgives sins and offences; and who bestows auspiciousness upon the universe – purify me."
1114, Madhureṇa Samāpayet,23.19,Śrī Yamunā Praṇāma,"gaṅgādi-tīrtha-pariṣevita-pāda-padmāṁ
 goloka-saukhya-rasa-pūramahiṁ mahimnā
 āplāvitākhila-sudhāsu-jalāṁsukhābdhau
 rādhā-mukunda-muditāṁ yamunāṁ namāmi",Padma Purāṇa,,"I offer praṇāmas time and again unto Śrī Yamunā-devī, whose lotus feet are served by the purifying holy places headed by the Gaṅgā, who is glorious due to possessing devotion for Śrī Kṛṣṇa in the mood of mādhurya-rasa, who is the ocean which immerses everyone in the waters of nectarean devotional ecstasy, and who always provides Śrī Rādhā-Mukunda with great happiness."
1115, Madhureṇa Samāpayet,23.2,Śrī Yamunā Vandanā,"jayati taraṇi-putrī dharma-rāja-svasā yā
 kalayati mathurāyāḥ sakhyam atyeti gaṅgām
 mura-hara-dayitā tat-pāda-padma-prasūtaṁ
 vahati ca makarandaṁ nīra-pūra-cchalena",Śrī Bṛhad Bhagavatāmṛtam 1.1.6,jayati—all glories; taraṇi-putrī—to the daughter of the sun-god; dharma-rāja—of the lord of death; svasā—the sister; yā—who; kalayati—has established; mathurāyāḥ—with Mathurā District; sakhyam—friendship; atyeti—who exceeds; gaṅgām—the river Gaṅgā; mura-hara—to the killer of Mura; dayitā—beloved; tat—from His; pāda-padma—lotus feet; prasūtam—which is generated; vahati—she carries; ca—and; makarandam—the nectar; nīra-pūra—a body of water; chalena—on the pretext of being.,"All glories to Śrī Yamunā, the daughter of the sun-god and sister of Yamarāja. She is beloved of Kṛṣṇa, the killer of Mura. She has made friends with Mathurā District and has exceeded the greatness of Gaṅgādevī. On the pretext of being a river, she carries the nectar flowing from Lord Śrī Kṛṣṇa's lotus feet."
1116, Madhureṇa Samāpayet,23.21,Śrī Govardhana-Vandanā,"govardhano jayati śaila-kulādhirājo
 yo gopikābhir udito hari-dāsa-varyaḥ
 kṛṣṇena śakra-makha-bhaṅga-kṛtārcito yaḥ
 saptāham asya kara-padma-tale 'py avātsīt",Śrī Bṛhad Bhāgavatāmṛtam 1.1.7,govardhanaḥ—to Govardhana Hill; jayati—all glories; śaila—of mountains; kula—of the community; adhirājaḥ—the king; yaḥ—which; gopikābhir—by the gopīs; uditaḥ—proclaimed; hari—of Lord Hari; dāsa—of all the servants; varyaḥ—the best; kṛṣṇena—by Lord Kṛṣṇa; śakra—of Indra; makha—the sacrifice; bhaṅga—breaking; kṛta—done; arcitaḥ—worshipped; yaḥ—which; sāpta—seven; aham—for days; asya—of Him; kara—hand; padma—lotus; tale—on the surface; api—also; avatsit—rested.,"Glory to Govardhana Hill, the king of all mountains including Sumeru, who was given the title hari-dāsa-varyaḥ, the best servant of Hari, by the gopīs, who was worshiped by Śrī Kṛṣṇa after He stopped the Vrajavāsīs' sacrifice to Indra, and who was held in Kṛṣṇa's lotus hand for seven days."
1117, Madhureṇa Samāpayet,23.22,Śrī Govardhana-Praṇāma,"saptāham evācyuta-hasta-paṅkaje
 bhṛṅgāyamānaṁ phala-mūla-kandaraiḥ
 saṁsevyamānaṁ harim ātma-vṛndakair
 govardhanādriṁ śirasā namāmi",Śrī Bṛhad-Bhāgavatāmṛtam,,"I bow my head and offer praṇāma unto Girirāja Govardhana, who rested upon the lotus hand of Acyuta for seven days, who is embellished with the humming of black bees, and who expertly serves Hari and His dearest devotees by providing caves and kuñjas which supply an abundance of varieties of fruits, flowers, and roots for their enjoyment."
1118, Madhureṇa Samāpayet,23.23, Remember Śrī Rādhā-kuṇḍā as granting darśana of Śrī Rādhā-Kṛṣṇa and bestowing sublime rati for Them,"he śrī sarovara sadā tvayi sā mad-īṣā-
 praṣṭhena sārdham iha khelati kāma-raṅgaiḥ
 tvaṁ cet priyāt priyam atīva tayor itīmāṁ
 ha darśayādya kṛpayā mama jīvitaṁ tām",Vilāpa Kusumāñjaliḥ 98,he—O!; śrī-sarovara—beautiful lake; sadā—eternally; tvayi—in you; sā—She; mad—my; īśā—queen; preṣṭhena—Her beloved; sārdham—with; iha—here; khelati—enjoys transcendental pastimes; kāma—of Kāma; raṅgaiḥ—with the bliss; tvam—you; cet—if; priyāt—than the dear; priyam—more dear; atīva—great; tayoḥ—of Them; iti—thus; imam—this; hā—O!; darśaya—please reveal; adya—now; kṛpayā—with mercy; mama—of me; jīvitam—the life; tam—that.,"O Rādhā-kuṇḍa! My mistress is engaging in very secret and beautiful playful pastimes with Her darling Kṛṣṇa in the kuñjas on your banks. You are so near and dear to Them. Therefore I am taking your shelter and pray for your mercy that you will show me my Svāminī, who is my very life and soul."
1119, Madhureṇa Samāpayet,23.24,Śrī Paurṇamāsī-devī Praṇāma,"rādheśa-keli-prabhutā-vinoda-
 vinyāsa-vijñāṁ vraja-vanditāṅghrim
 kṛpālutādyākhila-viśva-vandyāṁ
 śrī-paurṇamāsīṁ śirasā namāmi",Sri paurnamasi devi pranama,,"I bow my head and offer praṇāma unto Śrī Paurṇamāsī-devī, who is completely adept at arranging the most elevated varieties of enjoyment for the master of Śrīmatī Rādhikā; whose lotus feet are worshiped by the Vrajavāsīs; and who, due to possessing the entirety of transcendental qualities starting with kindness, is worshipable to everyone in the entire universe."
1120, Madhureṇa Samāpayet,23.25,Śrī Vraja-vāsi Vandanā,"mudā yatra brahmā tṛn-nikara-gulmādiṣu paraṁ
 sadā kāṅkṣan janmārpita-vividha-karmāpy anudinam
 kramād ye tatraiva vraja-bhuvi vasanti priya-janā
 mayā te te vandyāḥ parama-vinayāt puṇya-khacitāḥ",Śrī Vraja-vilāsa-stava 100,,"Although Brahmā is always very busy carrying out his many weighty duties including creating the material universe, still he longs to take birth in Vṛndāvana as a blade of grass, a shrub, or in any other species. With utmost humility I worship each of the dear devotees who reside in that Vṛndāvana. They are all supremely worshipable and highly pious."
1121, Madhureṇa Samāpayet,23.26,I forever pray to the dust of the lotus feet of the gopīs,"vande nanda-vraja-strīṇāṁ
 pāda-reṇum abhīkṣṇaśaḥ
 yāsāṁ hari-kathodgītaṁ
 punāti bhuvana-trayam",SB 10.47.63,vande—I offer my respects; nanda-vraja—of the cowherd village of Nanda Mahārāja; strīṇām—of the women; pāda—of the feet; reṇum—to the dust; abhīkṣṇaśaḥ—perpetually; yāsām—whose; hari—of Lord Kṛṣṇa; kathā—about the topics; udgītam—loud chanting; punāti—purifies; bhuvana-trayam—the three worlds.,"[Śrī Uddhava prayed:] ""I forever pray to the dust of the lotus feet of the gopīs in Nandagaon. The hari-kathā emanating from their lotus lips in their separation from Kṛṣṇa purifies the entire universe."""
1122, Madhureṇa Samāpayet,23.27,Kṛṣṇa's flute,"parāṁṛṣṭāṅguṣṭha-trayam asita-ratnair ubhayato
 vahantī saṅkīrṇau maṇibhir arunais tat parisarau
 tayor madhye hirojjvala-vimala-jāmbūnada-mayī
 kare kalyāṇīyaṁ viharati hareḥ keli-muralī",Vidagdha-Mādhava 3.1,punaḥ—again; nirūpya—glancing; parāmṛṣṭā—measured; anguṣṭha-trayam—a length of three fingers; asita-ratnaiḥ—with valuable indra-nila jewels; ubhayātaḥ—from both ends; vahantī—having; saṅkīrnau—bedecked; manibhiḥ—by gems; aruṇaih—rubies; tat-parisarau—the two ends of the flute; tayoḥ madhye—betweeen them; hīra—with diamonds; ujjvala—blazing; vimala—pure; jāmbūnada-mayī—covered with gold plate; kare—in the hand; kalyāni—very auspicious; iyam—this; viharati—glitters; hareḥ—of Kṛṣṇa; keli-muralī—the pastime flute.,"The flute of Kṛṣṇa's pastimes measures three fingers in length, and it is bedecked with indra-nīla gems. At the ends of the flute are aruṇa gems (rubies), glittering beautifully, and in between the flute is plated with gold, set ablaze by diamonds. This auspicious flute, pleasing to Kṛṣṇa, is glittering in His hand with transcendental brilliance."
1123, Madhureṇa Samāpayet,23.28,,"gopyaḥ kim ācarad ayaṁ kuśalaṁ sma veṇur
 dāmodarādhara-sudhām api gopikānām
 bhuṅkte svayaṁ yad avaśiṣṭa-rasaṁ hradinyo
 hṛṣyat-tvaco 'śru mumucus taravo yathāryaḥ",Veṇu-Gīta 9 (SB 10.21.9),gopyaḥ—O gopīs; kim—what; ācarat—performed; ayam—this; kuśalam—auspicious activities; sma—certainly; veṇuḥ—the flute; dāmodara—of Kṛṣṇa; adhara-sudhām—the nectar of the lips; api—even; gopikānām—which is owned by the gopīs; bhuṅkte—enjoys; svayam—independently; yat—from which; avaśiṣṭa—remaining; rasam—the taste only; hradinyaḥ—the rivers; hṛṣyat—feeling jubilant; tvacaḥ—whose bodies; aśru—tears; mumucuḥ—shed; taravaḥ—the trees; yathā—exactly like; āryāḥ—old forefathers.,"O dear sakhīs! Although the flute is male, we cannot imagine what sort of sādhana and bhajana he must have performed in his previous births that in our very presence he is drinking the nectar of Dāmodara's lips, which rightfully belongs to us alone. He is not even sparing a drop of that rasa for us. On the pretext of their blossoming lotus flowers, the rivers, which have nourished the flute with their water (rasa), are exhibiting symptoms of ecstatic horripilation. The trees, who are forefathers of the flute, are equal to the best of men. Seeing their descendant filled with such intense love for the Lord, they have become overjoyed, and tears of ecstasy are flowing from their eyes."
1124, Madhureṇa Samāpayet,23.29,Kṛṣṇa's flute melody causes His dearmost vraja-gopīs to release an unprecedented flow of nectar talks instigated by the rapture of prema,"veṇu-nāda-sudhā-vṛṣṭyā
 niṣkramayyokti mādhurīm
 yāsāṁ naḥ pāyayāmāsa
 kṛṣṇas tā eva no gatiḥ",Veṇu-gīta,sudhā-vṛṣṭyā—through the nectarean showers; veṇu-nāda—of the bamboo flute's vibrations; kṛṣṇaḥ—the all-attractive person; pāyayām āsa naḥ—made us drink; mādhurīm—sweetness; niṣkramayya—coming forth; ukti—in the form of utterances; tāḥ—those (gopīs); yāsām—whose (utterances); eva—(are) indeed; naḥ—our; gatiḥ—(lives) objective.,"By the shower of nectar in the form of the melody of His flute, Śrī Kṛṣṇa, who is adept at all kinds of playful pastimes throughout Vraja, has caused His dearmost vraja-gopīs to release an unprecedented flow of loveliness in the form of their words instigated by the rapture of prema. He has thus bestowed upon us the good fortune of drinking the songs of those cowherd maidens, who are our one and only shelter."
1125, Madhureṇa Samāpayet,23.3,"The gopīs, whose hearts are enchanted by anurāga for Śrī Kṛṣṇa, always sing ""O Govinda, Dāmodara, Mādhava""","ulūkhale sambhṛta-taṇḍulāṁś ca
 saṁghaṭṭayanto musalaiḥ pramugdhāḥ
 gāyanti gopyo janitānurāgā
 govinda-dāmodara-mādhaveti (4)","Bilvanamgala Thakura, Govinda Damodara Madhavreti stotram","saṅghaṭṭayantaḥ – as they crushed; sambhṛta-taṇḍulān – the stored rice; musalaiḥ – with their pestles; ca – and; ulūkhale – grinding mortars; pramugdhāḥ – the enchanted; gopyaḥ – gopīs; anurāgāḥ – (in whose hearts) the state of anurāga, in which one always thinks one is beholding Śrī Kṛṣṇa for the first time; janita – was born; gāyanti – sang; iti – thus; govinda-dāmodara-mādhava – O Govinda, Dāmodara, Mādhava.","While threshing their stock of rice with their mortars and pestles, the gopīs, their hearts enchanted by anurāga for Śrī Kṛṣṇa, would sing ""O Govinda, Dāmodara, Mādhava""."
1126, Madhureṇa Samāpayet,23.31,"O my tongue, always call out ""Govinda, Dāmodara, Mādhava""","vicitra-varṇābharaṇābhirāme
 'bhidhehi vaktrāmbuja-rāja-haṁsi
 sadā madīye rasane 'graraṅge
 govinda-dāmodara-mādhaveti (9)","Bilvanamgala Thakura, Govinda Damodara Madhavreti stotram","madīye rasane – O my tongue; rāja-haṁsi – O queen of swans; vaktra-ambuja – with a face like a blossoming lotus; vicitra-varṇa-abharaṇa-abhirāme – O you who delight in decorating yourself with astonishing syllables; agra-raṅge – with your delightful tip; sadā – incessantly; abhidhehi – call out; iti – thus; govinda-dāmodaramādhava – Govinda, Dāmodara, Mādhava.","O my tongue, O queen of swans whose face resembles a blossoming lotus, you always delight in decorating yourself with astonishing syllables. Therefore, with your delightful tip, kindly always call out ""Govinda, Dāmodara, Mādhava""."